customer_id,customer_city,customer_region,signup_date,acquisition_channel
cust_00000,Pune,West,2024-12-21,paid_search
cust_00001,Hyderabad,South,2024-11-14,email
cust_00002,Mumbai,West,2024-02-20,organic
cust_00003,Bhubaneswar,East,2024-03-24,organic
cust_00004,Lucknow,North,2025-02-20,social
cust_00005,Raipur,Central,2025-02-02,social
cust_00006,Pune,West,2025-01-23,paid_search
cust_00007,Mumbai,West,2024-04-19,email
cust_00008,Delhi,North,2024-12-22,email
cust_00009,Chennai,South,2024-02-12,paid_search
cust_00010,Chennai,South,2024-04-10,affiliate
cust_00011,Bhopal,Central,2024-12-15,social
cust_00012,Kolkata,East,2025-03-07,social
cust_00013,Pune,West,2025-04-03,paid_search
cust_00014,Hyderabad,South,2025-11-18,organic
cust_00015,Bengaluru,South,2025-08-20,organic
cust_00016,Bhubaneswar,East,2024-09-22,social
cust_00017,Delhi,North,2025-07-01,social
cust_00018,Mumbai,West,2024-03-07,organic
cust_00019,Bhubaneswar,East,2025-08-23,social
cust_00020,Mumbai,West,2024-09-27,organic
cust_00021,Bengaluru,South,2025-06-16,organic
cust_00022,Raipur,Central,2025-11-10,affiliate
cust_00023,Bhopal,Central,2025-05-07,paid_search
cust_00024,Mumbai,West,2025-10-06,organic
cust_00025,Hyderabad,South,2024-01-08,paid_search
cust_00026,Chennai,South,2024-04-29,paid_search
cust_00027,Delhi,North,2025-03-14,social
cust_00028,Chandigarh,North,2025-01-13,affiliate
cust_00029,Bhubaneswar,East,2024-03-25,paid_search
cust_00030,Mumbai,West,2025-05-17,paid_search
cust_00031,Nagpur,Central,2024-02-11,paid_search
cust_00032,Chennai,South,2025-11-24,paid_search
cust_00033,Bengaluru,South,2024-04-19,organic
cust_00034,Hyderabad,South,2024-11-07,organic
cust_00035,Chennai,South,2025-07-30,email
cust_00036,Lucknow,North,2024-12-25,paid_search
cust_00037,Bengaluru,South,2025-06-04,paid_search
cust_00038,Bengaluru,South,2025-05-07,organic
cust_00039,Guwahati,East,2025-10-26,email
cust_00040,Hyderabad,South,2024-11-20,organic
cust_00041,Mumbai,West,2025-11-16,paid_search
cust_00042,Ahmedabad,West,2024-12-27,email
cust_00043,Bengaluru,South,2025-09-17,paid_search
cust_00044,Pune,West,2025-05-27,affiliate
cust_00045,Mumbai,West,2024-04-03,organic
cust_00046,Chennai,South,2025-03-26,social
cust_00047,Hyderabad,South,2025-09-06,affiliate
cust_00048,Guwahati,East,2024-03-30,paid_search
cust_00049,Lucknow,North,2025-08-10,social
cust_00050,Bengaluru,South,2024-03-14,paid_search
cust_00051,Lucknow,North,2025-09-01,social
cust_00052,Pune,West,2025-07-06,email
cust_00053,Bhubaneswar,East,2024-04-16,social
cust_00054,Ahmedabad,West,2025-05-23,affiliate
cust_00055,Pune,West,2024-03-22,paid_search
cust_00056,Chennai,South,2025-02-01,paid_search
cust_00057,Bhubaneswar,East,2025-10-08,organic
cust_00058,Chandigarh,North,2024-05-24,social
cust_00059,Lucknow,North,2024-05-01,email
cust_00060,Bhubaneswar,East,2024-10-23,social
cust_00061,Chennai,South,2024-09-15,organic
cust_00062,Kolkata,East,2024-02-03,paid_search
cust_00063,Pune,West,2024-11-15,social
cust_00064,Guwahati,East,2024-06-30,affiliate
cust_00065,Bhubaneswar,East,2024-03-28,organic
cust_00066,Kolkata,East,2024-07-12,organic
cust_00067,Chennai,South,2024-01-15,paid_search
cust_00068,Lucknow,North,2025-10-02,organic
cust_00069,Bengaluru,South,2025-11-26,affiliate
cust_00070,Bengaluru,South,2024-09-14,paid_search
cust_00071,Chennai,South,2025-09-05,paid_search
cust_00072,Pune,West,2024-11-18,organic
cust_00073,Bengaluru,South,2025-09-30,paid_search
cust_00074,Lucknow,North,2024-05-01,affiliate
cust_00075,Hyderabad,South,2024-07-18,paid_search
cust_00076,Chennai,South,2025-06-01,organic
cust_00077,Bhubaneswar,East,2024-06-03,organic
cust_00078,Kolkata,East,2025-07-30,affiliate
cust_00079,Ahmedabad,West,2024-10-25,affiliate
cust_00080,Guwahati,East,2024-10-09,organic
cust_00081,Chennai,South,2024-11-13,social
cust_00082,Pune,West,2025-07-12,organic
cust_00083,Lucknow,North,2024-01-04,paid_search
cust_00084,Lucknow,North,2025-06-09,organic
cust_00085,Delhi,North,2025-06-29,email
cust_00086,Ahmedabad,West,2025-07-28,affiliate
cust_00087,Hyderabad,South,2025-11-28,organic
cust_00088,Lucknow,North,2025-07-01,paid_search
cust_00089,Bhubaneswar,East,2025-01-05,organic
cust_00090,Chandigarh,North,2024-11-22,organic
cust_00091,Kolkata,East,2024-09-28,organic
cust_00092,Chennai,South,2025-08-02,organic
cust_00093,Bengaluru,South,2024-10-01,affiliate
cust_00094,Chennai,South,2025-02-04,organic
cust_00095,Kolkata,East,2024-03-08,email
cust_00096,Chennai,South,2024-08-10,organic
cust_00097,Chandigarh,North,2024-07-05,paid_search
cust_00098,Delhi,North,2024-10-31,paid_search
cust_00099,Raipur,Central,2024-12-17,affiliate
cust_00100,Nagpur,Central,2025-05-16,organic
cust_00101,Guwahati,East,2024-10-29,organic
cust_00102,Bengaluru,South,2024-04-15,social
cust_00103,Raipur,Central,2025-01-16,social
cust_00104,Mumbai,West,2024-02-08,social
cust_00105,Pune,West,2025-08-17,organic
cust_00106,Chennai,South,2025-06-23,organic
cust_00107,Chennai,South,2024-06-06,email
cust_00108,Chandigarh,North,2024-07-03,social
cust_00109,Raipur,Central,2024-01-20,social
cust_00110,Bengaluru,South,2024-09-12,organic
cust_00111,Hyderabad,South,2024-01-27,organic
cust_00112,Bengaluru,South,2025-10-17,affiliate
cust_00113,Kolkata,East,2024-04-03,social
cust_00114,Delhi,North,2025-04-06,organic
cust_00115,Ahmedabad,West,2025-02-03,affiliate
cust_00116,Mumbai,West,2024-06-14,paid_search
cust_00117,Pune,West,2025-07-19,organic
cust_00118,Chennai,South,2024-03-17,paid_search
cust_00119,Guwahati,East,2025-09-12,social
cust_00120,Bhubaneswar,East,2025-06-02,paid_search
cust_00121,Guwahati,East,2025-03-20,paid_search
cust_00122,Lucknow,North,2025-09-07,social
cust_00123,Hyderabad,South,2024-10-09,organic
cust_00124,Lucknow,North,2024-07-16,affiliate
cust_00125,Kolkata,East,2024-04-18,paid_search
cust_00126,Chennai,South,2025-10-09,paid_search
cust_00127,Chandigarh,North,2024-10-07,social
cust_00128,Delhi,North,2025-08-03,social
cust_00129,Kolkata,East,2024-08-20,paid_search
cust_00130,Delhi,North,2025-10-30,social
cust_00131,Raipur,Central,2025-09-01,email
cust_00132,Bhubaneswar,East,2024-08-03,email
cust_00133,Bengaluru,South,2024-12-06,email
cust_00134,Guwahati,East,2025-07-09,organic
cust_00135,Lucknow,North,2024-06-07,paid_search
cust_00136,Raipur,Central,2024-01-17,paid_search
cust_00137,Guwahati,East,2024-07-21,organic
cust_00138,Ahmedabad,West,2025-02-17,social
cust_00139,Delhi,North,2024-04-05,organic
cust_00140,Guwahati,East,2024-08-21,organic
cust_00141,Bhubaneswar,East,2025-10-05,organic
cust_00142,Nagpur,Central,2024-02-22,organic
cust_00143,Bhubaneswar,East,2024-02-05,organic
cust_00144,Chennai,South,2024-10-23,social
cust_00145,Chennai,South,2024-01-09,paid_search
cust_00146,Hyderabad,South,2024-01-20,organic
cust_00147,Kolkata,East,2024-05-08,organic
cust_00148,Bengaluru,South,2024-03-12,email
cust_00149,Delhi,North,2025-07-21,organic
cust_00150,Ahmedabad,West,2024-03-26,paid_search
cust_00151,Nagpur,Central,2025-01-01,paid_search
cust_00152,Chandigarh,North,2025-05-08,paid_search
cust_00153,Bhubaneswar,East,2025-03-14,email
cust_00154,Chandigarh,North,2025-04-02,social
cust_00155,Bhubaneswar,East,2024-09-07,affiliate
cust_00156,Bengaluru,South,2025-09-14,email
cust_00157,Kolkata,East,2024-02-18,organic
cust_00158,Ahmedabad,West,2024-03-16,organic
cust_00159,Pune,West,2025-08-22,paid_search
cust_00160,Delhi,North,2024-02-17,paid_search
cust_00161,Nagpur,Central,2024-05-14,paid_search
cust_00162,Chennai,South,2024-05-01,organic
cust_00163,Delhi,North,2024-01-24,organic
cust_00164,Kolkata,East,2024-03-22,paid_search
cust_00165,Hyderabad,South,2025-02-04,social
cust_00166,Mumbai,West,2025-04-07,social
cust_00167,Mumbai,West,2024-02-28,affiliate
cust_00168,Chennai,South,2025-10-21,organic
cust_00169,Nagpur,Central,2024-03-08,paid_search
cust_00170,Hyderabad,South,2025-04-25,affiliate
cust_00171,Guwahati,East,2025-07-14,social
cust_00172,Bengaluru,South,2024-12-30,paid_search
cust_00173,Nagpur,Central,2024-12-10,paid_search
cust_00174,Delhi,North,2024-03-17,organic
cust_00175,Chandigarh,North,2024-06-18,email
cust_00176,Bengaluru,South,2025-08-18,social
cust_00177,Bhopal,Central,2024-09-01,paid_search
cust_00178,Raipur,Central,2024-01-25,paid_search
cust_00179,Mumbai,West,2025-05-25,paid_search
cust_00180,Nagpur,Central,2025-04-23,organic
cust_00181,Bhopal,Central,2024-02-16,social
cust_00182,Guwahati,East,2024-02-05,paid_search
cust_00183,Hyderabad,South,2024-03-22,organic
cust_00184,Pune,West,2024-02-05,paid_search
cust_00185,Guwahati,East,2025-03-07,affiliate
cust_00186,Chennai,South,2024-04-02,paid_search
cust_00187,Delhi,North,2025-02-28,paid_search
cust_00188,Mumbai,West,2024-05-03,social
cust_00189,Bengaluru,South,2025-11-11,email
cust_00190,Bhopal,Central,2025-05-23,social
cust_00191,Bengaluru,South,2024-09-19,email
cust_00192,Delhi,North,2024-10-27,organic
cust_00193,Pune,West,2024-02-15,affiliate
cust_00194,Delhi,North,2024-02-08,email
cust_00195,Chandigarh,North,2025-01-11,paid_search
cust_00196,Bhubaneswar,East,2024-01-16,social
cust_00197,Raipur,Central,2025-03-22,organic
cust_00198,Chennai,South,2024-09-24,paid_search
cust_00199,Hyderabad,South,2024-04-07,organic
cust_00200,Pune,West,2025-01-09,organic
cust_00201,Bhopal,Central,2025-01-22,affiliate
cust_00202,Bhubaneswar,East,2025-06-06,organic
cust_00203,Chandigarh,North,2024-05-18,paid_search
cust_00204,Chandigarh,North,2025-01-18,organic
cust_00205,Chennai,South,2025-08-14,paid_search
cust_00206,Chandigarh,North,2024-07-07,paid_search
cust_00207,Kolkata,East,2025-08-07,organic
cust_00208,Delhi,North,2025-05-21,social
cust_00209,Guwahati,East,2024-10-27,affiliate
cust_00210,Guwahati,East,2025-09-10,paid_search
cust_00211,Kolkata,East,2025-11-07,affiliate
cust_00212,Hyderabad,South,2024-06-14,social
cust_00213,Ahmedabad,West,2025-11-16,social
cust_00214,Mumbai,West,2024-01-02,organic
cust_00215,Ahmedabad,West,2024-03-31,organic
cust_00216,Chandigarh,North,2024-01-31,email
cust_00217,Lucknow,North,2024-09-14,paid_search
cust_00218,Nagpur,Central,2025-10-17,paid_search
cust_00219,Chennai,South,2025-02-24,email
cust_00220,Bengaluru,South,2025-03-07,organic
cust_00221,Kolkata,East,2024-02-29,email
cust_00222,Bhubaneswar,East,2024-12-27,organic
cust_00223,Raipur,Central,2024-09-24,affiliate
cust_00224,Hyderabad,South,2024-12-01,organic
cust_00225,Raipur,Central,2024-07-01,organic
cust_00226,Chandigarh,North,2024-05-21,social
cust_00227,Bhubaneswar,East,2025-10-28,organic
cust_00228,Bhubaneswar,East,2025-01-25,affiliate
cust_00229,Lucknow,North,2024-10-15,social
cust_00230,Delhi,North,2024-02-21,organic
cust_00231,Bengaluru,South,2025-06-17,organic
cust_00232,Raipur,Central,2024-11-26,affiliate
cust_00233,Bhubaneswar,East,2024-09-27,social
cust_00234,Nagpur,Central,2025-04-11,email
cust_00235,Ahmedabad,West,2024-04-02,organic
cust_00236,Hyderabad,South,2025-01-08,affiliate
cust_00237,Mumbai,West,2025-08-27,paid_search
cust_00238,Chandigarh,North,2024-11-20,social
cust_00239,Chandigarh,North,2024-01-01,paid_search
cust_00240,Ahmedabad,West,2024-06-09,organic
cust_00241,Ahmedabad,West,2024-02-09,affiliate
cust_00242,Chennai,South,2024-12-16,affiliate
cust_00243,Guwahati,East,2024-09-12,paid_search
cust_00244,Bhubaneswar,East,2024-04-02,affiliate
cust_00245,Ahmedabad,West,2025-04-25,organic
cust_00246,Bhubaneswar,East,2024-05-03,organic
cust_00247,Chennai,South,2024-08-27,organic
cust_00248,Chennai,South,2025-11-22,paid_search
cust_00249,Hyderabad,South,2024-02-16,organic
cust_00250,Bhubaneswar,East,2024-06-22,paid_search
cust_00251,Mumbai,West,2024-08-10,organic
cust_00252,Bengaluru,South,2024-12-22,social
cust_00253,Chennai,South,2024-06-20,email
cust_00254,Hyderabad,South,2025-11-10,social
cust_00255,Pune,West,2024-01-04,organic
cust_00256,Pune,West,2025-10-25,social
cust_00257,Lucknow,North,2025-01-09,organic
cust_00258,Chandigarh,North,2024-01-27,social
cust_00259,Guwahati,East,2024-03-22,paid_search
cust_00260,Chandigarh,North,2024-03-13,paid_search
cust_00261,Ahmedabad,West,2024-07-20,organic
cust_00262,Hyderabad,South,2024-08-21,email
cust_00263,Chandigarh,North,2025-03-24,affiliate
cust_00264,Bhopal,Central,2024-08-05,social
cust_00265,Chandigarh,North,2025-05-22,affiliate
cust_00266,Bengaluru,South,2024-07-24,affiliate
cust_00267,Chandigarh,North,2024-07-03,organic
cust_00268,Delhi,North,2024-07-11,social
cust_00269,Chandigarh,North,2024-08-18,paid_search
cust_00270,Chandigarh,North,2025-08-09,paid_search
cust_00271,Delhi,North,2024-06-21,organic
cust_00272,Delhi,North,2024-07-10,affiliate
cust_00273,Bhubaneswar,East,2025-10-31,social
cust_00274,Kolkata,East,2025-04-02,organic
cust_00275,Hyderabad,South,2024-05-13,paid_search
cust_00276,Hyderabad,South,2025-08-30,paid_search
cust_00277,Guwahati,East,2024-05-08,social
cust_00278,Bhopal,Central,2024-04-23,affiliate
cust_00279,Ahmedabad,West,2024-11-07,organic
cust_00280,Chandigarh,North,2025-04-28,paid_search
cust_00281,Chennai,South,2024-05-12,paid_search
cust_00282,Bengaluru,South,2025-06-11,paid_search
cust_00283,Chennai,South,2024-04-19,paid_search
cust_00284,Guwahati,East,2025-07-01,organic
cust_00285,Bengaluru,South,2024-03-08,organic
cust_00286,Delhi,North,2024-11-21,paid_search
cust_00287,Chennai,South,2025-03-24,email
cust_00288,Bhubaneswar,East,2024-07-04,paid_search
cust_00289,Chandigarh,North,2025-03-04,organic
cust_00290,Pune,West,2025-04-27,social
cust_00291,Delhi,North,2025-03-31,affiliate
cust_00292,Bhopal,Central,2024-10-04,paid_search
cust_00293,Delhi,North,2025-06-25,organic
cust_00294,Mumbai,West,2025-05-27,social
cust_00295,Raipur,Central,2024-08-16,paid_search
cust_00296,Raipur,Central,2025-05-28,social
cust_00297,Pune,West,2025-10-04,organic
cust_00298,Mumbai,West,2025-07-25,organic
cust_00299,Bhubaneswar,East,2025-05-28,paid_search
cust_00300,Ahmedabad,West,2025-06-20,social
cust_00301,Delhi,North,2025-07-17,paid_search
cust_00302,Bhubaneswar,East,2024-07-21,organic
cust_00303,Bhubaneswar,East,2025-05-19,paid_search
cust_00304,Mumbai,West,2024-05-19,social
cust_00305,Chennai,South,2024-09-07,organic
cust_00306,Chennai,South,2025-10-16,social
cust_00307,Bhubaneswar,East,2024-07-17,social
cust_00308,Hyderabad,South,2025-08-13,paid_search
cust_00309,Chandigarh,North,2024-10-22,affiliate
cust_00310,Bengaluru,South,2024-05-26,email
cust_00311,Bengaluru,South,2024-03-08,organic
cust_00312,Chennai,South,2025-01-18,organic
cust_00313,Hyderabad,South,2024-11-11,organic
cust_00314,Bengaluru,South,2024-12-23,organic
cust_00315,Bengaluru,South,2024-01-31,paid_search
cust_00316,Hyderabad,South,2024-07-06,email
cust_00317,Bhubaneswar,East,2024-01-03,email
cust_00318,Bengaluru,South,2024-07-30,organic
cust_00319,Bhopal,Central,2025-10-14,paid_search
cust_00320,Nagpur,Central,2024-04-16,organic
cust_00321,Bhubaneswar,East,2025-04-27,paid_search
cust_00322,Chennai,South,2024-01-05,organic
cust_00323,Kolkata,East,2025-01-28,affiliate
cust_00324,Pune,West,2025-10-06,email
cust_00325,Guwahati,East,2024-08-26,organic
cust_00326,Mumbai,West,2024-05-18,social
cust_00327,Bhubaneswar,East,2025-02-03,paid_search
cust_00328,Kolkata,East,2024-07-14,email
cust_00329,Chennai,South,2025-09-16,paid_search
cust_00330,Mumbai,West,2025-08-17,organic
cust_00331,Bengaluru,South,2025-04-01,social
cust_00332,Guwahati,East,2025-03-23,organic
cust_00333,Mumbai,West,2025-02-25,paid_search
cust_00334,Lucknow,North,2025-05-29,organic
cust_00335,Bhubaneswar,East,2024-11-18,social
cust_00336,Chandigarh,North,2025-11-09,email
cust_00337,Pune,West,2024-08-29,organic
cust_00338,Chandigarh,North,2024-01-07,paid_search
cust_00339,Nagpur,Central,2025-05-03,social
cust_00340,Lucknow,North,2025-04-08,organic
cust_00341,Raipur,Central,2025-11-17,paid_search
cust_00342,Mumbai,West,2024-10-03,social
cust_00343,Guwahati,East,2024-10-24,paid_search
cust_00344,Mumbai,West,2025-01-28,email
cust_00345,Ahmedabad,West,2024-10-01,paid_search
cust_00346,Bhopal,Central,2025-07-03,social
cust_00347,Bengaluru,South,2024-10-26,organic
cust_00348,Guwahati,East,2025-07-02,organic
cust_00349,Lucknow,North,2024-10-24,organic
cust_00350,Kolkata,East,2024-06-06,email
cust_00351,Chandigarh,North,2025-11-24,email
cust_00352,Bhubaneswar,East,2025-01-03,email
cust_00353,Bhubaneswar,East,2025-05-09,organic
cust_00354,Chennai,South,2025-02-17,paid_search
cust_00355,Guwahati,East,2024-09-08,email
cust_00356,Ahmedabad,West,2025-11-11,social
cust_00357,Pune,West,2024-09-17,organic
cust_00358,Guwahati,East,2025-11-26,email
cust_00359,Guwahati,East,2024-10-28,organic
cust_00360,Bhopal,Central,2024-01-16,organic
cust_00361,Lucknow,North,2024-01-26,email
cust_00362,Lucknow,North,2025-11-12,paid_search
cust_00363,Delhi,North,2025-01-04,paid_search
cust_00364,Guwahati,East,2024-09-28,paid_search
cust_00365,Hyderabad,South,2025-07-21,affiliate
cust_00366,Pune,West,2025-03-08,organic
cust_00367,Bhubaneswar,East,2025-04-07,social
cust_00368,Chennai,South,2025-04-24,organic
cust_00369,Raipur,Central,2024-05-18,organic
cust_00370,Ahmedabad,West,2024-03-02,paid_search
cust_00371,Hyderabad,South,2025-05-24,paid_search
cust_00372,Chennai,South,2024-01-16,organic
cust_00373,Bengaluru,South,2025-05-18,paid_search
cust_00374,Lucknow,North,2024-03-31,social
cust_00375,Delhi,North,2024-07-02,paid_search
cust_00376,Bhopal,Central,2025-05-10,social
cust_00377,Bengaluru,South,2025-03-12,email
cust_00378,Hyderabad,South,2025-07-01,paid_search
cust_00379,Pune,West,2025-03-03,paid_search
cust_00380,Kolkata,East,2024-02-03,paid_search
cust_00381,Bhopal,Central,2025-08-10,paid_search
cust_00382,Pune,West,2024-05-31,organic
cust_00383,Hyderabad,South,2024-04-05,organic
cust_00384,Hyderabad,South,2025-09-06,organic
cust_00385,Nagpur,Central,2024-05-16,paid_search
cust_00386,Pune,West,2025-01-10,affiliate
cust_00387,Raipur,Central,2024-12-06,paid_search
cust_00388,Lucknow,North,2025-06-22,paid_search
cust_00389,Mumbai,West,2024-01-31,paid_search
cust_00390,Guwahati,East,2024-03-15,social
cust_00391,Chandigarh,North,2024-10-17,paid_search
cust_00392,Guwahati,East,2024-11-27,paid_search
cust_00393,Kolkata,East,2025-07-05,social
cust_00394,Delhi,North,2025-02-28,organic
cust_00395,Hyderabad,South,2024-04-14,paid_search
cust_00396,Ahmedabad,West,2025-11-16,paid_search
cust_00397,Bengaluru,South,2024-11-17,social
cust_00398,Hyderabad,South,2025-11-06,affiliate
cust_00399,Bengaluru,South,2025-11-23,email
cust_00400,Hyderabad,South,2024-02-06,paid_search
cust_00401,Bhopal,Central,2024-12-20,organic
cust_00402,Mumbai,West,2024-10-22,paid_search
cust_00403,Lucknow,North,2024-12-14,email
cust_00404,Raipur,Central,2024-08-04,affiliate
cust_00405,Bhopal,Central,2025-01-26,email
cust_00406,Bengaluru,South,2024-12-10,organic
cust_00407,Pune,West,2024-05-10,social
cust_00408,Delhi,North,2024-07-20,email
cust_00409,Raipur,Central,2024-04-13,social
cust_00410,Guwahati,East,2025-08-13,social
cust_00411,Guwahati,East,2025-04-19,paid_search
cust_00412,Delhi,North,2024-09-28,social
cust_00413,Bhopal,Central,2024-10-04,organic
cust_00414,Lucknow,North,2024-02-25,organic
cust_00415,Bengaluru,South,2024-07-21,email
cust_00416,Chandigarh,North,2025-10-09,affiliate
cust_00417,Pune,West,2024-01-22,email
cust_00418,Hyderabad,South,2024-04-12,organic
cust_00419,Bhopal,Central,2025-08-15,organic
cust_00420,Guwahati,East,2024-12-30,organic
cust_00421,Lucknow,North,2024-01-23,email
cust_00422,Delhi,North,2024-12-08,social
cust_00423,Chandigarh,North,2025-06-08,affiliate
cust_00424,Kolkata,East,2024-08-29,paid_search
cust_00425,Pune,West,2024-09-24,paid_search
cust_00426,Bengaluru,South,2025-03-17,email
cust_00427,Mumbai,West,2025-02-23,organic
cust_00428,Chandigarh,North,2025-09-24,affiliate
cust_00429,Pune,West,2024-06-22,paid_search
cust_00430,Bhopal,Central,2024-07-12,organic
cust_00431,Mumbai,West,2024-04-18,organic
cust_00432,Kolkata,East,2025-04-10,email
cust_00433,Ahmedabad,West,2025-01-08,social
cust_00434,Chandigarh,North,2024-08-30,social
cust_00435,Bengaluru,South,2025-05-01,email
cust_00436,Delhi,North,2024-09-20,paid_search
cust_00437,Guwahati,East,2024-05-16,email
cust_00438,Mumbai,West,2025-01-12,affiliate
cust_00439,Guwahati,East,2024-11-01,organic
cust_00440,Pune,West,2024-10-10,social
cust_00441,Delhi,North,2024-11-07,organic
cust_00442,Mumbai,West,2025-10-01,organic
cust_00443,Bengaluru,South,2024-05-31,paid_search
cust_00444,Hyderabad,South,2024-07-12,email
cust_00445,Pune,West,2025-01-30,organic
cust_00446,Nagpur,Central,2024-02-02,paid_search
cust_00447,Kolkata,East,2024-04-12,social
cust_00448,Lucknow,North,2025-01-31,organic
cust_00449,Kolkata,East,2024-12-22,email
cust_00450,Chandigarh,North,2025-04-01,affiliate
cust_00451,Raipur,Central,2024-03-20,organic
cust_00452,Ahmedabad,West,2025-08-20,organic
cust_00453,Chandigarh,North,2024-12-05,affiliate
cust_00454,Lucknow,North,2024-04-18,organic
cust_00455,Bengaluru,South,2024-08-06,organic
cust_00456,Raipur,Central,2024-06-08,affiliate
cust_00457,Chennai,South,2024-11-12,email
cust_00458,Pune,West,2024-11-24,social
cust_00459,Kolkata,East,2024-10-30,paid_search
cust_00460,Guwahati,East,2024-11-18,email
cust_00461,Lucknow,North,2025-09-27,social
cust_00462,Raipur,Central,2025-11-02,social
cust_00463,Bengaluru,South,2024-12-08,email
cust_00464,Bhubaneswar,East,2025-11-05,social
cust_00465,Guwahati,East,2025-07-26,paid_search
cust_00466,Bhubaneswar,East,2025-07-27,paid_search
cust_00467,Raipur,Central,2024-06-06,paid_search
cust_00468,Lucknow,North,2024-11-02,paid_search
cust_00469,Kolkata,East,2024-09-03,paid_search
cust_00470,Chennai,South,2024-03-08,paid_search
cust_00471,Bengaluru,South,2024-02-22,email
cust_00472,Chandigarh,North,2025-03-11,paid_search
cust_00473,Chandigarh,North,2024-10-21,organic
cust_00474,Hyderabad,South,2025-08-01,organic
cust_00475,Hyderabad,South,2025-04-13,organic
cust_00476,Chennai,South,2024-02-29,email
cust_00477,Bhubaneswar,East,2025-08-09,paid_search
cust_00478,Bhubaneswar,East,2024-12-13,organic
cust_00479,Chennai,South,2025-01-31,email
cust_00480,Chennai,South,2025-11-06,organic
cust_00481,Hyderabad,South,2025-03-24,organic
cust_00482,Guwahati,East,2024-01-16,email
cust_00483,Hyderabad,South,2024-05-04,paid_search
cust_00484,Delhi,North,2024-10-25,social
cust_00485,Chennai,South,2024-01-27,email
cust_00486,Chennai,South,2024-04-27,affiliate
cust_00487,Chennai,South,2025-07-08,organic
cust_00488,Bhubaneswar,East,2024-04-09,email
cust_00489,Guwahati,East,2024-04-26,social
cust_00490,Pune,West,2024-12-19,organic
cust_00491,Kolkata,East,2024-03-04,affiliate
cust_00492,Bhubaneswar,East,2024-06-27,paid_search
cust_00493,Hyderabad,South,2025-10-18,email
cust_00494,Mumbai,West,2025-03-18,social
cust_00495,Kolkata,East,2025-11-05,paid_search
cust_00496,Hyderabad,South,2024-09-04,organic
cust_00497,Kolkata,East,2025-03-07,email
cust_00498,Chennai,South,2024-06-15,paid_search
cust_00499,Guwahati,East,2024-09-22,organic
cust_00500,Mumbai,West,2024-05-02,organic
cust_00501,Nagpur,Central,2025-08-06,social
cust_00502,Bhopal,Central,2024-05-08,organic
cust_00503,Kolkata,East,2024-05-23,paid_search
cust_00504,Kolkata,East,2024-11-20,social
cust_00505,Mumbai,West,2024-10-27,organic
cust_00506,Chennai,South,2024-08-07,paid_search
cust_00507,Pune,West,2024-09-06,organic
cust_00508,Kolkata,East,2024-07-25,affiliate
cust_00509,Lucknow,North,2025-09-30,email
cust_00510,Lucknow,North,2025-02-10,organic
cust_00511,Mumbai,West,2025-10-05,paid_search
cust_00512,Lucknow,North,2025-11-21,paid_search
cust_00513,Bengaluru,South,2025-03-31,affiliate
cust_00514,Chennai,South,2025-07-31,paid_search
cust_00515,Chandigarh,North,2024-03-18,paid_search
cust_00516,Chennai,South,2025-10-26,affiliate
cust_00517,Ahmedabad,West,2024-12-03,organic
cust_00518,Lucknow,North,2025-05-14,paid_search
cust_00519,Mumbai,West,2024-06-20,organic
cust_00520,Pune,West,2024-03-07,social
cust_00521,Hyderabad,South,2025-09-11,paid_search
cust_00522,Lucknow,North,2024-11-10,affiliate
cust_00523,Guwahati,East,2024-04-06,paid_search
cust_00524,Chandigarh,North,2025-04-05,organic
cust_00525,Bengaluru,South,2024-02-08,email
cust_00526,Nagpur,Central,2024-11-11,email
cust_00527,Raipur,Central,2025-05-08,social
cust_00528,Ahmedabad,West,2025-05-19,social
cust_00529,Hyderabad,South,2024-11-13,organic
cust_00530,Guwahati,East,2024-09-15,social
cust_00531,Pune,West,2025-08-09,organic
cust_00532,Bengaluru,South,2024-05-09,organic
cust_00533,Bhubaneswar,East,2024-02-22,affiliate
cust_00534,Chandigarh,North,2024-04-19,social
cust_00535,Hyderabad,South,2025-07-14,organic
cust_00536,Bhubaneswar,East,2024-11-24,organic
cust_00537,Lucknow,North,2024-01-27,affiliate
cust_00538,Delhi,North,2024-04-28,organic
cust_00539,Ahmedabad,West,2024-01-20,organic
cust_00540,Nagpur,Central,2025-07-24,organic
cust_00541,Guwahati,East,2024-11-18,organic
cust_00542,Pune,West,2024-02-17,organic
cust_00543,Nagpur,Central,2024-06-03,affiliate
cust_00544,Delhi,North,2025-03-07,paid_search
cust_00545,Hyderabad,South,2025-02-19,paid_search
cust_00546,Hyderabad,South,2025-07-27,social
cust_00547,Lucknow,North,2024-01-19,paid_search
cust_00548,Mumbai,West,2024-02-18,social
cust_00549,Bengaluru,South,2024-01-25,social
cust_00550,Hyderabad,South,2024-10-02,social
cust_00551,Delhi,North,2025-05-24,social
cust_00552,Chennai,South,2025-04-09,email
cust_00553,Nagpur,Central,2024-05-27,social
cust_00554,Lucknow,North,2025-04-05,email
cust_00555,Hyderabad,South,2025-04-04,organic
cust_00556,Hyderabad,South,2024-05-13,social
cust_00557,Kolkata,East,2025-06-08,social
cust_00558,Bhubaneswar,East,2024-10-22,organic
cust_00559,Guwahati,East,2024-02-11,email
cust_00560,Lucknow,North,2024-09-30,organic
cust_00561,Bengaluru,South,2025-06-22,organic
cust_00562,Ahmedabad,West,2025-05-02,email
cust_00563,Bhubaneswar,East,2024-07-06,organic
cust_00564,Kolkata,East,2025-06-13,paid_search
cust_00565,Bhubaneswar,East,2024-09-29,paid_search
cust_00566,Ahmedabad,West,2024-11-18,email
cust_00567,Delhi,North,2024-03-01,paid_search
cust_00568,Bengaluru,South,2025-11-28,social
cust_00569,Guwahati,East,2025-08-10,email
cust_00570,Hyderabad,South,2024-05-16,social
cust_00571,Mumbai,West,2025-01-27,affiliate
cust_00572,Guwahati,East,2025-06-30,email
cust_00573,Ahmedabad,West,2024-12-19,paid_search
cust_00574,Ahmedabad,West,2024-05-27,affiliate
cust_00575,Kolkata,East,2025-11-08,paid_search
cust_00576,Nagpur,Central,2024-07-07,organic
cust_00577,Guwahati,East,2024-08-22,organic
cust_00578,Ahmedabad,West,2024-09-17,social
cust_00579,Chennai,South,2025-09-15,organic
cust_00580,Kolkata,East,2024-12-16,paid_search
cust_00581,Kolkata,East,2025-05-18,paid_search
cust_00582,Delhi,North,2025-09-22,paid_search
cust_00583,Bengaluru,South,2025-10-11,organic
cust_00584,Bhopal,Central,2025-08-22,email
cust_00585,Kolkata,East,2025-09-27,paid_search
cust_00586,Lucknow,North,2025-10-25,organic
cust_00587,Chennai,South,2025-11-24,paid_search
cust_00588,Chennai,South,2025-03-26,paid_search
cust_00589,Lucknow,North,2024-04-02,social
cust_00590,Nagpur,Central,2024-03-20,paid_search
cust_00591,Chennai,South,2025-07-11,organic
cust_00592,Bengaluru,South,2024-08-09,email
cust_00593,Bhubaneswar,East,2025-07-17,paid_search
cust_00594,Delhi,North,2025-10-16,organic
cust_00595,Chennai,South,2025-03-27,social
cust_00596,Ahmedabad,West,2025-06-19,social
cust_00597,Bhubaneswar,East,2024-07-14,social
cust_00598,Bhopal,Central,2024-10-31,paid_search
cust_00599,Guwahati,East,2025-11-06,paid_search
cust_00600,Hyderabad,South,2025-07-25,paid_search
cust_00601,Pune,West,2024-05-23,organic
cust_00602,Bhopal,Central,2025-10-17,organic
cust_00603,Ahmedabad,West,2024-12-15,affiliate
cust_00604,Bhopal,Central,2025-08-13,social
cust_00605,Ahmedabad,West,2024-12-31,paid_search
cust_00606,Mumbai,West,2025-02-26,organic
cust_00607,Chandigarh,North,2024-04-23,social
cust_00608,Ahmedabad,West,2024-08-25,organic
cust_00609,Bengaluru,South,2025-05-20,organic
cust_00610,Kolkata,East,2025-08-12,organic
cust_00611,Kolkata,East,2024-03-03,social
cust_00612,Nagpur,Central,2024-02-23,social
cust_00613,Nagpur,Central,2025-04-30,organic
cust_00614,Bengaluru,South,2024-11-08,organic
cust_00615,Pune,West,2025-08-17,social
cust_00616,Ahmedabad,West,2024-02-17,paid_search
cust_00617,Hyderabad,South,2024-09-01,social
cust_00618,Delhi,North,2024-01-25,organic
cust_00619,Chandigarh,North,2025-05-11,social
cust_00620,Mumbai,West,2025-08-23,affiliate
cust_00621,Bhubaneswar,East,2024-04-19,social
cust_00622,Raipur,Central,2024-08-14,organic
cust_00623,Hyderabad,South,2025-08-15,social
cust_00624,Bhopal,Central,2024-01-30,paid_search
cust_00625,Bengaluru,South,2025-10-28,organic
cust_00626,Ahmedabad,West,2025-09-12,organic
cust_00627,Lucknow,North,2024-04-16,email
cust_00628,Kolkata,East,2024-04-07,paid_search
cust_00629,Mumbai,West,2025-04-29,email
cust_00630,Nagpur,Central,2024-01-08,paid_search
cust_00631,Pune,West,2024-12-20,paid_search
cust_00632,Chandigarh,North,2024-02-16,organic
cust_00633,Hyderabad,South,2025-01-07,social
cust_00634,Lucknow,North,2024-09-02,organic
cust_00635,Lucknow,North,2025-05-09,paid_search
cust_00636,Kolkata,East,2025-09-08,organic
cust_00637,Ahmedabad,West,2024-12-08,paid_search
cust_00638,Ahmedabad,West,2025-03-25,paid_search
cust_00639,Pune,West,2025-02-24,organic
cust_00640,Pune,West,2025-11-20,organic
cust_00641,Ahmedabad,West,2024-06-10,affiliate
cust_00642,Lucknow,North,2024-06-16,organic
cust_00643,Chennai,South,2024-09-21,organic
cust_00644,Kolkata,East,2025-05-30,organic
cust_00645,Pune,West,2025-08-28,paid_search
cust_00646,Lucknow,North,2024-07-13,social
cust_00647,Kolkata,East,2024-03-17,organic
cust_00648,Guwahati,East,2025-03-02,paid_search
cust_00649,Delhi,North,2025-02-22,social
cust_00650,Hyderabad,South,2024-09-19,organic
cust_00651,Nagpur,Central,2024-05-09,affiliate
cust_00652,Kolkata,East,2025-08-17,affiliate
cust_00653,Bengaluru,South,2025-08-15,organic
cust_00654,Mumbai,West,2025-06-07,paid_search
cust_00655,Hyderabad,South,2025-02-09,organic
cust_00656,Pune,West,2024-07-01,organic
cust_00657,Hyderabad,South,2024-10-09,paid_search
cust_00658,Kolkata,East,2024-02-17,paid_search
cust_00659,Hyderabad,South,2024-06-23,paid_search
cust_00660,Hyderabad,South,2024-11-11,organic
cust_00661,Bhopal,Central,2024-11-01,organic
cust_00662,Chennai,South,2024-02-26,affiliate
cust_00663,Lucknow,North,2025-11-01,affiliate
cust_00664,Bengaluru,South,2024-07-06,organic
cust_00665,Mumbai,West,2024-12-22,social
cust_00666,Ahmedabad,West,2024-11-21,paid_search
cust_00667,Nagpur,Central,2024-11-24,social
cust_00668,Bengaluru,South,2025-08-14,paid_search
cust_00669,Hyderabad,South,2025-06-06,email
cust_00670,Lucknow,North,2025-08-30,organic
cust_00671,Kolkata,East,2024-09-22,paid_search
cust_00672,Bhopal,Central,2024-07-04,affiliate
cust_00673,Mumbai,West,2024-10-26,organic
cust_00674,Guwahati,East,2025-01-28,organic
cust_00675,Bengaluru,South,2024-08-23,social
cust_00676,Raipur,Central,2024-11-18,social
cust_00677,Bhubaneswar,East,2024-04-15,social
cust_00678,Chandigarh,North,2025-02-12,social
cust_00679,Hyderabad,South,2025-05-14,social
cust_00680,Lucknow,North,2025-01-04,organic
cust_00681,Bengaluru,South,2025-09-03,social
cust_00682,Delhi,North,2025-11-27,social
cust_00683,Bengaluru,South,2025-09-25,email
cust_00684,Guwahati,East,2024-03-06,organic
cust_00685,Chennai,South,2025-09-08,organic
cust_00686,Bengaluru,South,2024-08-21,email
cust_00687,Bhopal,Central,2024-11-12,organic
cust_00688,Pune,West,2024-10-15,organic
cust_00689,Guwahati,East,2024-07-17,email
cust_00690,Chennai,South,2025-09-06,paid_search
cust_00691,Raipur,Central,2025-03-22,organic
cust_00692,Hyderabad,South,2025-11-07,organic
cust_00693,Hyderabad,South,2025-10-30,organic
cust_00694,Nagpur,Central,2024-10-20,email
cust_00695,Guwahati,East,2025-05-23,paid_search
cust_00696,Ahmedabad,West,2024-12-17,organic
cust_00697,Bhubaneswar,East,2024-12-12,paid_search
cust_00698,Bhubaneswar,East,2025-06-01,organic
cust_00699,Hyderabad,South,2025-04-27,organic
cust_00700,Chennai,South,2025-09-30,organic
cust_00701,Bengaluru,South,2025-06-24,paid_search
cust_00702,Lucknow,North,2025-03-11,organic
cust_00703,Bhopal,Central,2025-10-05,paid_search
cust_00704,Hyderabad,South,2024-03-12,paid_search
cust_00705,Bhubaneswar,East,2025-06-18,paid_search
cust_00706,Pune,West,2024-10-01,organic
cust_00707,Mumbai,West,2024-10-30,organic
cust_00708,Chennai,South,2025-07-01,organic
cust_00709,Hyderabad,South,2024-07-10,paid_search
cust_00710,Bhopal,Central,2025-09-10,social
cust_00711,Guwahati,East,2024-12-15,organic
cust_00712,Ahmedabad,West,2024-09-01,email
cust_00713,Raipur,Central,2024-08-17,social
cust_00714,Pune,West,2024-10-21,organic
cust_00715,Bengaluru,South,2025-10-21,organic
cust_00716,Guwahati,East,2024-03-12,organic
cust_00717,Chandigarh,North,2024-12-21,organic
cust_00718,Bhubaneswar,East,2025-08-07,paid_search
cust_00719,Raipur,Central,2024-11-26,organic
cust_00720,Guwahati,East,2025-01-31,email
cust_00721,Bengaluru,South,2024-08-31,paid_search
cust_00722,Lucknow,North,2024-04-05,social
cust_00723,Nagpur,Central,2025-03-23,social
cust_00724,Lucknow,North,2025-10-05,paid_search
cust_00725,Chandigarh,North,2024-12-30,affiliate
cust_00726,Hyderabad,South,2024-10-29,affiliate
cust_00727,Lucknow,North,2024-03-31,paid_search
cust_00728,Hyderabad,South,2025-10-23,organic
cust_00729,Guwahati,East,2025-08-31,paid_search
cust_00730,Chennai,South,2025-09-23,organic
cust_00731,Delhi,North,2024-09-08,paid_search
cust_00732,Chandigarh,North,2025-03-13,paid_search
cust_00733,Chennai,South,2024-10-29,paid_search
cust_00734,Lucknow,North,2024-06-13,social
cust_00735,Bhubaneswar,East,2024-05-23,organic
cust_00736,Chennai,South,2024-09-25,paid_search
cust_00737,Bengaluru,South,2025-01-22,organic
cust_00738,Hyderabad,South,2024-03-26,email
cust_00739,Chennai,South,2025-05-06,social
cust_00740,Delhi,North,2024-11-16,organic
cust_00741,Delhi,North,2025-09-08,social
cust_00742,Ahmedabad,West,2024-07-14,organic
cust_00743,Delhi,North,2024-02-06,social
cust_00744,Bhubaneswar,East,2024-08-06,paid_search
cust_00745,Bhubaneswar,East,2025-11-12,paid_search
cust_00746,Bengaluru,South,2024-08-13,social
cust_00747,Bengaluru,South,2025-05-07,email
cust_00748,Ahmedabad,West,2025-08-13,social
cust_00749,Pune,West,2024-07-18,paid_search
cust_00750,Bengaluru,South,2025-03-25,social
cust_00751,Bengaluru,South,2024-05-23,paid_search
cust_00752,Chennai,South,2024-09-10,email
cust_00753,Hyderabad,South,2024-07-26,email
cust_00754,Guwahati,East,2025-04-15,organic
cust_00755,Bengaluru,South,2025-09-05,organic
cust_00756,Hyderabad,South,2024-06-25,organic
cust_00757,Raipur,Central,2024-07-22,organic
cust_00758,Delhi,North,2025-07-28,paid_search
cust_00759,Bengaluru,South,2024-11-19,organic
cust_00760,Ahmedabad,West,2024-12-25,paid_search
cust_00761,Chandigarh,North,2025-05-09,organic
cust_00762,Lucknow,North,2024-04-06,organic
cust_00763,Delhi,North,2025-09-02,social
cust_00764,Bhopal,Central,2024-09-12,paid_search
cust_00765,Delhi,North,2025-04-05,paid_search
cust_00766,Bengaluru,South,2024-10-29,email
cust_00767,Chandigarh,North,2025-06-11,affiliate
cust_00768,Delhi,North,2025-03-04,paid_search
cust_00769,Guwahati,East,2024-05-01,organic
cust_00770,Chennai,South,2024-05-11,organic
cust_00771,Guwahati,East,2025-09-06,affiliate
cust_00772,Bhubaneswar,East,2024-12-29,social
cust_00773,Mumbai,West,2024-07-12,social
cust_00774,Chandigarh,North,2024-04-10,social
cust_00775,Mumbai,West,2024-03-30,organic
cust_00776,Guwahati,East,2025-10-05,paid_search
cust_00777,Lucknow,North,2025-11-14,email
cust_00778,Mumbai,West,2024-10-02,email
cust_00779,Pune,West,2024-05-21,organic
cust_00780,Chennai,South,2024-10-20,paid_search
cust_00781,Bhopal,Central,2024-04-05,organic
cust_00782,Bengaluru,South,2025-01-19,affiliate
cust_00783,Guwahati,East,2025-03-14,organic
cust_00784,Bhopal,Central,2025-11-20,social
cust_00785,Chennai,South,2024-08-11,organic
cust_00786,Mumbai,West,2024-05-18,social
cust_00787,Chennai,South,2024-04-03,social
cust_00788,Mumbai,West,2024-09-21,organic
cust_00789,Bhubaneswar,East,2025-02-24,email
cust_00790,Chennai,South,2024-02-16,email
cust_00791,Chennai,South,2025-06-15,email
cust_00792,Chennai,South,2024-11-18,organic
cust_00793,Delhi,North,2025-07-09,social
cust_00794,Chandigarh,North,2024-11-20,paid_search
cust_00795,Hyderabad,South,2024-04-18,paid_search
cust_00796,Chandigarh,North,2024-01-16,paid_search
cust_00797,Delhi,North,2025-01-24,social
cust_00798,Ahmedabad,West,2025-01-12,organic
cust_00799,Ahmedabad,West,2025-07-23,paid_search
cust_00800,Ahmedabad,West,2025-09-06,organic
cust_00801,Hyderabad,South,2024-04-22,organic
cust_00802,Raipur,Central,2024-08-08,organic
cust_00803,Guwahati,East,2024-05-25,organic
cust_00804,Chandigarh,North,2024-03-15,email
cust_00805,Delhi,North,2024-01-02,paid_search
cust_00806,Bhubaneswar,East,2024-02-27,organic
cust_00807,Delhi,North,2025-01-02,email
cust_00808,Guwahati,East,2024-04-16,email
cust_00809,Nagpur,Central,2024-05-16,email
cust_00810,Lucknow,North,2024-03-23,email
cust_00811,Chandigarh,North,2025-05-21,affiliate
cust_00812,Nagpur,Central,2025-03-20,paid_search
cust_00813,Guwahati,East,2025-11-04,affiliate
cust_00814,Chandigarh,North,2024-03-19,affiliate
cust_00815,Nagpur,Central,2024-05-26,organic
cust_00816,Nagpur,Central,2024-11-14,email
cust_00817,Guwahati,East,2025-03-30,email
cust_00818,Guwahati,East,2024-04-01,social
cust_00819,Bengaluru,South,2024-05-28,email
cust_00820,Chandigarh,North,2024-10-22,paid_search
cust_00821,Bhubaneswar,East,2024-01-13,paid_search
cust_00822,Chennai,South,2024-10-03,social
cust_00823,Kolkata,East,2025-06-14,social
cust_00824,Ahmedabad,West,2025-01-03,email
cust_00825,Lucknow,North,2024-10-30,email
cust_00826,Kolkata,East,2024-12-07,social
cust_00827,Bengaluru,South,2025-10-24,affiliate
cust_00828,Nagpur,Central,2024-12-30,organic
cust_00829,Bengaluru,South,2025-01-09,affiliate
cust_00830,Guwahati,East,2025-10-13,organic
cust_00831,Guwahati,East,2024-04-20,paid_search
cust_00832,Hyderabad,South,2024-03-08,organic
cust_00833,Bhubaneswar,East,2024-11-10,paid_search
cust_00834,Ahmedabad,West,2024-08-11,paid_search
cust_00835,Kolkata,East,2024-05-22,organic
cust_00836,Mumbai,West,2024-03-24,social
cust_00837,Bhopal,Central,2025-09-06,social
cust_00838,Hyderabad,South,2025-03-06,organic
cust_00839,Bhubaneswar,East,2025-04-28,social
cust_00840,Delhi,North,2024-03-23,organic
cust_00841,Mumbai,West,2024-08-26,organic
cust_00842,Bhubaneswar,East,2025-03-10,organic
cust_00843,Bengaluru,South,2025-01-04,paid_search
cust_00844,Chandigarh,North,2025-05-01,social
cust_00845,Nagpur,Central,2025-04-13,paid_search
cust_00846,Bengaluru,South,2024-10-16,email
cust_00847,Kolkata,East,2025-07-02,paid_search
cust_00848,Chandigarh,North,2024-06-30,email
cust_00849,Nagpur,Central,2024-02-26,affiliate
cust_00850,Delhi,North,2025-10-01,paid_search
cust_00851,Chennai,South,2024-01-16,organic
cust_00852,Pune,West,2024-07-17,organic
cust_00853,Bhopal,Central,2024-03-21,paid_search
cust_00854,Chennai,South,2024-06-11,paid_search
cust_00855,Bengaluru,South,2024-10-03,organic
cust_00856,Mumbai,West,2024-03-31,email
cust_00857,Bhopal,Central,2024-11-22,affiliate
cust_00858,Bengaluru,South,2025-10-11,organic
cust_00859,Kolkata,East,2024-04-05,organic
cust_00860,Ahmedabad,West,2025-10-10,organic
cust_00861,Mumbai,West,2024-10-14,paid_search
cust_00862,Ahmedabad,West,2025-02-18,email
cust_00863,Guwahati,East,2024-11-05,paid_search
cust_00864,Lucknow,North,2024-08-09,organic
cust_00865,Raipur,Central,2024-03-17,paid_search
cust_00866,Mumbai,West,2025-02-19,organic
cust_00867,Pune,West,2025-10-03,paid_search
cust_00868,Lucknow,North,2024-12-30,paid_search
cust_00869,Chennai,South,2025-02-23,social
cust_00870,Mumbai,West,2025-03-26,paid_search
cust_00871,Chandigarh,North,2024-09-28,email
cust_00872,Raipur,Central,2024-03-25,organic
cust_00873,Hyderabad,South,2024-12-20,social
cust_00874,Pune,West,2025-08-31,organic
cust_00875,Bhopal,Central,2024-08-07,organic
cust_00876,Bengaluru,South,2025-09-02,email
cust_00877,Bengaluru,South,2025-08-21,social
cust_00878,Bhubaneswar,East,2024-06-20,organic
cust_00879,Kolkata,East,2025-02-06,paid_search
cust_00880,Chennai,South,2025-06-07,social
cust_00881,Kolkata,East,2024-12-12,affiliate
cust_00882,Bhopal,Central,2025-05-04,social
cust_00883,Bengaluru,South,2025-09-29,organic
cust_00884,Bengaluru,South,2025-03-15,paid_search
cust_00885,Hyderabad,South,2025-08-09,organic
cust_00886,Hyderabad,South,2025-07-14,organic
cust_00887,Lucknow,North,2025-07-22,paid_search
cust_00888,Chandigarh,North,2025-08-19,social
cust_00889,Kolkata,East,2024-06-06,organic
cust_00890,Hyderabad,South,2024-01-13,email
cust_00891,Nagpur,Central,2024-04-17,social
cust_00892,Hyderabad,South,2024-06-23,social
cust_00893,Chandigarh,North,2025-04-28,organic
cust_00894,Pune,West,2024-12-22,paid_search
cust_00895,Nagpur,Central,2024-11-24,organic
cust_00896,Bengaluru,South,2024-01-07,organic
cust_00897,Chennai,South,2025-04-23,organic
cust_00898,Hyderabad,South,2024-09-11,organic
cust_00899,Kolkata,East,2025-06-16,organic
cust_00900,Bengaluru,South,2024-03-19,organic
cust_00901,Hyderabad,South,2024-07-25,email
cust_00902,Chandigarh,North,2024-02-08,email
cust_00903,Guwahati,East,2024-07-18,paid_search
cust_00904,Nagpur,Central,2025-10-08,affiliate
cust_00905,Bhubaneswar,East,2024-12-09,organic
cust_00906,Guwahati,East,2024-11-03,paid_search
cust_00907,Chandigarh,North,2024-07-10,email
cust_00908,Bengaluru,South,2024-07-04,paid_search
cust_00909,Chennai,South,2025-04-12,organic
cust_00910,Mumbai,West,2025-11-20,paid_search
cust_00911,Nagpur,Central,2025-06-06,paid_search
cust_00912,Raipur,Central,2025-05-30,social
cust_00913,Bhopal,Central,2024-11-26,paid_search
cust_00914,Raipur,Central,2024-03-10,paid_search
cust_00915,Nagpur,Central,2025-05-21,organic
cust_00916,Delhi,North,2025-07-20,paid_search
cust_00917,Delhi,North,2024-12-23,organic
cust_00918,Hyderabad,South,2024-03-05,email
cust_00919,Guwahati,East,2025-05-14,social
cust_00920,Lucknow,North,2025-10-06,paid_search
cust_00921,Pune,West,2024-06-06,social
cust_00922,Bhubaneswar,East,2024-04-21,organic
cust_00923,Bhubaneswar,East,2025-06-01,paid_search
cust_00924,Chandigarh,North,2024-08-20,paid_search
cust_00925,Bengaluru,South,2025-05-15,paid_search
cust_00926,Delhi,North,2025-05-07,social
cust_00927,Ahmedabad,West,2024-07-05,affiliate
cust_00928,Bhubaneswar,East,2024-01-30,paid_search
cust_00929,Mumbai,West,2025-01-24,paid_search
cust_00930,Hyderabad,South,2024-10-12,social
cust_00931,Bengaluru,South,2025-08-21,organic
cust_00932,Chennai,South,2024-09-07,organic
cust_00933,Mumbai,West,2024-06-23,affiliate
cust_00934,Pune,West,2025-08-25,email
cust_00935,Chennai,South,2025-05-30,affiliate
cust_00936,Raipur,Central,2025-03-08,organic
cust_00937,Lucknow,North,2025-10-29,organic
cust_00938,Raipur,Central,2025-07-02,paid_search
cust_00939,Delhi,North,2025-08-29,affiliate
cust_00940,Bengaluru,South,2025-07-13,organic
cust_00941,Ahmedabad,West,2024-10-08,organic
cust_00942,Lucknow,North,2024-02-13,organic
cust_00943,Bengaluru,South,2025-03-01,social
cust_00944,Bengaluru,South,2025-06-19,email
cust_00945,Chennai,South,2025-11-25,social
cust_00946,Mumbai,West,2025-04-22,organic
cust_00947,Mumbai,West,2025-02-01,social
cust_00948,Raipur,Central,2025-02-07,paid_search
cust_00949,Chennai,South,2024-03-21,organic
cust_00950,Kolkata,East,2024-01-06,organic
cust_00951,Chennai,South,2024-02-01,paid_search
cust_00952,Chennai,South,2025-09-25,organic
cust_00953,Chandigarh,North,2025-07-07,affiliate
cust_00954,Raipur,Central,2024-07-01,paid_search
cust_00955,Bhopal,Central,2024-10-23,paid_search
cust_00956,Pune,West,2024-12-04,social
cust_00957,Guwahati,East,2024-06-21,social
cust_00958,Bhubaneswar,East,2024-10-22,organic
cust_00959,Guwahati,East,2024-08-31,social
cust_00960,Bhubaneswar,East,2025-05-01,organic
cust_00961,Chennai,South,2025-06-14,paid_search
cust_00962,Lucknow,North,2024-03-09,social
cust_00963,Chandigarh,North,2024-11-21,paid_search
cust_00964,Raipur,Central,2025-11-24,paid_search
cust_00965,Guwahati,East,2025-08-30,organic
cust_00966,Raipur,Central,2025-07-09,paid_search
cust_00967,Delhi,North,2025-05-29,organic
cust_00968,Bhubaneswar,East,2024-01-04,email
cust_00969,Hyderabad,South,2025-11-12,paid_search
cust_00970,Chennai,South,2025-05-29,email
cust_00971,Delhi,North,2025-09-13,paid_search
cust_00972,Delhi,North,2025-09-28,email
cust_00973,Raipur,Central,2024-06-27,organic
cust_00974,Bengaluru,South,2024-01-10,organic
cust_00975,Kolkata,East,2025-04-06,organic
cust_00976,Hyderabad,South,2024-11-17,organic
cust_00977,Bengaluru,South,2024-01-15,email
cust_00978,Guwahati,East,2024-07-08,social
cust_00979,Chennai,South,2025-11-24,social
cust_00980,Raipur,Central,2024-09-11,paid_search
cust_00981,Pune,West,2024-07-01,paid_search
cust_00982,Ahmedabad,West,2025-04-03,social
cust_00983,Hyderabad,South,2025-04-10,email
cust_00984,Delhi,North,2024-08-20,paid_search
cust_00985,Raipur,Central,2025-08-17,social
cust_00986,Hyderabad,South,2025-02-10,organic
cust_00987,Delhi,North,2024-04-22,affiliate
cust_00988,Bengaluru,South,2024-08-15,organic
cust_00989,Mumbai,West,2025-08-16,paid_search
cust_00990,Kolkata,East,2024-03-03,email
cust_00991,Pune,West,2024-01-09,organic
cust_00992,Ahmedabad,West,2025-04-04,organic
cust_00993,Chennai,South,2024-11-05,paid_search
cust_00994,Bhopal,Central,2024-06-25,paid_search
cust_00995,Chennai,South,2024-11-26,affiliate
cust_00996,Kolkata,East,2024-05-08,email
cust_00997,Lucknow,North,2024-09-18,paid_search
cust_00998,Bhopal,Central,2024-06-12,affiliate
cust_00999,Hyderabad,South,2025-02-14,social
cust_01000,Chandigarh,North,2025-04-16,email
cust_01001,Bengaluru,South,2025-10-02,organic
cust_01002,Lucknow,North,2024-02-17,paid_search
cust_01003,Chandigarh,North,2024-08-16,organic
cust_01004,Guwahati,East,2024-07-04,organic
cust_01005,Chennai,South,2025-02-09,social
cust_01006,Raipur,Central,2025-01-08,organic
cust_01007,Chennai,South,2025-09-06,paid_search
cust_01008,Mumbai,West,2025-10-05,social
cust_01009,Bengaluru,South,2025-06-25,organic
cust_01010,Bhubaneswar,East,2024-05-19,paid_search
cust_01011,Bhubaneswar,East,2024-01-29,social
cust_01012,Hyderabad,South,2025-09-21,email
cust_01013,Nagpur,Central,2025-10-21,organic
cust_01014,Hyderabad,South,2024-06-24,affiliate
cust_01015,Delhi,North,2024-02-02,email
cust_01016,Bhubaneswar,East,2025-04-21,social
cust_01017,Ahmedabad,West,2025-02-16,paid_search
cust_01018,Delhi,North,2025-09-14,social
cust_01019,Bengaluru,South,2025-02-06,email
cust_01020,Raipur,Central,2025-06-16,organic
cust_01021,Pune,West,2025-07-04,affiliate
cust_01022,Raipur,Central,2024-01-07,email
cust_01023,Bhubaneswar,East,2024-04-13,paid_search
cust_01024,Guwahati,East,2025-06-30,social
cust_01025,Hyderabad,South,2024-05-05,paid_search
cust_01026,Raipur,Central,2024-05-24,social
cust_01027,Bengaluru,South,2025-06-10,email
cust_01028,Pune,West,2024-05-23,organic
cust_01029,Bengaluru,South,2024-04-14,organic
cust_01030,Kolkata,East,2024-01-10,organic
cust_01031,Mumbai,West,2024-11-24,email
cust_01032,Bhubaneswar,East,2025-03-21,paid_search
cust_01033,Nagpur,Central,2025-05-27,email
cust_01034,Hyderabad,South,2025-09-25,paid_search
cust_01035,Kolkata,East,2025-03-31,organic
cust_01036,Chennai,South,2025-06-13,email
cust_01037,Hyderabad,South,2024-05-27,paid_search
cust_01038,Hyderabad,South,2024-08-26,paid_search
cust_01039,Delhi,North,2024-07-31,organic
cust_01040,Lucknow,North,2024-02-15,organic
cust_01041,Kolkata,East,2025-11-09,organic
cust_01042,Bhubaneswar,East,2024-06-17,paid_search
cust_01043,Bhubaneswar,East,2024-11-10,social
cust_01044,Lucknow,North,2024-09-06,organic
cust_01045,Hyderabad,South,2024-02-01,organic
cust_01046,Hyderabad,South,2025-09-24,organic
cust_01047,Ahmedabad,West,2024-06-02,paid_search
cust_01048,Pune,West,2024-03-11,affiliate
cust_01049,Hyderabad,South,2024-08-27,paid_search
cust_01050,Kolkata,East,2024-04-10,organic
cust_01051,Chandigarh,North,2025-11-30,paid_search
cust_01052,Bengaluru,South,2024-05-12,email
cust_01053,Lucknow,North,2024-07-30,email
cust_01054,Hyderabad,South,2024-07-08,email
cust_01055,Guwahati,East,2024-01-19,affiliate
cust_01056,Raipur,Central,2024-01-10,social
cust_01057,Bengaluru,South,2024-12-25,affiliate
cust_01058,Guwahati,East,2024-06-11,organic
cust_01059,Pune,West,2024-02-28,email
cust_01060,Raipur,Central,2024-07-22,email
cust_01061,Guwahati,East,2024-07-10,email
cust_01062,Chennai,South,2024-10-23,paid_search
cust_01063,Kolkata,East,2025-11-25,email
cust_01064,Chennai,South,2024-08-02,organic
cust_01065,Nagpur,Central,2025-05-08,social
cust_01066,Hyderabad,South,2025-06-21,paid_search
cust_01067,Bhubaneswar,East,2024-02-05,paid_search
cust_01068,Chandigarh,North,2024-12-16,social
cust_01069,Chennai,South,2024-11-10,paid_search
cust_01070,Bhopal,Central,2024-12-21,organic
cust_01071,Kolkata,East,2024-04-30,organic
cust_01072,Bengaluru,South,2024-11-21,social
cust_01073,Nagpur,Central,2024-03-27,social
cust_01074,Pune,West,2025-10-24,social
cust_01075,Hyderabad,South,2025-02-14,organic
cust_01076,Guwahati,East,2024-01-25,email
cust_01077,Kolkata,East,2024-12-19,social
cust_01078,Kolkata,East,2025-10-10,organic
cust_01079,Chennai,South,2025-06-04,organic
cust_01080,Hyderabad,South,2024-07-10,paid_search
cust_01081,Bhopal,Central,2025-09-16,paid_search
cust_01082,Bhopal,Central,2024-05-09,organic
cust_01083,Mumbai,West,2024-06-21,organic
cust_01084,Nagpur,Central,2024-04-18,organic
cust_01085,Ahmedabad,West,2025-10-08,organic
cust_01086,Ahmedabad,West,2025-05-16,organic
cust_01087,Pune,West,2024-12-28,email
cust_01088,Kolkata,East,2025-04-12,paid_search
cust_01089,Chennai,South,2024-06-30,paid_search
cust_01090,Chennai,South,2024-02-19,social
cust_01091,Kolkata,East,2025-08-15,paid_search
cust_01092,Hyderabad,South,2025-11-05,organic
cust_01093,Hyderabad,South,2024-01-25,organic
cust_01094,Kolkata,East,2024-02-06,organic
cust_01095,Bengaluru,South,2025-01-26,paid_search
cust_01096,Bengaluru,South,2024-01-31,paid_search
cust_01097,Ahmedabad,West,2025-05-20,paid_search
cust_01098,Pune,West,2025-10-23,paid_search
cust_01099,Delhi,North,2024-07-14,affiliate
cust_01100,Delhi,North,2024-07-25,organic
cust_01101,Bengaluru,South,2025-08-27,paid_search
cust_01102,Pune,West,2024-09-06,paid_search
cust_01103,Ahmedabad,West,2024-06-17,social
cust_01104,Delhi,North,2024-02-28,social
cust_01105,Mumbai,West,2025-08-10,social
cust_01106,Chandigarh,North,2025-10-10,organic
cust_01107,Hyderabad,South,2024-02-24,paid_search
cust_01108,Nagpur,Central,2025-07-16,email
cust_01109,Bengaluru,South,2024-04-21,paid_search
cust_01110,Delhi,North,2024-04-07,affiliate
cust_01111,Hyderabad,South,2024-09-23,paid_search
cust_01112,Guwahati,East,2024-11-01,paid_search
cust_01113,Raipur,Central,2025-08-20,paid_search
cust_01114,Nagpur,Central,2025-05-04,paid_search
cust_01115,Lucknow,North,2024-04-11,email
cust_01116,Chandigarh,North,2025-02-12,organic
cust_01117,Mumbai,West,2025-09-04,paid_search
cust_01118,Chennai,South,2025-04-08,social
cust_01119,Raipur,Central,2024-06-09,email
cust_01120,Bhubaneswar,East,2024-03-31,social
cust_01121,Lucknow,North,2024-11-12,affiliate
cust_01122,Ahmedabad,West,2024-11-26,email
cust_01123,Delhi,North,2024-09-03,paid_search
cust_01124,Bengaluru,South,2024-03-17,email
cust_01125,Kolkata,East,2024-03-23,affiliate
cust_01126,Guwahati,East,2025-01-05,organic
cust_01127,Guwahati,East,2025-10-23,social
cust_01128,Kolkata,East,2025-02-22,organic
cust_01129,Bhopal,Central,2024-11-02,social
cust_01130,Nagpur,Central,2025-10-13,organic
cust_01131,Bhubaneswar,East,2025-04-28,social
cust_01132,Lucknow,North,2025-05-17,paid_search
cust_01133,Ahmedabad,West,2025-02-06,paid_search
cust_01134,Bhopal,Central,2025-06-18,organic
cust_01135,Bengaluru,South,2024-12-17,social
cust_01136,Chennai,South,2025-03-11,paid_search
cust_01137,Chennai,South,2025-03-07,social
cust_01138,Lucknow,North,2025-06-10,organic
cust_01139,Bhubaneswar,East,2025-09-20,organic
cust_01140,Chennai,South,2024-07-24,paid_search
cust_01141,Mumbai,West,2025-05-04,affiliate
cust_01142,Mumbai,West,2024-01-23,organic
cust_01143,Ahmedabad,West,2025-01-07,social
cust_01144,Hyderabad,South,2025-09-21,organic
cust_01145,Bengaluru,South,2025-03-27,social
cust_01146,Ahmedabad,West,2024-07-06,organic
cust_01147,Pune,West,2025-02-28,paid_search
cust_01148,Bhubaneswar,East,2024-09-07,paid_search
cust_01149,Raipur,Central,2024-10-30,organic
cust_01150,Lucknow,North,2024-06-08,paid_search
cust_01151,Bhopal,Central,2025-03-13,paid_search
cust_01152,Delhi,North,2024-05-18,paid_search
cust_01153,Lucknow,North,2024-11-06,affiliate
cust_01154,Guwahati,East,2025-10-19,paid_search
cust_01155,Delhi,North,2025-06-14,email
cust_01156,Lucknow,North,2024-10-17,paid_search
cust_01157,Chandigarh,North,2025-11-09,organic
cust_01158,Chennai,South,2024-01-10,organic
cust_01159,Mumbai,West,2025-11-02,paid_search
cust_01160,Lucknow,North,2024-09-03,organic
cust_01161,Guwahati,East,2025-07-28,email
cust_01162,Pune,West,2025-10-25,social
cust_01163,Lucknow,North,2025-02-25,paid_search
cust_01164,Lucknow,North,2025-03-03,paid_search
cust_01165,Ahmedabad,West,2025-06-08,paid_search
cust_01166,Ahmedabad,West,2024-06-16,social
cust_01167,Guwahati,East,2024-05-04,organic
cust_01168,Ahmedabad,West,2024-08-28,organic
cust_01169,Lucknow,North,2024-12-01,organic
cust_01170,Chennai,South,2025-06-04,organic
cust_01171,Ahmedabad,West,2024-06-29,social
cust_01172,Bengaluru,South,2025-01-30,organic
cust_01173,Pune,West,2024-01-03,organic
cust_01174,Bhubaneswar,East,2024-01-22,email
cust_01175,Ahmedabad,West,2025-11-07,affiliate
cust_01176,Bengaluru,South,2025-08-18,paid_search
cust_01177,Chennai,South,2025-08-27,paid_search
cust_01178,Bengaluru,South,2024-08-18,social
cust_01179,Hyderabad,South,2024-12-25,organic
cust_01180,Ahmedabad,West,2025-04-17,paid_search
cust_01181,Delhi,North,2024-06-26,organic
cust_01182,Lucknow,North,2025-06-05,paid_search
cust_01183,Chandigarh,North,2025-04-30,affiliate
cust_01184,Lucknow,North,2024-10-12,social
cust_01185,Ahmedabad,West,2024-10-31,affiliate
cust_01186,Bengaluru,South,2024-08-03,social
cust_01187,Bhopal,Central,2025-07-16,social
cust_01188,Chandigarh,North,2025-11-21,social
cust_01189,Kolkata,East,2025-11-30,social
cust_01190,Bengaluru,South,2025-06-23,paid_search
cust_01191,Hyderabad,South,2024-09-01,organic
cust_01192,Raipur,Central,2025-06-30,paid_search
cust_01193,Nagpur,Central,2024-06-20,organic
cust_01194,Bhopal,Central,2025-09-19,paid_search
cust_01195,Bengaluru,South,2024-07-06,organic
cust_01196,Hyderabad,South,2024-10-09,paid_search
cust_01197,Kolkata,East,2024-03-06,organic
cust_01198,Bengaluru,South,2024-02-26,organic
cust_01199,Pune,West,2024-10-02,paid_search
cust_01200,Bhubaneswar,East,2025-01-20,organic
cust_01201,Bhubaneswar,East,2024-01-13,affiliate
cust_01202,Pune,West,2025-08-15,paid_search
cust_01203,Ahmedabad,West,2024-03-21,paid_search
cust_01204,Chandigarh,North,2025-11-29,organic
cust_01205,Lucknow,North,2024-07-09,email
cust_01206,Bhubaneswar,East,2024-09-22,social
cust_01207,Bhubaneswar,East,2024-04-21,paid_search
cust_01208,Chennai,South,2025-07-31,organic
cust_01209,Hyderabad,South,2025-05-27,social
cust_01210,Ahmedabad,West,2024-02-24,affiliate
cust_01211,Mumbai,West,2024-03-14,paid_search
cust_01212,Guwahati,East,2025-03-02,organic
cust_01213,Hyderabad,South,2025-08-29,organic
cust_01214,Hyderabad,South,2024-03-17,organic
cust_01215,Kolkata,East,2024-06-03,social
cust_01216,Hyderabad,South,2025-01-16,affiliate
cust_01217,Kolkata,East,2024-03-17,affiliate
cust_01218,Kolkata,East,2024-08-01,email
cust_01219,Lucknow,North,2024-01-08,organic
cust_01220,Delhi,North,2024-12-15,affiliate
cust_01221,Hyderabad,South,2025-05-15,organic
cust_01222,Nagpur,Central,2024-10-15,organic
cust_01223,Kolkata,East,2024-06-28,social
cust_01224,Delhi,North,2024-10-24,organic
cust_01225,Raipur,Central,2024-12-22,email
cust_01226,Hyderabad,South,2024-04-26,affiliate
cust_01227,Chennai,South,2024-03-19,social
cust_01228,Raipur,Central,2024-05-07,email
cust_01229,Delhi,North,2025-11-20,paid_search
cust_01230,Chennai,South,2025-05-21,organic
cust_01231,Kolkata,East,2024-03-28,email
cust_01232,Chennai,South,2024-07-29,paid_search
cust_01233,Kolkata,East,2024-10-15,email
cust_01234,Chennai,South,2024-05-06,organic
cust_01235,Chandigarh,North,2025-08-19,organic
cust_01236,Chennai,South,2025-10-20,paid_search
cust_01237,Chennai,South,2024-06-20,social
cust_01238,Chandigarh,North,2024-01-12,email
cust_01239,Chandigarh,North,2024-07-05,affiliate
cust_01240,Mumbai,West,2025-02-11,organic
cust_01241,Bengaluru,South,2025-07-19,paid_search
cust_01242,Chennai,South,2024-08-25,organic
cust_01243,Lucknow,North,2024-07-10,organic
cust_01244,Hyderabad,South,2024-06-23,paid_search
cust_01245,Chennai,South,2024-01-03,paid_search
cust_01246,Guwahati,East,2024-01-10,paid_search
cust_01247,Hyderabad,South,2024-10-26,paid_search
cust_01248,Nagpur,Central,2025-03-08,social
cust_01249,Bhopal,Central,2024-01-09,email
cust_01250,Chandigarh,North,2024-05-20,organic
cust_01251,Chandigarh,North,2025-09-28,paid_search
cust_01252,Delhi,North,2025-11-24,social
cust_01253,Guwahati,East,2025-03-25,social
cust_01254,Lucknow,North,2024-12-31,email
cust_01255,Mumbai,West,2025-02-12,organic
cust_01256,Pune,West,2024-09-16,paid_search
cust_01257,Mumbai,West,2024-05-21,email
cust_01258,Kolkata,East,2024-09-20,paid_search
cust_01259,Bhopal,Central,2025-05-04,paid_search
cust_01260,Chandigarh,North,2025-04-08,affiliate
cust_01261,Bengaluru,South,2025-04-19,organic
cust_01262,Bengaluru,South,2025-03-02,social
cust_01263,Nagpur,Central,2024-02-12,email
cust_01264,Bhubaneswar,East,2025-03-14,organic
cust_01265,Mumbai,West,2025-09-08,social
cust_01266,Chandigarh,North,2025-03-30,paid_search
cust_01267,Bhopal,Central,2025-02-09,email
cust_01268,Guwahati,East,2024-06-05,email
cust_01269,Bhubaneswar,East,2025-07-08,email
cust_01270,Raipur,Central,2024-11-12,organic
cust_01271,Bengaluru,South,2024-07-03,social
cust_01272,Hyderabad,South,2024-12-08,affiliate
cust_01273,Bhubaneswar,East,2024-03-26,social
cust_01274,Delhi,North,2025-10-10,social
cust_01275,Hyderabad,South,2025-05-06,organic
cust_01276,Bengaluru,South,2024-08-16,email
cust_01277,Delhi,North,2025-07-09,organic
cust_01278,Ahmedabad,West,2024-02-07,organic
cust_01279,Kolkata,East,2024-09-27,affiliate
cust_01280,Chennai,South,2025-03-31,affiliate
cust_01281,Bengaluru,South,2024-01-17,affiliate
cust_01282,Bengaluru,South,2025-05-11,paid_search
cust_01283,Kolkata,East,2025-07-26,organic
cust_01284,Bhopal,Central,2025-02-19,paid_search
cust_01285,Nagpur,Central,2024-05-24,organic
cust_01286,Chennai,South,2025-06-08,email
cust_01287,Bengaluru,South,2024-08-25,paid_search
cust_01288,Chennai,South,2025-05-30,paid_search
cust_01289,Kolkata,East,2025-03-15,organic
cust_01290,Chennai,South,2024-03-06,paid_search
cust_01291,Guwahati,East,2024-03-10,email
cust_01292,Guwahati,East,2024-01-11,social
cust_01293,Hyderabad,South,2024-02-20,organic
cust_01294,Bengaluru,South,2024-07-28,organic
cust_01295,Bengaluru,South,2024-01-18,paid_search
cust_01296,Lucknow,North,2025-10-18,organic
cust_01297,Delhi,North,2025-10-03,affiliate
cust_01298,Ahmedabad,West,2024-04-30,social
cust_01299,Chennai,South,2024-08-05,organic
cust_01300,Bengaluru,South,2025-06-03,email
cust_01301,Guwahati,East,2025-04-07,paid_search
cust_01302,Pune,West,2025-02-11,organic
cust_01303,Hyderabad,South,2025-11-23,paid_search
cust_01304,Pune,West,2025-03-16,organic
cust_01305,Bhopal,Central,2025-04-13,paid_search
cust_01306,Guwahati,East,2024-12-17,email
cust_01307,Kolkata,East,2025-01-02,affiliate
cust_01308,Chandigarh,North,2024-07-22,paid_search
cust_01309,Nagpur,Central,2024-12-30,social
cust_01310,Hyderabad,South,2025-10-04,organic
cust_01311,Raipur,Central,2024-09-20,paid_search
cust_01312,Bhubaneswar,East,2024-04-03,organic
cust_01313,Lucknow,North,2025-02-23,paid_search
cust_01314,Delhi,North,2025-07-03,organic
cust_01315,Kolkata,East,2025-11-02,affiliate
cust_01316,Guwahati,East,2025-01-14,email
cust_01317,Chandigarh,North,2025-07-05,organic
cust_01318,Pune,West,2024-06-24,social
cust_01319,Mumbai,West,2024-10-23,organic
cust_01320,Kolkata,East,2024-10-20,social
cust_01321,Hyderabad,South,2024-08-20,organic
cust_01322,Lucknow,North,2025-05-16,organic
cust_01323,Ahmedabad,West,2025-09-10,social
cust_01324,Chennai,South,2024-08-16,paid_search
cust_01325,Nagpur,Central,2024-04-05,paid_search
cust_01326,Bengaluru,South,2025-07-31,paid_search
cust_01327,Kolkata,East,2025-08-17,organic
cust_01328,Chennai,South,2025-10-16,organic
cust_01329,Chandigarh,North,2024-06-27,social
cust_01330,Mumbai,West,2025-05-18,social
cust_01331,Bhubaneswar,East,2025-05-15,organic
cust_01332,Bhubaneswar,East,2025-07-07,paid_search
cust_01333,Raipur,Central,2025-07-18,social
cust_01334,Raipur,Central,2025-10-28,social
cust_01335,Pune,West,2024-11-29,email
cust_01336,Chennai,South,2024-02-23,paid_search
cust_01337,Guwahati,East,2024-05-14,paid_search
cust_01338,Raipur,Central,2025-09-12,paid_search
cust_01339,Bengaluru,South,2025-08-14,organic
cust_01340,Lucknow,North,2024-01-08,organic
cust_01341,Mumbai,West,2024-09-14,organic
cust_01342,Bhubaneswar,East,2024-06-20,email
cust_01343,Kolkata,East,2024-08-12,organic
cust_01344,Raipur,Central,2025-03-23,social
cust_01345,Kolkata,East,2024-12-23,paid_search
cust_01346,Hyderabad,South,2024-12-02,paid_search
cust_01347,Bengaluru,South,2024-10-31,email
cust_01348,Bengaluru,South,2025-03-25,social
cust_01349,Chandigarh,North,2025-04-23,organic
cust_01350,Ahmedabad,West,2024-01-31,social
cust_01351,Mumbai,West,2024-04-06,paid_search
cust_01352,Bengaluru,South,2024-08-26,paid_search
cust_01353,Bengaluru,South,2024-10-31,social
cust_01354,Nagpur,Central,2025-11-28,social
cust_01355,Delhi,North,2025-09-16,organic
cust_01356,Guwahati,East,2025-03-30,affiliate
cust_01357,Bengaluru,South,2024-01-26,social
cust_01358,Guwahati,East,2024-03-11,social
cust_01359,Lucknow,North,2024-11-16,organic
cust_01360,Guwahati,East,2025-02-14,organic
cust_01361,Hyderabad,South,2025-04-07,paid_search
cust_01362,Guwahati,East,2024-04-09,social
cust_01363,Delhi,North,2025-09-13,paid_search
cust_01364,Chennai,South,2024-12-11,social
cust_01365,Guwahati,East,2025-02-19,organic
cust_01366,Chennai,South,2024-01-28,social
cust_01367,Lucknow,North,2025-07-31,email
cust_01368,Hyderabad,South,2025-01-15,social
cust_01369,Hyderabad,South,2024-06-04,social
cust_01370,Delhi,North,2024-08-11,email
cust_01371,Nagpur,Central,2024-09-03,organic
cust_01372,Bengaluru,South,2024-01-19,social
cust_01373,Mumbai,West,2025-10-21,affiliate
cust_01374,Bhopal,Central,2025-07-16,paid_search
cust_01375,Chandigarh,North,2025-09-12,organic
cust_01376,Bhubaneswar,East,2024-09-04,affiliate
cust_01377,Raipur,Central,2025-01-25,organic
cust_01378,Guwahati,East,2024-11-16,organic
cust_01379,Hyderabad,South,2024-11-28,organic
cust_01380,Bengaluru,South,2025-02-16,paid_search
cust_01381,Chandigarh,North,2024-11-11,paid_search
cust_01382,Guwahati,East,2025-06-25,paid_search
cust_01383,Bhopal,Central,2024-02-11,affiliate
cust_01384,Nagpur,Central,2024-05-14,paid_search
cust_01385,Lucknow,North,2025-09-16,paid_search
cust_01386,Ahmedabad,West,2025-09-09,email
cust_01387,Hyderabad,South,2025-07-26,email
cust_01388,Nagpur,Central,2024-09-15,organic
cust_01389,Chandigarh,North,2024-11-15,organic
cust_01390,Nagpur,Central,2024-01-18,social
cust_01391,Ahmedabad,West,2024-07-14,email
cust_01392,Chandigarh,North,2025-05-23,paid_search
cust_01393,Chandigarh,North,2024-08-28,organic
cust_01394,Mumbai,West,2024-12-02,social
cust_01395,Chandigarh,North,2024-03-27,social
cust_01396,Kolkata,East,2024-12-13,paid_search
cust_01397,Nagpur,Central,2025-05-20,email
cust_01398,Guwahati,East,2025-02-04,email
cust_01399,Hyderabad,South,2025-01-24,social
cust_01400,Chennai,South,2025-10-02,social
cust_01401,Lucknow,North,2024-06-12,social
cust_01402,Raipur,Central,2024-07-28,paid_search
cust_01403,Chennai,South,2025-03-12,paid_search
cust_01404,Hyderabad,South,2024-12-02,social
cust_01405,Chennai,South,2025-11-16,social
cust_01406,Raipur,Central,2024-02-11,paid_search
cust_01407,Chandigarh,North,2024-03-26,organic
cust_01408,Mumbai,West,2024-08-27,social
cust_01409,Mumbai,West,2024-11-16,social
cust_01410,Ahmedabad,West,2025-09-15,paid_search
cust_01411,Bhopal,Central,2024-12-11,paid_search
cust_01412,Ahmedabad,West,2024-11-02,organic
cust_01413,Bhopal,Central,2024-04-26,affiliate
cust_01414,Chandigarh,North,2024-10-30,email
cust_01415,Pune,West,2025-01-07,paid_search
cust_01416,Bhubaneswar,East,2025-02-12,paid_search
cust_01417,Kolkata,East,2025-02-28,social
cust_01418,Bhopal,Central,2024-10-27,paid_search
cust_01419,Nagpur,Central,2024-04-20,affiliate
cust_01420,Pune,West,2024-04-16,organic
cust_01421,Guwahati,East,2024-04-18,organic
cust_01422,Chennai,South,2025-03-09,paid_search
cust_01423,Bengaluru,South,2025-08-22,organic
cust_01424,Bengaluru,South,2025-09-10,social
cust_01425,Chennai,South,2024-08-05,email
cust_01426,Chandigarh,North,2024-02-25,organic
cust_01427,Lucknow,North,2025-03-17,paid_search
cust_01428,Pune,West,2024-01-27,social
cust_01429,Chennai,South,2025-03-14,email
cust_01430,Bhopal,Central,2024-09-25,paid_search
cust_01431,Kolkata,East,2025-08-10,organic
cust_01432,Lucknow,North,2025-03-13,paid_search
cust_01433,Chandigarh,North,2025-06-01,paid_search
cust_01434,Chennai,South,2024-10-11,social
cust_01435,Nagpur,Central,2025-08-11,paid_search
cust_01436,Bengaluru,South,2025-01-02,organic
cust_01437,Bhubaneswar,East,2025-03-13,social
cust_01438,Nagpur,Central,2024-09-09,paid_search
cust_01439,Bhopal,Central,2024-11-10,organic
cust_01440,Chennai,South,2025-08-11,paid_search
cust_01441,Chandigarh,North,2024-10-02,affiliate
cust_01442,Delhi,North,2024-01-15,social
cust_01443,Chandigarh,North,2024-09-22,organic
cust_01444,Hyderabad,South,2024-10-01,social
cust_01445,Kolkata,East,2024-10-19,organic
cust_01446,Raipur,Central,2024-02-19,paid_search
cust_01447,Bhubaneswar,East,2024-03-31,paid_search
cust_01448,Guwahati,East,2024-08-14,organic
cust_01449,Bengaluru,South,2024-10-23,paid_search
cust_01450,Ahmedabad,West,2024-01-21,affiliate
cust_01451,Bhubaneswar,East,2024-09-29,organic
cust_01452,Ahmedabad,West,2024-08-12,email
cust_01453,Raipur,Central,2024-01-25,social
cust_01454,Bengaluru,South,2024-06-24,paid_search
cust_01455,Delhi,North,2024-07-11,organic
cust_01456,Bengaluru,South,2024-04-10,organic
cust_01457,Chennai,South,2025-06-10,organic
cust_01458,Raipur,Central,2024-02-20,paid_search
cust_01459,Chennai,South,2025-02-08,affiliate
cust_01460,Mumbai,West,2025-04-10,email
cust_01461,Kolkata,East,2025-07-18,organic
cust_01462,Chennai,South,2025-01-16,organic
cust_01463,Hyderabad,South,2025-01-14,organic
cust_01464,Kolkata,East,2025-06-16,affiliate
cust_01465,Bhubaneswar,East,2025-08-20,organic
cust_01466,Chennai,South,2024-05-27,organic
cust_01467,Bengaluru,South,2025-07-11,social
cust_01468,Ahmedabad,West,2024-11-19,paid_search
cust_01469,Lucknow,North,2024-03-09,organic
cust_01470,Nagpur,Central,2025-03-04,social
cust_01471,Hyderabad,South,2025-11-14,organic
cust_01472,Lucknow,North,2024-04-08,organic
cust_01473,Guwahati,East,2024-01-11,organic
cust_01474,Kolkata,East,2025-10-03,paid_search
cust_01475,Kolkata,East,2025-02-21,affiliate
cust_01476,Chennai,South,2024-06-02,paid_search
cust_01477,Bhopal,Central,2025-07-08,social
cust_01478,Kolkata,East,2024-10-02,organic
cust_01479,Chennai,South,2024-08-20,social
cust_01480,Chennai,South,2024-07-21,affiliate
cust_01481,Delhi,North,2025-02-22,paid_search
cust_01482,Kolkata,East,2024-04-04,affiliate
cust_01483,Bengaluru,South,2024-09-10,social
cust_01484,Bhubaneswar,East,2024-08-01,social
cust_01485,Lucknow,North,2024-02-12,organic
cust_01486,Nagpur,Central,2025-06-18,social
cust_01487,Bengaluru,South,2024-01-06,paid_search
cust_01488,Nagpur,Central,2025-11-02,affiliate
cust_01489,Bengaluru,South,2024-03-07,email
cust_01490,Delhi,North,2024-09-07,paid_search
cust_01491,Mumbai,West,2024-03-09,affiliate
cust_01492,Bhubaneswar,East,2024-09-13,email
cust_01493,Pune,West,2025-03-03,paid_search
cust_01494,Chennai,South,2024-03-02,organic
cust_01495,Bhubaneswar,East,2025-01-03,organic
cust_01496,Pune,West,2025-06-24,organic
cust_01497,Guwahati,East,2024-11-14,organic
cust_01498,Hyderabad,South,2024-03-19,affiliate
cust_01499,Kolkata,East,2025-04-29,organic
cust_01500,Guwahati,East,2024-05-10,social
cust_01501,Bhopal,Central,2024-01-12,social
cust_01502,Bengaluru,South,2024-11-01,social
cust_01503,Chennai,South,2024-07-08,organic
cust_01504,Mumbai,West,2024-01-20,paid_search
cust_01505,Bhubaneswar,East,2025-06-28,social
cust_01506,Mumbai,West,2025-02-23,paid_search
cust_01507,Chennai,South,2025-09-28,organic
cust_01508,Hyderabad,South,2024-12-02,social
cust_01509,Ahmedabad,West,2024-11-02,organic
cust_01510,Delhi,North,2025-08-12,paid_search
cust_01511,Chennai,South,2024-02-27,paid_search
cust_01512,Bhubaneswar,East,2024-09-10,organic
cust_01513,Pune,West,2025-07-13,email
cust_01514,Nagpur,Central,2024-07-23,organic
cust_01515,Hyderabad,South,2025-09-11,affiliate
cust_01516,Chandigarh,North,2024-07-17,email
cust_01517,Bhopal,Central,2024-10-16,paid_search
cust_01518,Lucknow,North,2025-09-20,organic
cust_01519,Hyderabad,South,2024-06-19,organic
cust_01520,Bengaluru,South,2025-11-08,email
cust_01521,Bhubaneswar,East,2024-01-31,social
cust_01522,Raipur,Central,2024-07-05,organic
cust_01523,Pune,West,2025-02-17,paid_search
cust_01524,Pune,West,2025-02-19,organic
cust_01525,Lucknow,North,2025-09-28,paid_search
cust_01526,Hyderabad,South,2025-11-02,paid_search
cust_01527,Chennai,South,2025-04-19,organic
cust_01528,Delhi,North,2025-04-06,email
cust_01529,Chennai,South,2024-08-10,organic
cust_01530,Hyderabad,South,2025-07-17,paid_search
cust_01531,Delhi,North,2025-03-26,social
cust_01532,Bhubaneswar,East,2024-01-17,affiliate
cust_01533,Pune,West,2025-08-05,paid_search
cust_01534,Delhi,North,2024-09-08,email
cust_01535,Bhubaneswar,East,2024-11-29,paid_search
cust_01536,Ahmedabad,West,2024-12-06,email
cust_01537,Mumbai,West,2025-07-27,organic
cust_01538,Pune,West,2024-07-06,social
cust_01539,Hyderabad,South,2024-10-01,organic
cust_01540,Mumbai,West,2024-01-28,affiliate
cust_01541,Chennai,South,2024-08-31,affiliate
cust_01542,Bengaluru,South,2024-03-02,paid_search
cust_01543,Chandigarh,North,2025-02-12,paid_search
cust_01544,Chennai,South,2025-09-17,paid_search
cust_01545,Bengaluru,South,2024-11-21,organic
cust_01546,Bengaluru,South,2025-09-30,social
cust_01547,Pune,West,2025-11-14,social
cust_01548,Hyderabad,South,2024-02-07,paid_search
cust_01549,Bengaluru,South,2024-12-27,organic
cust_01550,Lucknow,North,2025-01-04,email
cust_01551,Bengaluru,South,2024-09-26,organic
cust_01552,Chennai,South,2025-08-04,social
cust_01553,Chennai,South,2024-10-03,organic
cust_01554,Chennai,South,2024-02-08,organic
cust_01555,Mumbai,West,2025-01-18,organic
cust_01556,Raipur,Central,2024-05-21,paid_search
cust_01557,Kolkata,East,2024-09-05,social
cust_01558,Guwahati,East,2024-12-17,paid_search
cust_01559,Pune,West,2025-05-21,social
cust_01560,Nagpur,Central,2024-07-13,social
cust_01561,Kolkata,East,2024-09-23,organic
cust_01562,Nagpur,Central,2024-02-17,organic
cust_01563,Raipur,Central,2024-09-25,social
cust_01564,Ahmedabad,West,2025-02-10,social
cust_01565,Hyderabad,South,2025-03-07,paid_search
cust_01566,Delhi,North,2024-07-24,organic
cust_01567,Chandigarh,North,2024-02-12,email
cust_01568,Chennai,South,2025-02-08,organic
cust_01569,Guwahati,East,2025-04-03,social
cust_01570,Hyderabad,South,2024-02-29,organic
cust_01571,Guwahati,East,2024-12-19,social
cust_01572,Kolkata,East,2024-03-07,paid_search
cust_01573,Mumbai,West,2024-11-13,social
cust_01574,Lucknow,North,2025-03-24,organic
cust_01575,Hyderabad,South,2025-05-18,paid_search
cust_01576,Pune,West,2025-05-14,organic
cust_01577,Mumbai,West,2025-06-14,social
cust_01578,Bhopal,Central,2024-06-17,organic
cust_01579,Raipur,Central,2025-08-15,organic
cust_01580,Nagpur,Central,2024-09-01,social
cust_01581,Chennai,South,2024-09-19,organic
cust_01582,Hyderabad,South,2025-07-05,organic
cust_01583,Bengaluru,South,2024-08-16,email
cust_01584,Guwahati,East,2024-02-22,email
cust_01585,Bhopal,Central,2025-05-15,email
cust_01586,Hyderabad,South,2025-04-08,organic
cust_01587,Guwahati,East,2025-02-11,paid_search
cust_01588,Chennai,South,2024-04-10,social
cust_01589,Delhi,North,2025-03-18,organic
cust_01590,Bengaluru,South,2024-05-18,social
cust_01591,Delhi,North,2025-01-23,organic
cust_01592,Raipur,Central,2024-12-21,email
cust_01593,Bengaluru,South,2025-06-24,social
cust_01594,Pune,West,2025-11-14,paid_search
cust_01595,Bhubaneswar,East,2024-05-13,paid_search
cust_01596,Hyderabad,South,2024-03-21,organic
cust_01597,Lucknow,North,2025-01-23,paid_search
cust_01598,Pune,West,2025-10-28,social
cust_01599,Hyderabad,South,2024-04-20,paid_search
cust_01600,Nagpur,Central,2024-12-07,paid_search
cust_01601,Chandigarh,North,2024-10-12,organic
cust_01602,Kolkata,East,2024-08-10,social
cust_01603,Mumbai,West,2025-04-09,paid_search
cust_01604,Chennai,South,2024-07-25,organic
cust_01605,Bengaluru,South,2024-12-11,affiliate
cust_01606,Bhopal,Central,2025-08-14,paid_search
cust_01607,Chennai,South,2024-09-22,paid_search
cust_01608,Chennai,South,2024-01-15,affiliate
cust_01609,Hyderabad,South,2025-09-11,paid_search
cust_01610,Hyderabad,South,2024-07-11,affiliate
cust_01611,Ahmedabad,West,2025-06-24,social
cust_01612,Mumbai,West,2025-06-17,social
cust_01613,Chennai,South,2025-01-03,organic
cust_01614,Ahmedabad,West,2024-03-02,organic
cust_01615,Chennai,South,2025-10-27,paid_search
cust_01616,Chandigarh,North,2025-04-21,organic
cust_01617,Bhubaneswar,East,2024-10-24,organic
cust_01618,Nagpur,Central,2025-08-20,paid_search
cust_01619,Chandigarh,North,2025-07-05,social
cust_01620,Bengaluru,South,2025-06-16,organic
cust_01621,Bhubaneswar,East,2024-04-27,social
cust_01622,Mumbai,West,2025-03-18,affiliate
cust_01623,Lucknow,North,2024-07-19,social
cust_01624,Hyderabad,South,2024-02-24,email
cust_01625,Pune,West,2024-08-24,social
cust_01626,Chennai,South,2024-03-13,organic
cust_01627,Hyderabad,South,2024-03-15,paid_search
cust_01628,Chennai,South,2025-05-23,affiliate
cust_01629,Chennai,South,2024-12-17,social
cust_01630,Bengaluru,South,2024-10-05,email
cust_01631,Mumbai,West,2024-05-14,affiliate
cust_01632,Kolkata,East,2025-06-23,organic
cust_01633,Kolkata,East,2025-03-19,organic
cust_01634,Raipur,Central,2025-02-13,social
cust_01635,Chennai,South,2024-05-13,organic
cust_01636,Hyderabad,South,2024-03-27,paid_search
cust_01637,Nagpur,Central,2024-03-27,email
cust_01638,Hyderabad,South,2024-01-18,social
cust_01639,Pune,West,2025-11-09,organic
cust_01640,Pune,West,2024-09-14,social
cust_01641,Lucknow,North,2025-04-05,organic
cust_01642,Chennai,South,2025-11-18,email
cust_01643,Bengaluru,South,2025-10-17,organic
cust_01644,Chennai,South,2024-08-12,email
cust_01645,Chennai,South,2024-12-08,paid_search
cust_01646,Chennai,South,2024-11-20,paid_search
cust_01647,Ahmedabad,West,2024-01-24,paid_search
cust_01648,Raipur,Central,2025-06-21,organic
cust_01649,Pune,West,2025-02-06,paid_search
cust_01650,Bengaluru,South,2024-09-17,email
cust_01651,Chennai,South,2025-01-25,email
cust_01652,Hyderabad,South,2025-05-29,organic
cust_01653,Delhi,North,2024-01-11,social
cust_01654,Raipur,Central,2025-03-28,email
cust_01655,Chennai,South,2025-08-25,email
cust_01656,Hyderabad,South,2025-05-23,paid_search
cust_01657,Ahmedabad,West,2025-03-09,organic
cust_01658,Hyderabad,South,2024-03-04,affiliate
cust_01659,Lucknow,North,2025-06-05,paid_search
cust_01660,Delhi,North,2025-06-09,paid_search
cust_01661,Bhubaneswar,East,2024-12-11,social
cust_01662,Mumbai,West,2025-02-11,organic
cust_01663,Bengaluru,South,2025-03-08,email
cust_01664,Bhopal,Central,2024-03-25,organic
cust_01665,Ahmedabad,West,2024-06-29,social
cust_01666,Pune,West,2025-07-08,affiliate
cust_01667,Hyderabad,South,2025-11-12,affiliate
cust_01668,Delhi,North,2024-07-08,affiliate
cust_01669,Mumbai,West,2024-10-07,email
cust_01670,Hyderabad,South,2025-10-02,organic
cust_01671,Guwahati,East,2024-04-23,affiliate
cust_01672,Ahmedabad,West,2024-07-01,affiliate
cust_01673,Delhi,North,2024-02-09,paid_search
cust_01674,Pune,West,2024-06-13,paid_search
cust_01675,Bhopal,Central,2025-03-21,organic
cust_01676,Ahmedabad,West,2024-08-31,paid_search
cust_01677,Bengaluru,South,2025-11-19,social
cust_01678,Raipur,Central,2025-09-16,paid_search
cust_01679,Kolkata,East,2025-09-19,paid_search
cust_01680,Mumbai,West,2025-05-23,paid_search
cust_01681,Ahmedabad,West,2025-05-06,organic
cust_01682,Pune,West,2024-12-22,affiliate
cust_01683,Chennai,South,2025-11-24,organic
cust_01684,Chandigarh,North,2024-03-07,organic
cust_01685,Bengaluru,South,2025-05-20,organic
cust_01686,Guwahati,East,2024-04-08,email
cust_01687,Bhubaneswar,East,2024-08-25,email
cust_01688,Kolkata,East,2024-06-27,organic
cust_01689,Chennai,South,2025-02-24,organic
cust_01690,Mumbai,West,2025-07-05,paid_search
cust_01691,Bhopal,Central,2024-02-25,organic
cust_01692,Chennai,South,2025-02-25,social
cust_01693,Mumbai,West,2024-06-04,organic
cust_01694,Kolkata,East,2024-02-23,paid_search
cust_01695,Bhubaneswar,East,2024-10-19,paid_search
cust_01696,Chennai,South,2025-02-10,paid_search
cust_01697,Mumbai,West,2024-05-21,paid_search
cust_01698,Raipur,Central,2024-09-29,organic
cust_01699,Ahmedabad,West,2025-10-29,organic
cust_01700,Bhopal,Central,2024-08-30,organic
cust_01701,Bhopal,Central,2025-11-27,organic
cust_01702,Chennai,South,2025-08-06,affiliate
cust_01703,Guwahati,East,2024-09-16,organic
cust_01704,Bengaluru,South,2025-02-07,organic
cust_01705,Raipur,Central,2025-05-11,organic
cust_01706,Delhi,North,2024-11-21,social
cust_01707,Bengaluru,South,2024-10-12,affiliate
cust_01708,Raipur,Central,2024-08-18,email
cust_01709,Bengaluru,South,2024-04-07,social
cust_01710,Mumbai,West,2024-01-18,email
cust_01711,Hyderabad,South,2024-08-23,paid_search
cust_01712,Nagpur,Central,2025-07-11,email
cust_01713,Nagpur,Central,2024-06-12,email
cust_01714,Hyderabad,South,2024-05-05,organic
cust_01715,Pune,West,2024-08-17,paid_search
cust_01716,Chennai,South,2025-02-23,organic
cust_01717,Kolkata,East,2024-05-30,organic
cust_01718,Bhubaneswar,East,2024-06-03,email
cust_01719,Mumbai,West,2024-03-19,organic
cust_01720,Lucknow,North,2024-08-20,social
cust_01721,Chennai,South,2024-06-01,affiliate
cust_01722,Mumbai,West,2025-08-04,paid_search
cust_01723,Guwahati,East,2025-09-26,paid_search
cust_01724,Kolkata,East,2024-09-16,social
cust_01725,Delhi,North,2024-02-29,email
cust_01726,Hyderabad,South,2024-03-02,organic
cust_01727,Ahmedabad,West,2024-08-15,organic
cust_01728,Lucknow,North,2024-11-20,social
cust_01729,Chennai,South,2025-01-04,affiliate
cust_01730,Raipur,Central,2024-07-31,organic
cust_01731,Delhi,North,2024-09-05,paid_search
cust_01732,Pune,West,2024-07-17,affiliate
cust_01733,Bengaluru,South,2024-12-28,organic
cust_01734,Pune,West,2025-05-02,organic
cust_01735,Mumbai,West,2024-01-31,paid_search
cust_01736,Bhopal,Central,2024-12-01,organic
cust_01737,Chennai,South,2025-03-29,organic
cust_01738,Guwahati,East,2025-04-15,social
cust_01739,Pune,West,2025-01-29,social
cust_01740,Chennai,South,2025-01-02,paid_search
cust_01741,Chennai,South,2025-04-21,paid_search
cust_01742,Chandigarh,North,2024-09-21,paid_search
cust_01743,Bhopal,Central,2025-02-01,social
cust_01744,Pune,West,2024-08-11,email
cust_01745,Guwahati,East,2024-11-02,email
cust_01746,Mumbai,West,2024-03-27,social
cust_01747,Bhubaneswar,East,2024-09-02,email
cust_01748,Hyderabad,South,2024-04-09,email
cust_01749,Chennai,South,2024-06-07,organic
cust_01750,Kolkata,East,2024-10-20,affiliate
cust_01751,Chennai,South,2024-12-16,email
cust_01752,Raipur,Central,2025-10-21,organic
cust_01753,Mumbai,West,2024-01-19,organic
cust_01754,Chennai,South,2025-09-20,social
cust_01755,Guwahati,East,2024-08-17,paid_search
cust_01756,Delhi,North,2025-05-21,social
cust_01757,Nagpur,Central,2025-04-19,paid_search
cust_01758,Raipur,Central,2025-11-10,organic
cust_01759,Nagpur,Central,2024-03-17,organic
cust_01760,Chennai,South,2025-11-08,email
cust_01761,Delhi,North,2024-02-14,organic
cust_01762,Hyderabad,South,2025-09-06,social
cust_01763,Chandigarh,North,2025-04-01,organic
cust_01764,Lucknow,North,2024-12-03,paid_search
cust_01765,Chandigarh,North,2024-10-05,paid_search
cust_01766,Nagpur,Central,2024-03-06,organic
cust_01767,Chandigarh,North,2025-07-15,social
cust_01768,Lucknow,North,2025-05-24,social
cust_01769,Ahmedabad,West,2025-10-18,organic
cust_01770,Kolkata,East,2025-05-26,paid_search
cust_01771,Ahmedabad,West,2025-10-31,social
cust_01772,Guwahati,East,2025-09-12,social
cust_01773,Bhopal,Central,2024-10-24,paid_search
cust_01774,Kolkata,East,2025-05-07,social
cust_01775,Guwahati,East,2024-07-04,organic
cust_01776,Ahmedabad,West,2025-07-10,organic
cust_01777,Chennai,South,2025-03-02,social
cust_01778,Chennai,South,2024-11-04,social
cust_01779,Hyderabad,South,2025-03-15,email
cust_01780,Delhi,North,2024-07-13,organic
cust_01781,Mumbai,West,2025-03-11,paid_search
cust_01782,Hyderabad,South,2024-11-28,social
cust_01783,Delhi,North,2024-08-13,organic
cust_01784,Chennai,South,2025-11-13,paid_search
cust_01785,Pune,West,2024-02-14,social
cust_01786,Chennai,South,2025-06-14,organic
cust_01787,Kolkata,East,2024-05-27,paid_search
cust_01788,Ahmedabad,West,2024-06-04,organic
cust_01789,Lucknow,North,2024-04-18,email
cust_01790,Mumbai,West,2024-03-12,organic
cust_01791,Chennai,South,2024-03-27,organic
cust_01792,Bengaluru,South,2025-08-05,organic
cust_01793,Kolkata,East,2025-10-10,organic
cust_01794,Raipur,Central,2025-02-13,organic
cust_01795,Chennai,South,2024-01-10,social
cust_01796,Bhubaneswar,East,2025-08-28,organic
cust_01797,Hyderabad,South,2025-02-25,organic
cust_01798,Guwahati,East,2024-12-30,organic
cust_01799,Guwahati,East,2025-10-25,paid_search
cust_01800,Guwahati,East,2024-10-13,organic
cust_01801,Bhubaneswar,East,2024-09-09,social
cust_01802,Chandigarh,North,2025-06-29,social
cust_01803,Kolkata,East,2025-01-03,social
cust_01804,Guwahati,East,2025-05-16,organic
cust_01805,Kolkata,East,2025-05-02,email
cust_01806,Lucknow,North,2025-08-10,social
cust_01807,Hyderabad,South,2024-08-10,organic
cust_01808,Bengaluru,South,2024-02-20,paid_search
cust_01809,Lucknow,North,2024-11-30,social
cust_01810,Hyderabad,South,2025-03-29,organic
cust_01811,Chennai,South,2025-07-25,paid_search
cust_01812,Pune,West,2024-07-05,social
cust_01813,Hyderabad,South,2025-06-05,organic
cust_01814,Pune,West,2025-08-05,affiliate
cust_01815,Kolkata,East,2025-07-19,organic
cust_01816,Mumbai,West,2025-07-19,organic
cust_01817,Hyderabad,South,2025-11-22,organic
cust_01818,Bhubaneswar,East,2025-04-07,paid_search
cust_01819,Kolkata,East,2024-09-16,email
cust_01820,Raipur,Central,2024-11-01,email
cust_01821,Kolkata,East,2025-06-06,email
cust_01822,Kolkata,East,2024-06-14,paid_search
cust_01823,Bhubaneswar,East,2025-02-25,paid_search
cust_01824,Mumbai,West,2025-02-04,paid_search
cust_01825,Chandigarh,North,2025-04-11,organic
cust_01826,Guwahati,East,2024-10-21,email
cust_01827,Guwahati,East,2025-06-01,paid_search
cust_01828,Raipur,Central,2024-02-20,paid_search
cust_01829,Kolkata,East,2025-06-08,paid_search
cust_01830,Bengaluru,South,2025-07-22,email
cust_01831,Raipur,Central,2025-09-12,organic
cust_01832,Chennai,South,2025-10-07,social
cust_01833,Hyderabad,South,2024-09-01,social
cust_01834,Bengaluru,South,2024-02-02,email
cust_01835,Lucknow,North,2025-04-02,organic
cust_01836,Chandigarh,North,2024-03-04,organic
cust_01837,Hyderabad,South,2024-07-15,paid_search
cust_01838,Mumbai,West,2025-05-06,email
cust_01839,Pune,West,2025-02-20,affiliate
cust_01840,Lucknow,North,2025-02-28,paid_search
cust_01841,Bhubaneswar,East,2025-06-09,organic
cust_01842,Chandigarh,North,2024-04-25,organic
cust_01843,Bhopal,Central,2025-07-07,social
cust_01844,Lucknow,North,2025-02-14,organic
cust_01845,Kolkata,East,2024-10-21,paid_search
cust_01846,Chennai,South,2024-11-20,email
cust_01847,Guwahati,East,2024-12-22,paid_search
cust_01848,Chennai,South,2025-01-20,paid_search
cust_01849,Pune,West,2024-08-21,organic
cust_01850,Bengaluru,South,2024-06-05,organic
cust_01851,Nagpur,Central,2024-04-28,social
cust_01852,Guwahati,East,2024-08-26,paid_search
cust_01853,Mumbai,West,2024-07-01,organic
cust_01854,Pune,West,2024-12-27,organic
cust_01855,Nagpur,Central,2025-09-30,organic
cust_01856,Bengaluru,South,2024-03-16,social
cust_01857,Hyderabad,South,2024-08-04,social
cust_01858,Chennai,South,2024-02-04,paid_search
cust_01859,Bengaluru,South,2025-11-13,paid_search
cust_01860,Bhubaneswar,East,2025-05-05,organic
cust_01861,Raipur,Central,2024-06-18,paid_search
cust_01862,Raipur,Central,2024-10-16,organic
cust_01863,Bhubaneswar,East,2025-05-21,affiliate
cust_01864,Bhubaneswar,East,2025-11-01,organic
cust_01865,Ahmedabad,West,2025-02-05,paid_search
cust_01866,Bhopal,Central,2024-07-08,organic
cust_01867,Bengaluru,South,2025-05-02,email
cust_01868,Bhubaneswar,East,2025-04-25,organic
cust_01869,Pune,West,2025-03-26,affiliate
cust_01870,Chennai,South,2024-02-02,organic
cust_01871,Bengaluru,South,2025-05-09,email
cust_01872,Raipur,Central,2024-01-14,social
cust_01873,Nagpur,Central,2025-09-25,organic
cust_01874,Raipur,Central,2025-09-09,organic
cust_01875,Ahmedabad,West,2025-01-29,paid_search
cust_01876,Hyderabad,South,2025-03-28,email
cust_01877,Chennai,South,2024-02-17,email
cust_01878,Bhubaneswar,East,2025-09-04,organic
cust_01879,Kolkata,East,2024-07-08,paid_search
cust_01880,Bhubaneswar,East,2024-07-02,organic
cust_01881,Guwahati,East,2025-05-10,organic
cust_01882,Chennai,South,2025-10-19,social
cust_01883,Mumbai,West,2024-12-11,paid_search
cust_01884,Bengaluru,South,2024-12-21,organic
cust_01885,Chennai,South,2025-01-18,email
cust_01886,Chandigarh,North,2024-07-22,social
cust_01887,Hyderabad,South,2025-02-21,social
cust_01888,Ahmedabad,West,2025-11-03,organic
cust_01889,Chennai,South,2024-09-24,email
cust_01890,Chennai,South,2025-06-25,paid_search
cust_01891,Ahmedabad,West,2025-06-25,paid_search
cust_01892,Kolkata,East,2025-08-18,organic
cust_01893,Chandigarh,North,2025-05-21,email
cust_01894,Chennai,South,2025-10-07,paid_search
cust_01895,Lucknow,North,2025-05-15,email
cust_01896,Guwahati,East,2025-11-14,social
cust_01897,Chennai,South,2025-05-15,email
cust_01898,Chandigarh,North,2025-08-08,social
cust_01899,Lucknow,North,2025-09-15,affiliate
cust_01900,Bhubaneswar,East,2025-11-19,organic
cust_01901,Delhi,North,2025-02-20,organic
cust_01902,Mumbai,West,2025-05-12,social
cust_01903,Lucknow,North,2025-11-07,paid_search
cust_01904,Bhubaneswar,East,2024-09-23,paid_search
cust_01905,Bengaluru,South,2024-03-24,social
cust_01906,Hyderabad,South,2025-09-10,paid_search
cust_01907,Lucknow,North,2025-03-18,email
cust_01908,Pune,West,2024-10-26,organic
cust_01909,Bhopal,Central,2025-05-16,email
cust_01910,Lucknow,North,2024-01-23,organic
cust_01911,Delhi,North,2024-11-30,social
cust_01912,Nagpur,Central,2024-07-04,email
cust_01913,Guwahati,East,2024-07-20,organic
cust_01914,Chandigarh,North,2025-11-09,organic
cust_01915,Bengaluru,South,2025-01-20,organic
cust_01916,Kolkata,East,2024-04-08,paid_search
cust_01917,Pune,West,2024-09-12,paid_search
cust_01918,Guwahati,East,2024-06-18,organic
cust_01919,Raipur,Central,2025-09-28,email
cust_01920,Kolkata,East,2024-07-22,organic
cust_01921,Bengaluru,South,2024-09-06,paid_search
cust_01922,Hyderabad,South,2024-08-21,paid_search
cust_01923,Bengaluru,South,2024-05-02,organic
cust_01924,Bengaluru,South,2025-06-30,organic
cust_01925,Chandigarh,North,2025-02-07,affiliate
cust_01926,Chennai,South,2024-11-01,social
cust_01927,Mumbai,West,2024-10-04,organic
cust_01928,Delhi,North,2025-04-11,email
cust_01929,Bengaluru,South,2024-03-08,paid_search
cust_01930,Bhubaneswar,East,2025-10-14,organic
cust_01931,Kolkata,East,2025-01-30,social
cust_01932,Mumbai,West,2024-06-08,paid_search
cust_01933,Pune,West,2025-01-11,organic
cust_01934,Mumbai,West,2025-08-19,email
cust_01935,Delhi,North,2024-05-01,organic
cust_01936,Chennai,South,2025-01-01,organic
cust_01937,Kolkata,East,2025-02-22,organic
cust_01938,Chennai,South,2025-07-21,social
cust_01939,Chandigarh,North,2025-02-01,social
cust_01940,Chennai,South,2025-05-30,email
cust_01941,Chennai,South,2025-06-25,organic
cust_01942,Hyderabad,South,2025-09-15,email
cust_01943,Delhi,North,2024-09-10,paid_search
cust_01944,Mumbai,West,2025-05-07,organic
cust_01945,Bhopal,Central,2024-06-23,organic
cust_01946,Hyderabad,South,2025-08-14,email
cust_01947,Raipur,Central,2025-10-27,organic
cust_01948,Lucknow,North,2024-07-24,social
cust_01949,Nagpur,Central,2025-01-27,paid_search
cust_01950,Nagpur,Central,2025-07-29,organic
cust_01951,Chandigarh,North,2024-01-19,affiliate
cust_01952,Mumbai,West,2025-05-08,email
cust_01953,Nagpur,Central,2025-07-28,paid_search
cust_01954,Nagpur,Central,2025-09-01,social
cust_01955,Bhopal,Central,2024-05-17,paid_search
cust_01956,Guwahati,East,2025-06-14,social
cust_01957,Lucknow,North,2025-07-04,organic
cust_01958,Mumbai,West,2024-01-02,paid_search
cust_01959,Guwahati,East,2025-05-08,organic
cust_01960,Kolkata,East,2025-03-14,paid_search
cust_01961,Hyderabad,South,2025-11-09,paid_search
cust_01962,Guwahati,East,2024-01-31,organic
cust_01963,Delhi,North,2025-11-06,affiliate
cust_01964,Pune,West,2025-02-03,organic
cust_01965,Delhi,North,2024-07-11,organic
cust_01966,Ahmedabad,West,2024-09-28,paid_search
cust_01967,Mumbai,West,2025-06-20,social
cust_01968,Bengaluru,South,2025-11-28,organic
cust_01969,Kolkata,East,2024-08-09,paid_search
cust_01970,Bengaluru,South,2025-11-19,social
cust_01971,Bhopal,Central,2025-03-16,organic
cust_01972,Pune,West,2024-05-14,affiliate
cust_01973,Chennai,South,2025-02-22,organic
cust_01974,Chandigarh,North,2025-07-15,social
cust_01975,Bengaluru,South,2024-02-08,organic
cust_01976,Bengaluru,South,2024-02-25,social
cust_01977,Raipur,Central,2024-01-04,email
cust_01978,Mumbai,West,2025-02-03,organic
cust_01979,Bengaluru,South,2024-02-10,organic
cust_01980,Pune,West,2025-10-14,organic
cust_01981,Bengaluru,South,2024-03-30,organic
cust_01982,Pune,West,2024-02-20,affiliate
cust_01983,Hyderabad,South,2024-06-29,paid_search
cust_01984,Kolkata,East,2025-06-18,social
cust_01985,Raipur,Central,2025-09-26,affiliate
cust_01986,Chennai,South,2024-06-24,email
cust_01987,Bhubaneswar,East,2024-12-29,email
cust_01988,Nagpur,Central,2025-06-25,organic
cust_01989,Chandigarh,North,2025-07-11,organic
cust_01990,Delhi,North,2024-04-17,organic
cust_01991,Kolkata,East,2025-08-09,paid_search
cust_01992,Hyderabad,South,2025-08-30,paid_search
cust_01993,Delhi,North,2025-05-29,organic
cust_01994,Hyderabad,South,2025-01-04,paid_search
cust_01995,Pune,West,2024-09-30,paid_search
cust_01996,Hyderabad,South,2025-09-14,organic
cust_01997,Chennai,South,2025-08-27,organic
cust_01998,Pune,West,2024-12-28,paid_search
cust_01999,Bhubaneswar,East,2025-06-03,paid_search
cust_02000,Pune,West,2024-10-06,social
cust_02001,Bengaluru,South,2025-06-04,social
cust_02002,Nagpur,Central,2024-03-03,organic
cust_02003,Bhubaneswar,East,2025-09-23,organic
cust_02004,Delhi,North,2024-12-26,organic
cust_02005,Raipur,Central,2025-02-23,organic
cust_02006,Bhubaneswar,East,2024-05-12,paid_search
cust_02007,Delhi,North,2025-01-05,affiliate
cust_02008,Lucknow,North,2024-01-03,organic
cust_02009,Kolkata,East,2025-09-15,organic
cust_02010,Chandigarh,North,2025-06-08,social
cust_02011,Chennai,South,2024-11-14,paid_search
cust_02012,Chandigarh,North,2025-08-08,organic
cust_02013,Hyderabad,South,2025-07-22,organic
cust_02014,Hyderabad,South,2024-03-24,affiliate
cust_02015,Bhubaneswar,East,2024-02-07,organic
cust_02016,Hyderabad,South,2024-06-26,social
cust_02017,Lucknow,North,2024-01-01,email
cust_02018,Guwahati,East,2025-02-05,organic
cust_02019,Chennai,South,2025-01-04,social
cust_02020,Kolkata,East,2025-01-11,organic
cust_02021,Delhi,North,2024-02-21,organic
cust_02022,Chandigarh,North,2025-10-04,organic
cust_02023,Chennai,South,2025-11-14,affiliate
cust_02024,Bengaluru,South,2025-02-17,organic
cust_02025,Bengaluru,South,2024-01-04,organic
cust_02026,Ahmedabad,West,2024-10-04,affiliate
cust_02027,Hyderabad,South,2025-05-17,organic
cust_02028,Guwahati,East,2025-06-08,email
cust_02029,Kolkata,East,2024-06-19,social
cust_02030,Delhi,North,2025-07-29,paid_search
cust_02031,Kolkata,East,2025-11-08,social
cust_02032,Hyderabad,South,2024-12-22,social
cust_02033,Chennai,South,2024-09-24,organic
cust_02034,Lucknow,North,2025-01-03,affiliate
cust_02035,Pune,West,2024-01-20,affiliate
cust_02036,Nagpur,Central,2025-01-01,email
cust_02037,Chandigarh,North,2024-01-19,social
cust_02038,Guwahati,East,2024-01-25,paid_search
cust_02039,Pune,West,2025-01-22,paid_search
cust_02040,Chennai,South,2024-12-23,organic
cust_02041,Ahmedabad,West,2025-11-21,paid_search
cust_02042,Bhubaneswar,East,2024-12-21,social
cust_02043,Raipur,Central,2025-11-16,social
cust_02044,Nagpur,Central,2025-07-18,organic
cust_02045,Lucknow,North,2024-08-24,paid_search
cust_02046,Chennai,South,2025-10-10,social
cust_02047,Bhubaneswar,East,2024-12-03,paid_search
cust_02048,Delhi,North,2025-02-20,affiliate
cust_02049,Chennai,South,2024-03-11,social
cust_02050,Bhopal,Central,2024-05-28,organic
cust_02051,Chandigarh,North,2024-12-31,organic
cust_02052,Hyderabad,South,2024-07-08,social
cust_02053,Pune,West,2025-02-23,paid_search
cust_02054,Chennai,South,2024-02-25,email
cust_02055,Bengaluru,South,2024-06-24,organic
cust_02056,Raipur,Central,2025-04-10,organic
cust_02057,Chennai,South,2025-03-04,paid_search
cust_02058,Chandigarh,North,2025-11-19,social
cust_02059,Delhi,North,2025-09-21,affiliate
cust_02060,Bhopal,Central,2025-07-21,email
cust_02061,Bengaluru,South,2024-01-01,paid_search
cust_02062,Guwahati,East,2025-02-25,email
cust_02063,Lucknow,North,2024-06-09,organic
cust_02064,Bengaluru,South,2024-07-05,paid_search
cust_02065,Bhopal,Central,2024-05-26,affiliate
cust_02066,Guwahati,East,2024-11-15,paid_search
cust_02067,Nagpur,Central,2024-03-27,affiliate
cust_02068,Bengaluru,South,2025-01-07,organic
cust_02069,Bhubaneswar,East,2024-04-26,organic
cust_02070,Mumbai,West,2024-12-16,paid_search
cust_02071,Bengaluru,South,2025-03-14,email
cust_02072,Chennai,South,2024-05-05,organic
cust_02073,Ahmedabad,West,2024-03-12,email
cust_02074,Hyderabad,South,2025-07-18,organic
cust_02075,Kolkata,East,2025-05-31,social
cust_02076,Nagpur,Central,2024-07-02,paid_search
cust_02077,Hyderabad,South,2025-09-12,organic
cust_02078,Hyderabad,South,2024-06-03,social
cust_02079,Lucknow,North,2025-10-10,social
cust_02080,Bengaluru,South,2024-03-20,paid_search
cust_02081,Bengaluru,South,2025-04-07,organic
cust_02082,Kolkata,East,2024-01-14,organic
cust_02083,Bengaluru,South,2024-05-18,affiliate
cust_02084,Kolkata,East,2024-10-10,social
cust_02085,Bengaluru,South,2024-02-29,email
cust_02086,Chennai,South,2024-11-15,social
cust_02087,Chennai,South,2024-06-11,email
cust_02088,Pune,West,2024-03-10,organic
cust_02089,Bengaluru,South,2025-11-04,paid_search
cust_02090,Bengaluru,South,2025-11-18,social
cust_02091,Ahmedabad,West,2025-11-04,organic
cust_02092,Bhubaneswar,East,2024-04-17,organic
cust_02093,Bengaluru,South,2024-09-24,social
cust_02094,Raipur,Central,2024-08-17,email
cust_02095,Hyderabad,South,2024-08-16,social
cust_02096,Lucknow,North,2024-10-18,organic
cust_02097,Kolkata,East,2024-12-23,affiliate
cust_02098,Chandigarh,North,2024-12-05,organic
cust_02099,Hyderabad,South,2024-07-23,organic
cust_02100,Ahmedabad,West,2025-11-16,affiliate
cust_02101,Delhi,North,2025-11-16,social
cust_02102,Ahmedabad,West,2024-08-19,affiliate
cust_02103,Nagpur,Central,2024-06-03,email
cust_02104,Bhubaneswar,East,2025-01-07,social
cust_02105,Pune,West,2024-09-15,organic
cust_02106,Ahmedabad,West,2025-11-22,organic
cust_02107,Bhopal,Central,2024-10-27,affiliate
cust_02108,Chennai,South,2024-01-28,email
cust_02109,Lucknow,North,2024-03-28,paid_search
cust_02110,Bhubaneswar,East,2024-02-22,paid_search
cust_02111,Kolkata,East,2024-09-24,organic
cust_02112,Delhi,North,2024-08-09,organic
cust_02113,Bhubaneswar,East,2025-08-22,email
cust_02114,Lucknow,North,2025-09-15,organic
cust_02115,Nagpur,Central,2024-04-08,paid_search
cust_02116,Hyderabad,South,2025-10-23,affiliate
cust_02117,Chandigarh,North,2025-02-12,paid_search
cust_02118,Chandigarh,North,2024-08-02,paid_search
cust_02119,Bengaluru,South,2024-10-11,organic
cust_02120,Chennai,South,2024-11-04,organic
cust_02121,Delhi,North,2024-04-29,organic
cust_02122,Hyderabad,South,2025-08-30,organic
cust_02123,Bengaluru,South,2024-01-09,organic
cust_02124,Hyderabad,South,2024-02-18,organic
cust_02125,Bengaluru,South,2024-07-10,organic
cust_02126,Chennai,South,2024-04-10,organic
cust_02127,Bengaluru,South,2024-02-13,affiliate
cust_02128,Delhi,North,2024-09-25,organic
cust_02129,Lucknow,North,2024-09-20,paid_search
cust_02130,Bengaluru,South,2024-03-28,email
cust_02131,Pune,West,2025-07-21,organic
cust_02132,Raipur,Central,2025-09-09,paid_search
cust_02133,Nagpur,Central,2025-05-18,email
cust_02134,Kolkata,East,2024-12-31,paid_search
cust_02135,Bhubaneswar,East,2025-10-25,organic
cust_02136,Chennai,South,2024-09-02,social
cust_02137,Mumbai,West,2024-10-25,social
cust_02138,Mumbai,West,2024-01-11,paid_search
cust_02139,Pune,West,2025-05-10,organic
cust_02140,Nagpur,Central,2024-03-05,organic
cust_02141,Bengaluru,South,2025-04-10,email
cust_02142,Pune,West,2025-07-01,organic
cust_02143,Pune,West,2024-05-31,organic
cust_02144,Bengaluru,South,2025-03-04,paid_search
cust_02145,Nagpur,Central,2024-07-31,affiliate
cust_02146,Lucknow,North,2024-10-05,organic
cust_02147,Nagpur,Central,2025-01-05,organic
cust_02148,Pune,West,2024-06-23,paid_search
cust_02149,Lucknow,North,2025-07-11,social
cust_02150,Bhubaneswar,East,2024-10-03,paid_search
cust_02151,Delhi,North,2024-11-19,email
cust_02152,Pune,West,2025-07-24,organic
cust_02153,Pune,West,2024-06-08,paid_search
cust_02154,Bhubaneswar,East,2024-11-12,paid_search
cust_02155,Mumbai,West,2025-11-26,paid_search
cust_02156,Delhi,North,2024-10-06,paid_search
cust_02157,Chennai,South,2024-03-21,email
cust_02158,Hyderabad,South,2024-07-18,organic
cust_02159,Lucknow,North,2025-10-31,social
cust_02160,Hyderabad,South,2025-06-15,organic
cust_02161,Bengaluru,South,2025-07-20,paid_search
cust_02162,Chennai,South,2024-06-26,paid_search
cust_02163,Chennai,South,2025-08-10,paid_search
cust_02164,Nagpur,Central,2024-10-02,organic
cust_02165,Chennai,South,2025-07-10,affiliate
cust_02166,Nagpur,Central,2025-09-08,email
cust_02167,Bengaluru,South,2024-05-25,email
cust_02168,Hyderabad,South,2025-10-18,email
cust_02169,Guwahati,East,2025-03-18,organic
cust_02170,Bengaluru,South,2025-05-26,paid_search
cust_02171,Chennai,South,2025-06-13,organic
cust_02172,Bhubaneswar,East,2024-04-27,email
cust_02173,Lucknow,North,2025-06-05,organic
cust_02174,Hyderabad,South,2024-05-29,organic
cust_02175,Bhubaneswar,East,2024-07-09,social
cust_02176,Hyderabad,South,2024-03-22,organic
cust_02177,Ahmedabad,West,2024-05-06,social
cust_02178,Hyderabad,South,2025-11-16,organic
cust_02179,Bhopal,Central,2024-08-17,social
cust_02180,Ahmedabad,West,2024-09-27,email
cust_02181,Nagpur,Central,2024-12-01,social
cust_02182,Mumbai,West,2025-05-14,organic
cust_02183,Lucknow,North,2025-02-05,organic
cust_02184,Guwahati,East,2025-01-10,organic
cust_02185,Chandigarh,North,2025-08-08,organic
cust_02186,Pune,West,2024-12-13,paid_search
cust_02187,Bhubaneswar,East,2025-06-22,paid_search
cust_02188,Bengaluru,South,2025-09-29,organic
cust_02189,Raipur,Central,2025-04-18,organic
cust_02190,Delhi,North,2024-01-25,affiliate
cust_02191,Bhubaneswar,East,2024-07-03,organic
cust_02192,Mumbai,West,2025-03-08,organic
cust_02193,Lucknow,North,2024-12-01,paid_search
cust_02194,Guwahati,East,2024-07-18,organic
cust_02195,Pune,West,2024-08-22,affiliate
cust_02196,Chandigarh,North,2024-02-24,organic
cust_02197,Guwahati,East,2024-06-13,social
cust_02198,Hyderabad,South,2025-07-01,social
cust_02199,Guwahati,East,2024-01-08,email
cust_02200,Delhi,North,2025-08-08,social
cust_02201,Nagpur,Central,2024-08-25,social
cust_02202,Raipur,Central,2025-07-19,paid_search
cust_02203,Bengaluru,South,2024-06-28,paid_search
cust_02204,Hyderabad,South,2025-08-03,social
cust_02205,Kolkata,East,2025-02-04,paid_search
cust_02206,Ahmedabad,West,2025-08-19,paid_search
cust_02207,Chennai,South,2024-02-13,organic
cust_02208,Lucknow,North,2025-07-12,organic
cust_02209,Lucknow,North,2024-07-08,paid_search
cust_02210,Bhopal,Central,2024-09-08,organic
cust_02211,Chennai,South,2024-02-01,paid_search
cust_02212,Raipur,Central,2025-10-29,organic
cust_02213,Kolkata,East,2025-03-24,paid_search
cust_02214,Raipur,Central,2025-11-17,social
cust_02215,Delhi,North,2025-02-01,paid_search
cust_02216,Chandigarh,North,2024-04-20,social
cust_02217,Nagpur,Central,2024-08-24,organic
cust_02218,Raipur,Central,2024-11-03,organic
cust_02219,Hyderabad,South,2024-04-13,social
cust_02220,Chennai,South,2025-10-14,email
cust_02221,Bengaluru,South,2025-11-01,social
cust_02222,Chennai,South,2025-01-29,social
cust_02223,Chennai,South,2025-02-13,social
cust_02224,Raipur,Central,2025-05-07,social
cust_02225,Hyderabad,South,2025-04-20,social
cust_02226,Pune,West,2024-02-13,social
cust_02227,Lucknow,North,2025-01-06,organic
cust_02228,Delhi,North,2025-06-27,organic
cust_02229,Kolkata,East,2025-07-18,paid_search
cust_02230,Bengaluru,South,2025-02-21,paid_search
cust_02231,Guwahati,East,2025-09-19,social
cust_02232,Delhi,North,2025-02-14,organic
cust_02233,Nagpur,Central,2024-09-24,organic
cust_02234,Ahmedabad,West,2024-11-05,email
cust_02235,Raipur,Central,2025-04-28,organic
cust_02236,Lucknow,North,2025-09-12,email
cust_02237,Bengaluru,South,2024-06-09,organic
cust_02238,Chennai,South,2024-07-24,paid_search
cust_02239,Bhubaneswar,East,2025-04-01,paid_search
cust_02240,Hyderabad,South,2025-06-18,organic
cust_02241,Chandigarh,North,2024-10-06,organic
cust_02242,Chennai,South,2025-03-26,organic
cust_02243,Bengaluru,South,2024-01-05,organic
cust_02244,Bengaluru,South,2024-07-23,organic
cust_02245,Chennai,South,2025-10-30,email
cust_02246,Bengaluru,South,2025-02-07,organic
cust_02247,Bhubaneswar,East,2025-08-30,paid_search
cust_02248,Hyderabad,South,2024-06-01,organic
cust_02249,Chennai,South,2024-07-22,affiliate
cust_02250,Bhubaneswar,East,2025-11-13,email
cust_02251,Mumbai,West,2025-11-29,affiliate
cust_02252,Chennai,South,2025-09-05,email
cust_02253,Bhubaneswar,East,2024-08-09,organic
cust_02254,Bhopal,Central,2025-07-15,social
cust_02255,Kolkata,East,2024-11-17,organic
cust_02256,Raipur,Central,2025-08-13,email
cust_02257,Ahmedabad,West,2025-08-18,paid_search
cust_02258,Chandigarh,North,2024-10-31,paid_search
cust_02259,Hyderabad,South,2024-08-01,email
cust_02260,Kolkata,East,2025-11-13,email
cust_02261,Bhopal,Central,2024-11-11,affiliate
cust_02262,Hyderabad,South,2024-10-29,organic
cust_02263,Delhi,North,2025-04-10,organic
cust_02264,Bhubaneswar,East,2025-10-17,organic
cust_02265,Delhi,North,2024-04-01,paid_search
cust_02266,Mumbai,West,2025-11-20,paid_search
cust_02267,Bhubaneswar,East,2024-10-22,organic
cust_02268,Pune,West,2024-01-18,email
cust_02269,Ahmedabad,West,2024-08-04,organic
cust_02270,Guwahati,East,2024-11-19,social
cust_02271,Bhubaneswar,East,2025-04-18,email
cust_02272,Pune,West,2025-01-31,social
cust_02273,Mumbai,West,2024-04-05,paid_search
cust_02274,Mumbai,West,2024-12-07,organic
cust_02275,Delhi,North,2024-06-11,organic
cust_02276,Guwahati,East,2024-07-07,social
cust_02277,Bengaluru,South,2025-05-12,paid_search
cust_02278,Pune,West,2025-07-16,organic
cust_02279,Guwahati,East,2024-04-19,affiliate
cust_02280,Hyderabad,South,2025-02-25,social
cust_02281,Chennai,South,2024-10-22,email
cust_02282,Bengaluru,South,2024-08-23,paid_search
cust_02283,Pune,West,2025-05-14,affiliate
cust_02284,Chennai,South,2024-06-23,organic
cust_02285,Delhi,North,2025-06-19,organic
cust_02286,Raipur,Central,2024-10-07,email
cust_02287,Ahmedabad,West,2024-03-07,email
cust_02288,Bengaluru,South,2025-07-08,paid_search
cust_02289,Bengaluru,South,2025-08-19,organic
cust_02290,Bhopal,Central,2025-01-29,organic
cust_02291,Ahmedabad,West,2025-05-21,social
cust_02292,Kolkata,East,2024-04-13,email
cust_02293,Hyderabad,South,2024-08-25,paid_search
cust_02294,Hyderabad,South,2024-09-01,organic
cust_02295,Chandigarh,North,2025-06-18,social
cust_02296,Pune,West,2024-09-03,social
cust_02297,Lucknow,North,2025-05-24,paid_search
cust_02298,Lucknow,North,2024-08-02,paid_search
cust_02299,Mumbai,West,2025-02-24,affiliate
cust_02300,Bhopal,Central,2024-05-26,organic
cust_02301,Pune,West,2025-01-25,paid_search
cust_02302,Bengaluru,South,2024-02-26,social
cust_02303,Kolkata,East,2025-05-29,paid_search
cust_02304,Hyderabad,South,2024-01-21,email
cust_02305,Chennai,South,2025-11-30,social
cust_02306,Bhubaneswar,East,2025-08-10,paid_search
cust_02307,Bengaluru,South,2025-02-08,organic
cust_02308,Kolkata,East,2025-09-28,social
cust_02309,Bhopal,Central,2025-07-20,organic
cust_02310,Nagpur,Central,2024-04-09,organic
cust_02311,Delhi,North,2025-06-04,paid_search
cust_02312,Chennai,South,2024-09-21,paid_search
cust_02313,Bengaluru,South,2025-08-22,affiliate
cust_02314,Chennai,South,2025-08-27,social
cust_02315,Chennai,South,2025-10-30,email
cust_02316,Delhi,North,2024-11-11,paid_search
cust_02317,Pune,West,2024-05-15,paid_search
cust_02318,Kolkata,East,2024-03-28,affiliate
cust_02319,Bhopal,Central,2024-04-25,paid_search
cust_02320,Lucknow,North,2025-11-25,email
cust_02321,Lucknow,North,2025-02-14,paid_search
cust_02322,Chennai,South,2024-09-03,organic
cust_02323,Lucknow,North,2024-11-10,paid_search
cust_02324,Chennai,South,2024-05-01,organic
cust_02325,Bhopal,Central,2025-02-03,organic
cust_02326,Hyderabad,South,2024-10-24,organic
cust_02327,Chennai,South,2025-07-12,organic
cust_02328,Bhubaneswar,East,2024-01-15,paid_search
cust_02329,Bhubaneswar,East,2025-10-14,email
cust_02330,Kolkata,East,2024-02-12,paid_search
cust_02331,Hyderabad,South,2024-10-19,email
cust_02332,Pune,West,2024-08-26,paid_search
cust_02333,Chandigarh,North,2025-05-17,organic
cust_02334,Bengaluru,South,2025-04-05,organic
cust_02335,Guwahati,East,2024-05-17,affiliate
cust_02336,Mumbai,West,2024-12-09,social
cust_02337,Bengaluru,South,2025-01-09,affiliate
cust_02338,Guwahati,East,2024-11-20,organic
cust_02339,Delhi,North,2024-01-16,social
cust_02340,Chandigarh,North,2024-05-04,social
cust_02341,Lucknow,North,2024-12-18,affiliate
cust_02342,Ahmedabad,West,2024-07-01,organic
cust_02343,Chennai,South,2025-01-16,affiliate
cust_02344,Ahmedabad,West,2024-04-24,paid_search
cust_02345,Lucknow,North,2025-05-29,email
cust_02346,Ahmedabad,West,2024-05-11,paid_search
cust_02347,Mumbai,West,2025-03-30,paid_search
cust_02348,Lucknow,North,2025-08-08,paid_search
cust_02349,Delhi,North,2024-09-07,email
cust_02350,Lucknow,North,2024-04-07,organic
cust_02351,Mumbai,West,2024-01-05,paid_search
cust_02352,Bengaluru,South,2024-09-09,paid_search
cust_02353,Kolkata,East,2024-03-21,social
cust_02354,Chennai,South,2025-09-09,paid_search
cust_02355,Mumbai,West,2025-11-12,social
cust_02356,Kolkata,East,2025-11-17,paid_search
cust_02357,Bhubaneswar,East,2025-10-07,social
cust_02358,Raipur,Central,2025-02-14,social
cust_02359,Chandigarh,North,2024-08-15,social
cust_02360,Pune,West,2024-11-08,email
cust_02361,Chandigarh,North,2024-06-30,paid_search
cust_02362,Chennai,South,2025-08-11,organic
cust_02363,Nagpur,Central,2024-11-01,social
cust_02364,Bhubaneswar,East,2024-09-26,organic
cust_02365,Kolkata,East,2025-04-27,organic
cust_02366,Bengaluru,South,2024-09-18,email
cust_02367,Hyderabad,South,2024-09-06,paid_search
cust_02368,Chennai,South,2024-06-08,paid_search
cust_02369,Kolkata,East,2024-02-17,affiliate
cust_02370,Bengaluru,South,2024-01-27,organic
cust_02371,Hyderabad,South,2024-10-08,organic
cust_02372,Bengaluru,South,2025-11-27,organic
cust_02373,Bengaluru,South,2024-07-01,organic
cust_02374,Hyderabad,South,2025-03-24,social
cust_02375,Chandigarh,North,2024-08-15,social
cust_02376,Nagpur,Central,2024-07-30,paid_search
cust_02377,Guwahati,East,2024-04-24,organic
cust_02378,Delhi,North,2025-01-29,paid_search
cust_02379,Bhubaneswar,East,2025-04-06,organic
cust_02380,Ahmedabad,West,2024-09-02,social
cust_02381,Chennai,South,2025-01-03,social
cust_02382,Delhi,North,2024-11-29,organic
cust_02383,Lucknow,North,2024-07-08,email
cust_02384,Lucknow,North,2025-04-29,social
cust_02385,Mumbai,West,2025-01-22,organic
cust_02386,Bhopal,Central,2024-02-16,social
cust_02387,Lucknow,North,2024-12-10,social
cust_02388,Mumbai,West,2024-09-29,organic
cust_02389,Lucknow,North,2025-07-11,organic
cust_02390,Kolkata,East,2024-08-02,social
cust_02391,Ahmedabad,West,2025-10-31,affiliate
cust_02392,Hyderabad,South,2025-03-06,paid_search
cust_02393,Chandigarh,North,2024-04-01,paid_search
cust_02394,Kolkata,East,2024-10-09,social
cust_02395,Nagpur,Central,2025-09-10,paid_search
cust_02396,Hyderabad,South,2024-06-27,organic
cust_02397,Hyderabad,South,2025-05-08,paid_search
cust_02398,Delhi,North,2025-07-02,email
cust_02399,Bhubaneswar,East,2025-04-29,email
cust_02400,Guwahati,East,2024-03-04,affiliate
cust_02401,Mumbai,West,2024-09-19,organic
cust_02402,Ahmedabad,West,2024-08-31,paid_search
cust_02403,Bhopal,Central,2024-08-28,paid_search
cust_02404,Ahmedabad,West,2025-09-07,organic
cust_02405,Bengaluru,South,2024-01-04,organic
cust_02406,Kolkata,East,2025-01-12,email
cust_02407,Chennai,South,2025-11-18,social
cust_02408,Chennai,South,2025-09-04,social
cust_02409,Bhopal,Central,2025-02-28,organic
cust_02410,Bhubaneswar,East,2025-11-29,paid_search
cust_02411,Bhopal,Central,2024-10-08,organic
cust_02412,Hyderabad,South,2025-03-03,organic
cust_02413,Kolkata,East,2025-01-15,paid_search
cust_02414,Bhubaneswar,East,2024-02-03,organic
cust_02415,Lucknow,North,2024-01-29,affiliate
cust_02416,Bengaluru,South,2025-09-19,paid_search
cust_02417,Kolkata,East,2024-05-01,organic
cust_02418,Lucknow,North,2024-09-05,organic
cust_02419,Bhopal,Central,2025-03-12,social
cust_02420,Lucknow,North,2025-02-06,organic
cust_02421,Chennai,South,2024-12-25,organic
cust_02422,Ahmedabad,West,2025-11-16,paid_search
cust_02423,Delhi,North,2025-07-04,organic
cust_02424,Bhopal,Central,2025-10-21,social
cust_02425,Ahmedabad,West,2025-04-06,paid_search
cust_02426,Lucknow,North,2025-11-16,organic
cust_02427,Guwahati,East,2025-02-25,email
cust_02428,Kolkata,East,2025-01-14,paid_search
cust_02429,Pune,West,2025-07-24,social
cust_02430,Pune,West,2025-08-31,organic
cust_02431,Pune,West,2024-02-17,social
cust_02432,Kolkata,East,2025-09-29,organic
cust_02433,Chennai,South,2025-04-28,paid_search
cust_02434,Bhubaneswar,East,2025-09-20,organic
cust_02435,Bhopal,Central,2025-05-15,affiliate
cust_02436,Bhubaneswar,East,2025-10-10,organic
cust_02437,Kolkata,East,2024-07-11,email
cust_02438,Bengaluru,South,2024-05-11,email
cust_02439,Mumbai,West,2024-05-16,paid_search
cust_02440,Nagpur,Central,2024-06-25,organic
cust_02441,Delhi,North,2024-05-29,paid_search
cust_02442,Chennai,South,2024-11-05,affiliate
cust_02443,Bhubaneswar,East,2024-05-18,social
cust_02444,Guwahati,East,2024-04-20,paid_search
cust_02445,Kolkata,East,2025-01-01,organic
cust_02446,Chandigarh,North,2025-07-09,email
cust_02447,Bengaluru,South,2024-04-04,organic
cust_02448,Bhubaneswar,East,2024-12-23,organic
cust_02449,Bhubaneswar,East,2025-04-06,organic
cust_02450,Guwahati,East,2025-05-08,paid_search
cust_02451,Pune,West,2024-03-14,email
cust_02452,Guwahati,East,2025-05-28,email
cust_02453,Mumbai,West,2024-01-19,organic
cust_02454,Kolkata,East,2024-06-14,paid_search
cust_02455,Kolkata,East,2024-08-11,email
cust_02456,Bhubaneswar,East,2025-08-20,paid_search
cust_02457,Delhi,North,2024-05-14,organic
cust_02458,Bengaluru,South,2025-07-01,paid_search
cust_02459,Kolkata,East,2025-11-23,social
cust_02460,Raipur,Central,2025-11-02,affiliate
cust_02461,Guwahati,East,2024-07-31,social
cust_02462,Delhi,North,2024-03-07,organic
cust_02463,Guwahati,East,2024-06-04,social
cust_02464,Bengaluru,South,2025-06-22,organic
cust_02465,Pune,West,2024-05-17,email
cust_02466,Mumbai,West,2025-03-27,paid_search
cust_02467,Bhubaneswar,East,2024-09-18,organic
cust_02468,Guwahati,East,2025-06-20,paid_search
cust_02469,Hyderabad,South,2025-02-28,organic
cust_02470,Chennai,South,2025-02-13,organic
cust_02471,Pune,West,2025-07-01,paid_search
cust_02472,Ahmedabad,West,2025-10-30,social
cust_02473,Kolkata,East,2024-09-12,email
cust_02474,Chennai,South,2025-01-05,paid_search
cust_02475,Delhi,North,2025-03-14,organic
cust_02476,Lucknow,North,2025-07-30,paid_search
cust_02477,Chennai,South,2024-12-03,paid_search
cust_02478,Chennai,South,2024-09-19,organic
cust_02479,Nagpur,Central,2025-08-15,email
cust_02480,Kolkata,East,2025-10-29,affiliate
cust_02481,Bengaluru,South,2025-02-02,organic
cust_02482,Lucknow,North,2024-03-13,email
cust_02483,Bengaluru,South,2024-07-21,social
cust_02484,Mumbai,West,2024-11-20,organic
cust_02485,Bengaluru,South,2025-05-07,social
cust_02486,Ahmedabad,West,2025-04-13,organic
cust_02487,Mumbai,West,2025-07-28,organic
cust_02488,Lucknow,North,2024-01-21,affiliate
cust_02489,Bhubaneswar,East,2024-11-21,social
cust_02490,Raipur,Central,2025-05-05,organic
cust_02491,Chennai,South,2025-11-22,paid_search
cust_02492,Delhi,North,2024-04-09,affiliate
cust_02493,Nagpur,Central,2025-09-07,paid_search
cust_02494,Nagpur,Central,2024-01-06,email
cust_02495,Kolkata,East,2024-05-17,email
cust_02496,Bhubaneswar,East,2025-08-15,paid_search
cust_02497,Bengaluru,South,2025-07-04,social
cust_02498,Ahmedabad,West,2025-11-11,social
cust_02499,Guwahati,East,2025-02-24,social
cust_02500,Delhi,North,2025-03-07,paid_search
cust_02501,Bhubaneswar,East,2025-01-09,organic
cust_02502,Nagpur,Central,2024-12-24,organic
cust_02503,Mumbai,West,2024-12-25,social
cust_02504,Chennai,South,2024-07-23,social
cust_02505,Delhi,North,2025-08-20,social
cust_02506,Bhopal,Central,2024-09-06,paid_search
cust_02507,Raipur,Central,2025-03-03,organic
cust_02508,Bhubaneswar,East,2025-04-13,organic
cust_02509,Guwahati,East,2025-01-11,email
cust_02510,Chennai,South,2025-03-04,paid_search
cust_02511,Hyderabad,South,2024-02-04,email
cust_02512,Lucknow,North,2024-08-09,organic
cust_02513,Chandigarh,North,2024-11-09,paid_search
cust_02514,Chennai,South,2024-10-02,email
cust_02515,Pune,West,2025-09-27,organic
cust_02516,Lucknow,North,2025-09-19,organic
cust_02517,Chennai,South,2025-05-13,social
cust_02518,Bhubaneswar,East,2024-09-03,paid_search
cust_02519,Bengaluru,South,2024-02-05,affiliate
cust_02520,Lucknow,North,2025-06-12,email
cust_02521,Bhubaneswar,East,2025-09-10,social
cust_02522,Bengaluru,South,2024-12-08,organic
cust_02523,Bhubaneswar,East,2025-08-01,paid_search
cust_02524,Nagpur,Central,2025-10-13,email
cust_02525,Delhi,North,2025-01-17,paid_search
cust_02526,Raipur,Central,2024-05-26,affiliate
cust_02527,Raipur,Central,2024-01-16,social
cust_02528,Ahmedabad,West,2025-06-13,organic
cust_02529,Bhubaneswar,East,2025-01-28,paid_search
cust_02530,Kolkata,East,2024-04-17,social
cust_02531,Kolkata,East,2024-02-08,organic
cust_02532,Guwahati,East,2025-11-09,paid_search
cust_02533,Delhi,North,2024-08-12,social
cust_02534,Raipur,Central,2024-08-16,organic
cust_02535,Guwahati,East,2025-03-16,paid_search
cust_02536,Mumbai,West,2024-09-12,social
cust_02537,Hyderabad,South,2025-10-01,social
cust_02538,Delhi,North,2025-04-21,paid_search
cust_02539,Bhubaneswar,East,2024-09-07,affiliate
cust_02540,Bhubaneswar,East,2024-07-05,affiliate
cust_02541,Hyderabad,South,2025-08-25,paid_search
cust_02542,Chennai,South,2025-02-18,organic
cust_02543,Hyderabad,South,2025-10-04,social
cust_02544,Bhubaneswar,East,2024-08-29,organic
cust_02545,Hyderabad,South,2024-01-15,email
cust_02546,Raipur,Central,2025-09-21,paid_search
cust_02547,Lucknow,North,2024-06-16,paid_search
cust_02548,Chennai,South,2025-08-14,paid_search
cust_02549,Chennai,South,2025-05-11,paid_search
cust_02550,Guwahati,East,2024-06-11,affiliate
cust_02551,Guwahati,East,2025-06-13,organic
cust_02552,Guwahati,East,2024-02-27,affiliate
cust_02553,Nagpur,Central,2024-10-01,organic
cust_02554,Hyderabad,South,2024-09-06,social
cust_02555,Guwahati,East,2025-04-04,email
cust_02556,Lucknow,North,2025-01-09,paid_search
cust_02557,Bengaluru,South,2025-03-04,organic
cust_02558,Chennai,South,2024-11-29,email
cust_02559,Lucknow,North,2025-06-01,email
cust_02560,Guwahati,East,2024-04-22,organic
cust_02561,Guwahati,East,2025-05-18,paid_search
cust_02562,Mumbai,West,2024-02-05,email
cust_02563,Kolkata,East,2024-03-01,organic
cust_02564,Guwahati,East,2025-05-21,social
cust_02565,Hyderabad,South,2024-04-20,paid_search
cust_02566,Delhi,North,2025-06-23,organic
cust_02567,Chandigarh,North,2024-04-02,email
cust_02568,Guwahati,East,2024-04-12,organic
cust_02569,Bhopal,Central,2025-10-14,affiliate
cust_02570,Lucknow,North,2024-05-04,paid_search
cust_02571,Kolkata,East,2025-10-01,paid_search
cust_02572,Mumbai,West,2024-08-31,paid_search
cust_02573,Ahmedabad,West,2025-07-12,paid_search
cust_02574,Bhubaneswar,East,2025-10-19,email
cust_02575,Bhubaneswar,East,2024-03-22,social
cust_02576,Guwahati,East,2024-08-19,social
cust_02577,Mumbai,West,2025-02-05,paid_search
cust_02578,Chandigarh,North,2025-08-28,organic
cust_02579,Nagpur,Central,2024-05-11,organic
cust_02580,Lucknow,North,2024-05-10,social
cust_02581,Mumbai,West,2024-09-14,paid_search
cust_02582,Chandigarh,North,2024-05-23,paid_search
cust_02583,Chennai,South,2024-07-05,paid_search
cust_02584,Chandigarh,North,2024-03-31,paid_search
cust_02585,Hyderabad,South,2025-08-03,social
cust_02586,Chennai,South,2025-07-11,social
cust_02587,Lucknow,North,2024-04-11,affiliate
cust_02588,Hyderabad,South,2025-01-10,organic
cust_02589,Hyderabad,South,2025-03-28,paid_search
cust_02590,Ahmedabad,West,2025-03-15,organic
cust_02591,Nagpur,Central,2025-11-19,email
cust_02592,Kolkata,East,2025-03-24,social
cust_02593,Lucknow,North,2025-04-25,paid_search
cust_02594,Chennai,South,2024-01-24,email
cust_02595,Bhopal,Central,2024-02-25,paid_search
cust_02596,Delhi,North,2025-03-09,organic
cust_02597,Bengaluru,South,2025-09-27,paid_search
cust_02598,Raipur,Central,2024-10-06,organic
cust_02599,Bhopal,Central,2025-03-26,email
cust_02600,Hyderabad,South,2024-05-27,social
cust_02601,Bhubaneswar,East,2024-11-15,social
cust_02602,Bengaluru,South,2025-06-09,email
cust_02603,Pune,West,2025-04-06,email
cust_02604,Lucknow,North,2024-03-20,paid_search
cust_02605,Lucknow,North,2025-09-07,organic
cust_02606,Bhubaneswar,East,2025-10-10,paid_search
cust_02607,Chennai,South,2024-11-29,affiliate
cust_02608,Kolkata,East,2024-08-26,affiliate
cust_02609,Bengaluru,South,2025-01-06,social
cust_02610,Nagpur,Central,2025-07-14,organic
cust_02611,Pune,West,2024-11-12,organic
cust_02612,Kolkata,East,2024-01-22,email
cust_02613,Ahmedabad,West,2024-02-20,organic
cust_02614,Chennai,South,2025-07-22,paid_search
cust_02615,Kolkata,East,2025-07-04,paid_search
cust_02616,Hyderabad,South,2025-06-24,organic
cust_02617,Mumbai,West,2024-03-29,social
cust_02618,Ahmedabad,West,2024-04-29,affiliate
cust_02619,Bhopal,Central,2024-10-03,social
cust_02620,Nagpur,Central,2024-06-10,paid_search
cust_02621,Nagpur,Central,2024-09-27,paid_search
cust_02622,Hyderabad,South,2025-01-25,email
cust_02623,Bhopal,Central,2024-07-15,paid_search
cust_02624,Guwahati,East,2024-03-27,paid_search
cust_02625,Chennai,South,2024-10-08,social
cust_02626,Kolkata,East,2025-05-20,organic
cust_02627,Chennai,South,2025-03-08,organic
cust_02628,Hyderabad,South,2024-08-13,email
cust_02629,Chennai,South,2024-08-05,social
cust_02630,Delhi,North,2025-02-12,organic
cust_02631,Bhubaneswar,East,2024-04-30,organic
cust_02632,Nagpur,Central,2025-08-06,affiliate
cust_02633,Kolkata,East,2025-08-31,social
cust_02634,Kolkata,East,2024-01-18,social
cust_02635,Hyderabad,South,2025-11-10,organic
cust_02636,Bengaluru,South,2024-01-17,affiliate
cust_02637,Chennai,South,2024-11-17,email
cust_02638,Ahmedabad,West,2025-04-12,paid_search
cust_02639,Bengaluru,South,2024-08-16,organic
cust_02640,Pune,West,2024-05-22,social
cust_02641,Mumbai,West,2024-02-03,email
cust_02642,Guwahati,East,2025-05-24,email
cust_02643,Pune,West,2024-01-26,affiliate
cust_02644,Hyderabad,South,2024-12-04,social
cust_02645,Raipur,Central,2024-10-02,organic
cust_02646,Pune,West,2025-11-08,paid_search
cust_02647,Mumbai,West,2025-10-13,email
cust_02648,Bhubaneswar,East,2025-07-26,organic
cust_02649,Mumbai,West,2025-05-26,organic
cust_02650,Nagpur,Central,2025-01-15,social
cust_02651,Bengaluru,South,2024-09-01,paid_search
cust_02652,Ahmedabad,West,2024-04-26,email
cust_02653,Pune,West,2025-11-08,organic
cust_02654,Bengaluru,South,2024-09-26,organic
cust_02655,Raipur,Central,2024-10-27,organic
cust_02656,Hyderabad,South,2024-04-08,social
cust_02657,Bhubaneswar,East,2024-07-12,social
cust_02658,Delhi,North,2025-03-20,paid_search
cust_02659,Chennai,South,2024-10-25,paid_search
cust_02660,Pune,West,2025-02-14,organic
cust_02661,Hyderabad,South,2024-05-28,social
cust_02662,Bengaluru,South,2024-02-27,affiliate
cust_02663,Hyderabad,South,2025-09-11,social
cust_02664,Kolkata,East,2024-10-29,organic
cust_02665,Mumbai,West,2024-09-09,social
cust_02666,Nagpur,Central,2024-07-19,organic
cust_02667,Delhi,North,2025-04-05,organic
cust_02668,Bhubaneswar,East,2025-01-29,organic
cust_02669,Chennai,South,2024-09-29,organic
cust_02670,Kolkata,East,2025-10-13,organic
cust_02671,Hyderabad,South,2025-09-23,email
cust_02672,Bengaluru,South,2024-05-18,organic
cust_02673,Hyderabad,South,2025-03-25,social
cust_02674,Guwahati,East,2025-11-08,affiliate
cust_02675,Bhubaneswar,East,2024-12-07,paid_search
cust_02676,Bengaluru,South,2024-01-22,paid_search
cust_02677,Ahmedabad,West,2024-04-02,social
cust_02678,Mumbai,West,2025-04-12,organic
cust_02679,Bengaluru,South,2025-09-23,paid_search
cust_02680,Ahmedabad,West,2024-03-30,paid_search
cust_02681,Pune,West,2025-01-17,email
cust_02682,Lucknow,North,2024-12-13,email
cust_02683,Kolkata,East,2024-07-18,email
cust_02684,Chennai,South,2025-03-18,social
cust_02685,Ahmedabad,West,2025-09-06,paid_search
cust_02686,Hyderabad,South,2024-06-16,email
cust_02687,Bhubaneswar,East,2024-02-08,email
cust_02688,Hyderabad,South,2024-09-08,paid_search
cust_02689,Kolkata,East,2024-08-07,affiliate
cust_02690,Nagpur,Central,2025-05-24,email
cust_02691,Bengaluru,South,2025-01-10,paid_search
cust_02692,Raipur,Central,2024-01-13,organic
cust_02693,Raipur,Central,2024-08-25,organic
cust_02694,Raipur,Central,2025-05-29,social
cust_02695,Lucknow,North,2024-11-29,organic
cust_02696,Mumbai,West,2025-01-29,paid_search
cust_02697,Chandigarh,North,2024-07-04,social
cust_02698,Hyderabad,South,2024-08-11,email
cust_02699,Bhopal,Central,2024-04-01,email
cust_02700,Bhubaneswar,East,2024-02-27,social
cust_02701,Guwahati,East,2024-01-26,paid_search
cust_02702,Chennai,South,2025-03-13,organic
cust_02703,Ahmedabad,West,2024-04-20,social
cust_02704,Pune,West,2025-02-05,organic
cust_02705,Chennai,South,2025-10-29,paid_search
cust_02706,Nagpur,Central,2025-05-03,affiliate
cust_02707,Chennai,South,2025-02-06,paid_search
cust_02708,Lucknow,North,2024-03-22,social
cust_02709,Guwahati,East,2024-12-08,social
cust_02710,Bhopal,Central,2025-09-15,email
cust_02711,Hyderabad,South,2024-09-26,paid_search
cust_02712,Chennai,South,2025-08-01,paid_search
cust_02713,Chandigarh,North,2025-05-10,organic
cust_02714,Mumbai,West,2024-07-05,social
cust_02715,Chennai,South,2024-04-08,organic
cust_02716,Bhubaneswar,East,2024-01-12,paid_search
cust_02717,Nagpur,Central,2024-07-12,social
cust_02718,Delhi,North,2024-08-21,organic
cust_02719,Guwahati,East,2025-04-04,paid_search
cust_02720,Bhubaneswar,East,2025-02-04,organic
cust_02721,Pune,West,2024-12-01,organic
cust_02722,Bengaluru,South,2025-05-21,organic
cust_02723,Bengaluru,South,2025-06-23,organic
cust_02724,Lucknow,North,2025-05-14,affiliate
cust_02725,Mumbai,West,2025-09-19,affiliate
cust_02726,Ahmedabad,West,2024-09-08,social
cust_02727,Lucknow,North,2025-07-30,social
cust_02728,Chennai,South,2024-10-21,social
cust_02729,Raipur,Central,2024-05-08,email
cust_02730,Chandigarh,North,2024-04-12,paid_search
cust_02731,Hyderabad,South,2024-03-05,organic
cust_02732,Kolkata,East,2025-10-30,social
cust_02733,Chennai,South,2024-04-28,affiliate
cust_02734,Chennai,South,2025-08-07,organic
cust_02735,Hyderabad,South,2025-07-02,paid_search
cust_02736,Bengaluru,South,2024-11-03,paid_search
cust_02737,Guwahati,East,2025-10-01,paid_search
cust_02738,Mumbai,West,2025-09-27,social
cust_02739,Kolkata,East,2025-10-09,paid_search
cust_02740,Chandigarh,North,2024-12-13,affiliate
cust_02741,Mumbai,West,2024-07-27,email
cust_02742,Chandigarh,North,2024-01-31,organic
cust_02743,Ahmedabad,West,2025-08-11,email
cust_02744,Hyderabad,South,2025-09-03,social
cust_02745,Mumbai,West,2025-01-10,paid_search
cust_02746,Chennai,South,2024-02-19,paid_search
cust_02747,Chennai,South,2025-07-29,email
cust_02748,Kolkata,East,2024-07-27,paid_search
cust_02749,Chandigarh,North,2025-01-18,organic
cust_02750,Chennai,South,2025-04-06,organic
cust_02751,Ahmedabad,West,2024-04-12,organic
cust_02752,Mumbai,West,2024-02-13,social
cust_02753,Delhi,North,2024-02-25,organic
cust_02754,Raipur,Central,2025-11-02,social
cust_02755,Ahmedabad,West,2025-11-01,paid_search
cust_02756,Mumbai,West,2024-10-25,email
cust_02757,Kolkata,East,2024-10-25,paid_search
cust_02758,Bhubaneswar,East,2024-10-11,affiliate
cust_02759,Guwahati,East,2024-09-02,email
cust_02760,Kolkata,East,2025-01-15,organic
cust_02761,Bhopal,Central,2024-09-06,social
cust_02762,Lucknow,North,2025-03-07,organic
cust_02763,Hyderabad,South,2024-09-22,email
cust_02764,Lucknow,North,2025-03-16,social
cust_02765,Raipur,Central,2025-10-23,organic
cust_02766,Hyderabad,South,2024-05-24,organic
cust_02767,Kolkata,East,2024-02-13,paid_search
cust_02768,Mumbai,West,2025-01-03,email
cust_02769,Bhopal,Central,2024-03-24,email
cust_02770,Delhi,North,2024-06-10,organic
cust_02771,Ahmedabad,West,2025-07-06,organic
cust_02772,Nagpur,Central,2024-10-19,paid_search
cust_02773,Delhi,North,2025-01-19,paid_search
cust_02774,Mumbai,West,2025-06-27,organic
cust_02775,Bengaluru,South,2024-03-30,organic
cust_02776,Bhubaneswar,East,2024-12-01,email
cust_02777,Bhubaneswar,East,2024-01-25,paid_search
cust_02778,Bengaluru,South,2024-12-15,social
cust_02779,Lucknow,North,2024-06-05,paid_search
cust_02780,Delhi,North,2025-09-29,paid_search
cust_02781,Chandigarh,North,2024-07-01,social
cust_02782,Bhubaneswar,East,2024-05-20,organic
cust_02783,Chennai,South,2024-01-10,organic
cust_02784,Hyderabad,South,2024-04-03,affiliate
cust_02785,Guwahati,East,2024-05-31,email
cust_02786,Kolkata,East,2024-06-08,social
cust_02787,Bhubaneswar,East,2025-05-31,organic
cust_02788,Bhopal,Central,2025-09-13,organic
cust_02789,Chennai,South,2025-08-21,organic
cust_02790,Pune,West,2025-10-31,affiliate
cust_02791,Chandigarh,North,2025-09-20,email
cust_02792,Mumbai,West,2024-11-14,paid_search
cust_02793,Bhopal,Central,2024-09-29,affiliate
cust_02794,Mumbai,West,2025-03-30,organic
cust_02795,Kolkata,East,2024-08-11,paid_search
cust_02796,Bhubaneswar,East,2025-02-26,organic
cust_02797,Hyderabad,South,2025-11-30,organic
cust_02798,Kolkata,East,2024-05-18,affiliate
cust_02799,Mumbai,West,2025-06-22,email
cust_02800,Nagpur,Central,2025-10-16,organic
cust_02801,Guwahati,East,2025-01-11,organic
cust_02802,Delhi,North,2024-09-06,paid_search
cust_02803,Kolkata,East,2024-06-27,organic
cust_02804,Chandigarh,North,2024-04-27,paid_search
cust_02805,Chennai,South,2024-08-12,paid_search
cust_02806,Hyderabad,South,2025-06-06,organic
cust_02807,Mumbai,West,2024-12-26,organic
cust_02808,Bengaluru,South,2024-06-04,organic
cust_02809,Chandigarh,North,2025-01-14,affiliate
cust_02810,Chandigarh,North,2025-07-20,paid_search
cust_02811,Raipur,Central,2024-01-10,paid_search
cust_02812,Bhubaneswar,East,2024-01-15,organic
cust_02813,Chandigarh,North,2025-11-02,social
cust_02814,Delhi,North,2025-06-07,organic
cust_02815,Kolkata,East,2025-02-06,organic
cust_02816,Hyderabad,South,2025-09-26,social
cust_02817,Kolkata,East,2025-02-16,social
cust_02818,Chennai,South,2024-12-30,organic
cust_02819,Raipur,Central,2024-05-28,paid_search
cust_02820,Hyderabad,South,2025-07-21,affiliate
cust_02821,Kolkata,East,2025-06-19,organic
cust_02822,Delhi,North,2024-07-25,organic
cust_02823,Raipur,Central,2025-05-31,paid_search
cust_02824,Raipur,Central,2025-05-23,organic
cust_02825,Mumbai,West,2024-03-07,social
cust_02826,Chennai,South,2024-04-22,social
cust_02827,Bengaluru,South,2025-02-20,paid_search
cust_02828,Ahmedabad,West,2025-03-12,social
cust_02829,Ahmedabad,West,2025-04-05,paid_search
cust_02830,Bengaluru,South,2024-09-18,social
cust_02831,Chennai,South,2025-08-07,organic
cust_02832,Chennai,South,2024-11-07,organic
cust_02833,Mumbai,West,2024-05-24,social
cust_02834,Kolkata,East,2024-03-21,organic
cust_02835,Guwahati,East,2025-09-06,organic
cust_02836,Bhubaneswar,East,2025-05-10,paid_search
cust_02837,Bengaluru,South,2024-11-19,social
cust_02838,Bengaluru,South,2024-05-26,organic
cust_02839,Chandigarh,North,2024-03-08,social
cust_02840,Ahmedabad,West,2024-04-16,social
cust_02841,Chennai,South,2024-03-14,social
cust_02842,Hyderabad,South,2025-01-05,organic
cust_02843,Chennai,South,2024-05-18,email
cust_02844,Hyderabad,South,2024-03-30,organic
cust_02845,Guwahati,East,2024-07-16,email
cust_02846,Bengaluru,South,2025-05-04,social
cust_02847,Delhi,North,2024-12-13,organic
cust_02848,Ahmedabad,West,2024-04-17,email
cust_02849,Hyderabad,South,2025-06-08,paid_search
cust_02850,Bengaluru,South,2024-12-08,paid_search
cust_02851,Chennai,South,2024-05-10,paid_search
cust_02852,Ahmedabad,West,2025-04-28,social
cust_02853,Hyderabad,South,2025-11-25,social
cust_02854,Mumbai,West,2025-01-13,email
cust_02855,Raipur,Central,2024-04-23,organic
cust_02856,Bhubaneswar,East,2024-08-04,social
cust_02857,Hyderabad,South,2025-02-23,social
cust_02858,Mumbai,West,2025-11-30,social
cust_02859,Chennai,South,2025-10-12,paid_search
cust_02860,Bengaluru,South,2025-10-15,paid_search
cust_02861,Bhubaneswar,East,2025-08-05,social
cust_02862,Bengaluru,South,2025-02-06,organic
cust_02863,Chandigarh,North,2025-03-29,organic
cust_02864,Hyderabad,South,2025-05-28,paid_search
cust_02865,Chandigarh,North,2025-05-15,organic
cust_02866,Bengaluru,South,2025-03-23,organic
cust_02867,Bhubaneswar,East,2024-04-03,organic
cust_02868,Nagpur,Central,2025-09-07,social
cust_02869,Lucknow,North,2024-01-07,affiliate
cust_02870,Kolkata,East,2024-10-25,paid_search
cust_02871,Bengaluru,South,2024-10-30,organic
cust_02872,Chandigarh,North,2025-11-28,email
cust_02873,Hyderabad,South,2024-03-03,organic
cust_02874,Chandigarh,North,2024-11-29,affiliate
cust_02875,Bengaluru,South,2024-09-07,paid_search
cust_02876,Bengaluru,South,2024-03-09,organic
cust_02877,Hyderabad,South,2024-06-05,paid_search
cust_02878,Guwahati,East,2024-10-22,organic
cust_02879,Delhi,North,2025-10-03,social
cust_02880,Delhi,North,2024-09-28,organic
cust_02881,Delhi,North,2025-09-08,email
cust_02882,Bhubaneswar,East,2025-05-28,social
cust_02883,Hyderabad,South,2025-07-27,email
cust_02884,Kolkata,East,2025-08-20,email
cust_02885,Hyderabad,South,2025-05-14,organic
cust_02886,Delhi,North,2025-05-28,paid_search
cust_02887,Raipur,Central,2024-04-17,email
cust_02888,Delhi,North,2025-05-16,paid_search
cust_02889,Lucknow,North,2024-02-03,organic
cust_02890,Chandigarh,North,2025-05-31,organic
cust_02891,Bhopal,Central,2025-04-02,organic
cust_02892,Kolkata,East,2025-06-13,email
cust_02893,Guwahati,East,2025-03-25,paid_search
cust_02894,Nagpur,Central,2024-09-15,social
cust_02895,Chandigarh,North,2024-09-15,affiliate
cust_02896,Raipur,Central,2025-02-21,organic
cust_02897,Chennai,South,2024-11-26,social
cust_02898,Bhubaneswar,East,2024-08-26,organic
cust_02899,Chennai,South,2024-12-08,organic
cust_02900,Bengaluru,South,2025-01-10,organic
cust_02901,Bhopal,Central,2024-06-16,organic
cust_02902,Delhi,North,2025-03-22,paid_search
cust_02903,Nagpur,Central,2024-08-07,paid_search
cust_02904,Chennai,South,2024-07-06,organic
cust_02905,Guwahati,East,2024-10-19,organic
cust_02906,Raipur,Central,2024-03-13,social
cust_02907,Delhi,North,2025-02-26,organic
cust_02908,Raipur,Central,2025-05-28,email
cust_02909,Guwahati,East,2025-10-31,affiliate
cust_02910,Pune,West,2024-07-17,social
cust_02911,Chandigarh,North,2025-01-11,paid_search
cust_02912,Kolkata,East,2024-12-18,social
cust_02913,Kolkata,East,2025-05-26,social
cust_02914,Bengaluru,South,2025-03-13,affiliate
cust_02915,Chandigarh,North,2025-07-18,affiliate
cust_02916,Chennai,South,2025-08-18,paid_search
cust_02917,Mumbai,West,2024-03-20,social
cust_02918,Delhi,North,2024-09-05,email
cust_02919,Mumbai,West,2025-04-02,organic
cust_02920,Nagpur,Central,2025-01-15,paid_search
cust_02921,Lucknow,North,2024-12-03,social
cust_02922,Chandigarh,North,2024-05-01,social
cust_02923,Kolkata,East,2025-02-04,paid_search
cust_02924,Delhi,North,2025-06-02,organic
cust_02925,Kolkata,East,2024-01-27,organic
cust_02926,Guwahati,East,2025-02-18,paid_search
cust_02927,Guwahati,East,2025-09-26,email
cust_02928,Bengaluru,South,2025-02-05,email
cust_02929,Kolkata,East,2025-10-28,paid_search
cust_02930,Kolkata,East,2024-09-03,organic
cust_02931,Hyderabad,South,2024-01-03,email
cust_02932,Kolkata,East,2025-04-22,social
cust_02933,Raipur,Central,2024-05-28,paid_search
cust_02934,Bhubaneswar,East,2024-01-07,paid_search
cust_02935,Bengaluru,South,2024-05-06,organic
cust_02936,Hyderabad,South,2025-10-15,email
cust_02937,Chandigarh,North,2025-06-30,social
cust_02938,Hyderabad,South,2024-07-11,paid_search
cust_02939,Delhi,North,2025-02-22,email
cust_02940,Nagpur,Central,2024-08-25,social
cust_02941,Chennai,South,2024-05-04,affiliate
cust_02942,Pune,West,2025-11-22,paid_search
cust_02943,Delhi,North,2025-07-23,paid_search
cust_02944,Chennai,South,2024-09-11,affiliate
cust_02945,Hyderabad,South,2024-09-04,affiliate
cust_02946,Hyderabad,South,2025-07-24,affiliate
cust_02947,Mumbai,West,2024-11-18,email
cust_02948,Raipur,Central,2024-09-20,paid_search
cust_02949,Raipur,Central,2024-09-28,organic
cust_02950,Delhi,North,2024-11-08,paid_search
cust_02951,Mumbai,West,2024-12-30,affiliate
cust_02952,Lucknow,North,2024-01-29,paid_search
cust_02953,Bhopal,Central,2024-12-02,social
cust_02954,Kolkata,East,2024-11-03,affiliate
cust_02955,Chennai,South,2024-07-11,affiliate
cust_02956,Chandigarh,North,2024-09-05,affiliate
cust_02957,Chandigarh,North,2024-10-24,paid_search
cust_02958,Chennai,South,2024-09-13,paid_search
cust_02959,Raipur,Central,2025-09-27,affiliate
cust_02960,Ahmedabad,West,2025-01-04,organic
cust_02961,Bhopal,Central,2024-12-18,organic
cust_02962,Delhi,North,2024-07-03,affiliate
cust_02963,Kolkata,East,2025-10-03,social
cust_02964,Chennai,South,2024-01-17,paid_search
cust_02965,Bhubaneswar,East,2025-01-20,organic
cust_02966,Hyderabad,South,2024-04-28,paid_search
cust_02967,Chennai,South,2025-06-22,affiliate
cust_02968,Kolkata,East,2024-09-21,social
cust_02969,Hyderabad,South,2024-07-24,paid_search
cust_02970,Bengaluru,South,2024-02-10,paid_search
cust_02971,Guwahati,East,2025-07-07,email
cust_02972,Lucknow,North,2024-10-04,email
cust_02973,Raipur,Central,2024-07-04,paid_search
cust_02974,Guwahati,East,2025-08-14,social
cust_02975,Mumbai,West,2024-01-14,organic
cust_02976,Bhubaneswar,East,2024-11-24,paid_search
cust_02977,Pune,West,2024-04-22,organic
cust_02978,Pune,West,2024-03-29,paid_search
cust_02979,Raipur,Central,2024-01-16,paid_search
cust_02980,Bhubaneswar,East,2024-05-10,organic
cust_02981,Bengaluru,South,2025-10-24,organic
cust_02982,Lucknow,North,2024-11-07,organic
cust_02983,Bhubaneswar,East,2025-11-30,organic
cust_02984,Lucknow,North,2024-07-06,social
cust_02985,Bengaluru,South,2025-06-17,organic
cust_02986,Lucknow,North,2024-03-03,organic
cust_02987,Kolkata,East,2024-03-16,affiliate
cust_02988,Chandigarh,North,2024-01-12,organic
cust_02989,Guwahati,East,2025-09-21,email
cust_02990,Pune,West,2025-04-15,social
cust_02991,Mumbai,West,2025-06-04,social
cust_02992,Hyderabad,South,2025-10-11,paid_search
cust_02993,Guwahati,East,2024-08-20,organic
cust_02994,Kolkata,East,2025-05-20,email
cust_02995,Bengaluru,South,2024-12-17,email
cust_02996,Kolkata,East,2025-01-14,paid_search
cust_02997,Bengaluru,South,2025-04-08,social
cust_02998,Nagpur,Central,2024-11-24,paid_search
cust_02999,Delhi,North,2024-01-17,email
cust_03000,Ahmedabad,West,2024-02-22,email
cust_03001,Kolkata,East,2024-12-17,organic
cust_03002,Chennai,South,2025-02-02,email
cust_03003,Pune,West,2025-05-27,affiliate
cust_03004,Chandigarh,North,2025-02-04,social
cust_03005,Mumbai,West,2024-05-11,organic
cust_03006,Bhubaneswar,East,2024-09-13,email
cust_03007,Chandigarh,North,2024-11-06,social
cust_03008,Chandigarh,North,2025-11-19,organic
cust_03009,Ahmedabad,West,2025-01-07,email
cust_03010,Chennai,South,2025-03-20,paid_search
cust_03011,Nagpur,Central,2025-05-29,email
cust_03012,Mumbai,West,2024-09-10,social
cust_03013,Kolkata,East,2025-11-06,organic
cust_03014,Chennai,South,2025-04-17,affiliate
cust_03015,Pune,West,2025-08-16,paid_search
cust_03016,Raipur,Central,2025-06-08,paid_search
cust_03017,Lucknow,North,2025-03-11,paid_search
cust_03018,Bengaluru,South,2024-01-22,organic
cust_03019,Chennai,South,2025-02-12,social
cust_03020,Chennai,South,2024-03-31,paid_search
cust_03021,Mumbai,West,2025-02-26,affiliate
cust_03022,Chennai,South,2025-05-05,affiliate
cust_03023,Bhubaneswar,East,2025-01-16,social
cust_03024,Bengaluru,South,2024-08-03,organic
cust_03025,Chandigarh,North,2024-02-11,social
cust_03026,Hyderabad,South,2025-04-14,organic
cust_03027,Mumbai,West,2025-05-03,email
cust_03028,Bhubaneswar,East,2024-11-30,paid_search
cust_03029,Bengaluru,South,2025-05-16,affiliate
cust_03030,Mumbai,West,2025-06-29,paid_search
cust_03031,Lucknow,North,2024-12-24,organic
cust_03032,Chennai,South,2024-02-03,affiliate
cust_03033,Bengaluru,South,2025-09-01,paid_search
cust_03034,Nagpur,Central,2024-11-22,email
cust_03035,Mumbai,West,2025-04-15,email
cust_03036,Bhubaneswar,East,2025-09-29,paid_search
cust_03037,Delhi,North,2024-09-10,paid_search
cust_03038,Chennai,South,2025-03-11,paid_search
cust_03039,Bhubaneswar,East,2024-01-14,email
cust_03040,Chennai,South,2025-09-11,affiliate
cust_03041,Nagpur,Central,2024-02-11,organic
cust_03042,Mumbai,West,2025-01-13,social
cust_03043,Bengaluru,South,2024-09-03,organic
cust_03044,Mumbai,West,2024-01-26,social
cust_03045,Nagpur,Central,2024-11-19,email
cust_03046,Chennai,South,2025-10-16,email
cust_03047,Guwahati,East,2024-04-26,paid_search
cust_03048,Bhopal,Central,2024-07-23,paid_search
cust_03049,Bengaluru,South,2024-05-12,organic
cust_03050,Raipur,Central,2024-03-28,organic
cust_03051,Lucknow,North,2024-06-10,paid_search
cust_03052,Guwahati,East,2025-02-04,email
cust_03053,Mumbai,West,2025-06-30,paid_search
cust_03054,Kolkata,East,2025-04-28,organic
cust_03055,Kolkata,East,2025-06-23,social
cust_03056,Kolkata,East,2025-05-15,organic
cust_03057,Lucknow,North,2024-09-25,organic
cust_03058,Hyderabad,South,2025-09-22,affiliate
cust_03059,Hyderabad,South,2024-04-30,organic
cust_03060,Guwahati,East,2025-05-04,paid_search
cust_03061,Chennai,South,2024-03-18,paid_search
cust_03062,Chennai,South,2025-06-19,organic
cust_03063,Raipur,Central,2024-03-01,organic
cust_03064,Hyderabad,South,2024-05-31,organic
cust_03065,Chennai,South,2024-09-30,paid_search
cust_03066,Hyderabad,South,2025-05-01,email
cust_03067,Chennai,South,2024-02-01,paid_search
cust_03068,Pune,West,2024-06-29,paid_search
cust_03069,Hyderabad,South,2024-08-21,paid_search
cust_03070,Chandigarh,North,2025-05-26,affiliate
cust_03071,Raipur,Central,2025-11-04,organic
cust_03072,Pune,West,2025-03-05,email
cust_03073,Mumbai,West,2024-12-21,organic
cust_03074,Mumbai,West,2024-08-23,affiliate
cust_03075,Nagpur,Central,2025-07-29,organic
cust_03076,Chennai,South,2024-03-16,organic
cust_03077,Bhubaneswar,East,2024-03-31,paid_search
cust_03078,Guwahati,East,2024-05-20,organic
cust_03079,Bengaluru,South,2024-07-06,social
cust_03080,Bengaluru,South,2024-11-19,social
cust_03081,Lucknow,North,2025-10-24,social
cust_03082,Bhubaneswar,East,2025-03-31,organic
cust_03083,Pune,West,2024-09-25,social
cust_03084,Mumbai,West,2024-05-28,organic
cust_03085,Chennai,South,2025-03-29,affiliate
cust_03086,Chennai,South,2024-06-26,social
cust_03087,Chennai,South,2025-11-14,paid_search
cust_03088,Kolkata,East,2024-11-30,email
cust_03089,Nagpur,Central,2025-01-20,paid_search
cust_03090,Nagpur,Central,2025-09-24,paid_search
cust_03091,Bhopal,Central,2024-08-01,organic
cust_03092,Mumbai,West,2024-11-26,social
cust_03093,Raipur,Central,2025-01-07,paid_search
cust_03094,Hyderabad,South,2024-07-08,organic
cust_03095,Chandigarh,North,2024-02-08,email
cust_03096,Lucknow,North,2024-07-17,organic
cust_03097,Hyderabad,South,2024-03-19,social
cust_03098,Bengaluru,South,2025-04-17,organic
cust_03099,Chandigarh,North,2024-01-06,paid_search
cust_03100,Raipur,Central,2024-08-09,email
cust_03101,Bengaluru,South,2025-09-10,organic
cust_03102,Raipur,Central,2025-02-02,social
cust_03103,Mumbai,West,2025-04-14,social
cust_03104,Kolkata,East,2025-04-12,email
cust_03105,Bhubaneswar,East,2024-07-27,organic
cust_03106,Chennai,South,2025-03-18,email
cust_03107,Kolkata,East,2024-06-03,paid_search
cust_03108,Bengaluru,South,2025-03-20,paid_search
cust_03109,Nagpur,Central,2025-04-23,paid_search
cust_03110,Bengaluru,South,2025-09-05,paid_search
cust_03111,Hyderabad,South,2025-10-05,paid_search
cust_03112,Ahmedabad,West,2024-01-17,organic
cust_03113,Kolkata,East,2024-07-28,paid_search
cust_03114,Chennai,South,2025-01-17,social
cust_03115,Kolkata,East,2024-08-13,paid_search
cust_03116,Chandigarh,North,2025-03-09,organic
cust_03117,Guwahati,East,2025-08-20,paid_search
cust_03118,Bengaluru,South,2024-06-29,paid_search
cust_03119,Bengaluru,South,2025-09-17,social
cust_03120,Delhi,North,2025-09-09,email
cust_03121,Hyderabad,South,2025-10-01,paid_search
cust_03122,Bengaluru,South,2024-02-21,social
cust_03123,Chennai,South,2024-07-24,organic
cust_03124,Chennai,South,2024-03-27,affiliate
cust_03125,Bengaluru,South,2024-03-25,organic
cust_03126,Kolkata,East,2024-02-07,paid_search
cust_03127,Delhi,North,2024-11-03,organic
cust_03128,Guwahati,East,2024-03-02,organic
cust_03129,Raipur,Central,2024-07-26,email
cust_03130,Hyderabad,South,2025-11-17,organic
cust_03131,Bhopal,Central,2025-09-10,organic
cust_03132,Chandigarh,North,2025-10-17,organic
cust_03133,Chandigarh,North,2024-01-26,affiliate
cust_03134,Ahmedabad,West,2025-04-07,email
cust_03135,Mumbai,West,2025-03-19,affiliate
cust_03136,Ahmedabad,West,2024-04-02,email
cust_03137,Delhi,North,2025-09-26,email
cust_03138,Pune,West,2024-10-10,paid_search
cust_03139,Hyderabad,South,2025-11-14,organic
cust_03140,Bengaluru,South,2024-03-20,organic
cust_03141,Delhi,North,2025-03-31,organic
cust_03142,Raipur,Central,2024-04-01,social
cust_03143,Delhi,North,2025-10-26,organic
cust_03144,Ahmedabad,West,2025-03-01,organic
cust_03145,Bhubaneswar,East,2024-02-22,social
cust_03146,Pune,West,2024-05-30,organic
cust_03147,Ahmedabad,West,2024-09-08,organic
cust_03148,Ahmedabad,West,2024-01-10,organic
cust_03149,Bengaluru,South,2024-01-07,social
cust_03150,Delhi,North,2025-10-09,organic
cust_03151,Kolkata,East,2025-11-17,organic
cust_03152,Bengaluru,South,2025-01-10,organic
cust_03153,Lucknow,North,2025-09-23,social
cust_03154,Chennai,South,2025-04-03,organic
cust_03155,Hyderabad,South,2024-01-20,organic
cust_03156,Delhi,North,2025-05-15,email
cust_03157,Lucknow,North,2024-01-13,email
cust_03158,Raipur,Central,2025-07-25,organic
cust_03159,Hyderabad,South,2024-09-13,organic
cust_03160,Nagpur,Central,2024-04-08,organic
cust_03161,Raipur,Central,2024-06-29,social
cust_03162,Chandigarh,North,2025-04-23,organic
cust_03163,Pune,West,2025-08-15,affiliate
cust_03164,Bhubaneswar,East,2025-02-03,email
cust_03165,Kolkata,East,2024-04-22,paid_search
cust_03166,Lucknow,North,2025-09-22,organic
cust_03167,Hyderabad,South,2025-07-07,email
cust_03168,Lucknow,North,2024-10-13,social
cust_03169,Guwahati,East,2025-01-23,email
cust_03170,Nagpur,Central,2025-11-05,organic
cust_03171,Guwahati,East,2024-09-21,social
cust_03172,Mumbai,West,2024-01-19,email
cust_03173,Nagpur,Central,2024-04-12,affiliate
cust_03174,Kolkata,East,2025-02-24,paid_search
cust_03175,Delhi,North,2025-11-29,paid_search
cust_03176,Pune,West,2025-06-01,paid_search
cust_03177,Chennai,South,2025-03-08,social
cust_03178,Lucknow,North,2024-08-14,affiliate
cust_03179,Bhubaneswar,East,2024-11-03,paid_search
cust_03180,Nagpur,Central,2024-01-27,organic
cust_03181,Chennai,South,2024-09-16,organic
cust_03182,Bhubaneswar,East,2025-03-12,social
cust_03183,Lucknow,North,2025-09-26,email
cust_03184,Delhi,North,2025-10-07,organic
cust_03185,Chandigarh,North,2025-07-28,paid_search
cust_03186,Pune,West,2024-01-16,affiliate
cust_03187,Mumbai,West,2025-07-21,paid_search
cust_03188,Lucknow,North,2024-06-02,organic
cust_03189,Chennai,South,2025-03-07,paid_search
cust_03190,Bengaluru,South,2025-10-24,paid_search
cust_03191,Chandigarh,North,2025-09-13,organic
cust_03192,Guwahati,East,2025-04-10,social
cust_03193,Guwahati,East,2024-07-28,paid_search
cust_03194,Kolkata,East,2024-12-30,social
cust_03195,Chennai,South,2025-05-07,social
cust_03196,Kolkata,East,2024-12-25,organic
cust_03197,Chandigarh,North,2024-10-10,organic
cust_03198,Chandigarh,North,2024-10-08,organic
cust_03199,Nagpur,Central,2025-02-23,organic
cust_03200,Ahmedabad,West,2024-01-26,social
cust_03201,Nagpur,Central,2025-11-29,organic
cust_03202,Nagpur,Central,2024-03-12,social
cust_03203,Kolkata,East,2025-11-20,organic
cust_03204,Bhopal,Central,2024-01-25,organic
cust_03205,Hyderabad,South,2024-12-24,organic
cust_03206,Chandigarh,North,2024-10-19,paid_search
cust_03207,Lucknow,North,2025-02-05,social
cust_03208,Chandigarh,North,2024-10-30,email
cust_03209,Chandigarh,North,2025-09-20,organic
cust_03210,Chennai,South,2024-01-12,social
cust_03211,Pune,West,2025-11-20,social
cust_03212,Mumbai,West,2025-04-27,organic
cust_03213,Kolkata,East,2025-06-29,organic
cust_03214,Chandigarh,North,2024-04-07,organic
cust_03215,Pune,West,2024-02-15,organic
cust_03216,Chennai,South,2024-10-04,email
cust_03217,Chandigarh,North,2024-08-13,paid_search
cust_03218,Bengaluru,South,2025-07-02,paid_search
cust_03219,Hyderabad,South,2025-09-19,social
cust_03220,Chennai,South,2024-10-26,paid_search
cust_03221,Mumbai,West,2025-06-21,social
cust_03222,Pune,West,2024-02-11,organic
cust_03223,Guwahati,East,2025-06-03,paid_search
cust_03224,Lucknow,North,2024-03-10,organic
cust_03225,Mumbai,West,2025-04-12,organic
cust_03226,Guwahati,East,2024-09-24,organic
cust_03227,Chennai,South,2024-10-17,social
cust_03228,Bhubaneswar,East,2024-07-12,social
cust_03229,Bhubaneswar,East,2024-10-09,social
cust_03230,Hyderabad,South,2025-09-04,organic
cust_03231,Delhi,North,2025-07-20,affiliate
cust_03232,Kolkata,East,2024-08-26,organic
cust_03233,Chandigarh,North,2024-07-24,email
cust_03234,Delhi,North,2024-12-22,social
cust_03235,Lucknow,North,2025-04-24,paid_search
cust_03236,Raipur,Central,2024-05-07,paid_search
cust_03237,Chennai,South,2025-05-23,social
cust_03238,Hyderabad,South,2025-10-26,social
cust_03239,Bengaluru,South,2025-08-14,organic
cust_03240,Nagpur,Central,2025-01-18,email
cust_03241,Bhubaneswar,East,2024-08-11,organic
cust_03242,Bhopal,Central,2024-08-14,paid_search
cust_03243,Bengaluru,South,2025-06-03,social
cust_03244,Chandigarh,North,2024-11-14,email
cust_03245,Bhubaneswar,East,2024-03-15,paid_search
cust_03246,Bengaluru,South,2025-04-19,organic
cust_03247,Pune,West,2024-04-06,paid_search
cust_03248,Raipur,Central,2025-11-21,organic
cust_03249,Bengaluru,South,2024-10-19,paid_search
cust_03250,Raipur,Central,2024-08-27,paid_search
cust_03251,Bhubaneswar,East,2024-02-08,email
cust_03252,Chennai,South,2024-04-27,organic
cust_03253,Guwahati,East,2025-10-25,organic
cust_03254,Chandigarh,North,2025-01-10,paid_search
cust_03255,Ahmedabad,West,2025-09-23,organic
cust_03256,Delhi,North,2025-10-31,organic
cust_03257,Bengaluru,South,2024-02-04,paid_search
cust_03258,Bhubaneswar,East,2024-09-23,paid_search
cust_03259,Delhi,North,2025-08-09,organic
cust_03260,Delhi,North,2024-12-12,paid_search
cust_03261,Bhubaneswar,East,2024-12-22,email
cust_03262,Lucknow,North,2025-02-03,paid_search
cust_03263,Bengaluru,South,2025-05-06,organic
cust_03264,Hyderabad,South,2025-10-19,organic
cust_03265,Chennai,South,2025-09-12,organic
cust_03266,Bengaluru,South,2025-03-13,paid_search
cust_03267,Mumbai,West,2025-02-07,social
cust_03268,Raipur,Central,2024-09-09,organic
cust_03269,Delhi,North,2024-03-22,organic
cust_03270,Nagpur,Central,2025-05-11,organic
cust_03271,Guwahati,East,2024-01-02,organic
cust_03272,Bhubaneswar,East,2025-05-03,affiliate
cust_03273,Mumbai,West,2024-12-13,organic
cust_03274,Mumbai,West,2025-07-04,organic
cust_03275,Ahmedabad,West,2025-10-26,paid_search
cust_03276,Bhubaneswar,East,2025-01-22,organic
cust_03277,Kolkata,East,2025-02-04,organic
cust_03278,Bengaluru,South,2024-12-07,paid_search
cust_03279,Chandigarh,North,2024-09-18,organic
cust_03280,Kolkata,East,2024-03-03,organic
cust_03281,Chandigarh,North,2024-01-22,social
cust_03282,Bengaluru,South,2025-05-21,paid_search
cust_03283,Lucknow,North,2025-10-02,organic
cust_03284,Chennai,South,2024-02-07,email
cust_03285,Guwahati,East,2024-08-17,organic
cust_03286,Kolkata,East,2025-03-01,affiliate
cust_03287,Chennai,South,2025-05-08,affiliate
cust_03288,Delhi,North,2025-05-29,paid_search
cust_03289,Chennai,South,2025-04-30,organic
cust_03290,Hyderabad,South,2024-02-28,email
cust_03291,Mumbai,West,2024-06-26,paid_search
cust_03292,Guwahati,East,2024-11-24,organic
cust_03293,Bhubaneswar,East,2024-02-14,paid_search
cust_03294,Guwahati,East,2024-08-28,paid_search
cust_03295,Bhopal,Central,2024-09-26,email
cust_03296,Ahmedabad,West,2025-11-15,social
cust_03297,Bhubaneswar,East,2024-08-09,email
cust_03298,Bengaluru,South,2025-11-10,social
cust_03299,Delhi,North,2025-05-05,social
cust_03300,Raipur,Central,2025-04-29,paid_search
cust_03301,Hyderabad,South,2025-07-27,affiliate
cust_03302,Bengaluru,South,2025-08-12,affiliate
cust_03303,Nagpur,Central,2024-06-04,email
cust_03304,Ahmedabad,West,2024-10-21,social
cust_03305,Chandigarh,North,2025-01-04,paid_search
cust_03306,Delhi,North,2025-11-14,organic
cust_03307,Chandigarh,North,2024-01-29,email
cust_03308,Bhubaneswar,East,2024-11-29,organic
cust_03309,Delhi,North,2024-05-29,organic
cust_03310,Raipur,Central,2024-05-24,paid_search
cust_03311,Bhopal,Central,2025-06-17,paid_search
cust_03312,Guwahati,East,2024-05-21,paid_search
cust_03313,Guwahati,East,2025-07-09,organic
cust_03314,Hyderabad,South,2025-11-26,organic
cust_03315,Lucknow,North,2025-06-27,organic
cust_03316,Mumbai,West,2024-04-28,paid_search
cust_03317,Delhi,North,2024-04-09,organic
cust_03318,Lucknow,North,2024-11-01,social
cust_03319,Hyderabad,South,2025-01-20,organic
cust_03320,Lucknow,North,2025-06-28,paid_search
cust_03321,Chennai,South,2024-10-22,organic
cust_03322,Pune,West,2024-04-26,paid_search
cust_03323,Mumbai,West,2025-11-25,email
cust_03324,Kolkata,East,2025-09-25,organic
cust_03325,Pune,West,2025-04-02,paid_search
cust_03326,Bengaluru,South,2025-05-01,social
cust_03327,Mumbai,West,2025-10-16,organic
cust_03328,Kolkata,East,2024-11-28,email
cust_03329,Bengaluru,South,2024-04-11,affiliate
cust_03330,Raipur,Central,2025-02-28,social
cust_03331,Hyderabad,South,2024-11-11,affiliate
cust_03332,Lucknow,North,2025-07-13,paid_search
cust_03333,Bengaluru,South,2025-06-24,paid_search
cust_03334,Chennai,South,2024-11-26,organic
cust_03335,Hyderabad,South,2024-09-14,organic
cust_03336,Bhubaneswar,East,2024-10-22,organic
cust_03337,Nagpur,Central,2025-03-18,paid_search
cust_03338,Hyderabad,South,2025-03-21,paid_search
cust_03339,Guwahati,East,2024-12-24,organic
cust_03340,Hyderabad,South,2025-01-07,social
cust_03341,Pune,West,2025-11-25,organic
cust_03342,Chandigarh,North,2024-06-26,organic
cust_03343,Lucknow,North,2024-05-01,organic
cust_03344,Guwahati,East,2025-07-13,social
cust_03345,Bhubaneswar,East,2025-10-16,paid_search
cust_03346,Pune,West,2025-03-02,social
cust_03347,Bhubaneswar,East,2024-10-08,organic
cust_03348,Mumbai,West,2024-08-31,paid_search
cust_03349,Chennai,South,2024-11-23,affiliate
cust_03350,Chandigarh,North,2024-02-06,organic
cust_03351,Lucknow,North,2025-01-05,paid_search
cust_03352,Chandigarh,North,2024-07-07,organic
cust_03353,Bengaluru,South,2024-07-04,organic
cust_03354,Guwahati,East,2025-01-27,paid_search
cust_03355,Chennai,South,2025-11-05,organic
cust_03356,Kolkata,East,2024-05-24,paid_search
cust_03357,Guwahati,East,2025-09-30,affiliate
cust_03358,Bhubaneswar,East,2024-12-29,organic
cust_03359,Bhubaneswar,East,2025-11-12,organic
cust_03360,Hyderabad,South,2024-09-24,email
cust_03361,Hyderabad,South,2025-11-28,paid_search
cust_03362,Bhubaneswar,East,2025-04-06,email
cust_03363,Bhubaneswar,East,2025-04-13,organic
cust_03364,Hyderabad,South,2025-01-29,social
cust_03365,Bengaluru,South,2024-11-12,affiliate
cust_03366,Guwahati,East,2025-01-02,organic
cust_03367,Bhubaneswar,East,2025-08-18,email
cust_03368,Lucknow,North,2025-07-08,social
cust_03369,Chennai,South,2024-01-17,email
cust_03370,Raipur,Central,2025-05-01,organic
cust_03371,Delhi,North,2025-08-07,paid_search
cust_03372,Ahmedabad,West,2025-06-04,organic
cust_03373,Delhi,North,2024-12-14,affiliate
cust_03374,Bhubaneswar,East,2024-08-22,organic
cust_03375,Bengaluru,South,2025-04-16,organic
cust_03376,Lucknow,North,2025-04-09,email
cust_03377,Raipur,Central,2024-09-18,organic
cust_03378,Bengaluru,South,2024-10-11,paid_search
cust_03379,Raipur,Central,2024-09-15,organic
cust_03380,Bengaluru,South,2024-02-01,social
cust_03381,Pune,West,2024-01-23,organic
cust_03382,Bhopal,Central,2024-02-28,paid_search
cust_03383,Kolkata,East,2024-10-23,paid_search
cust_03384,Bengaluru,South,2024-12-23,organic
cust_03385,Bhubaneswar,East,2024-10-12,organic
cust_03386,Bhubaneswar,East,2025-10-30,organic
cust_03387,Raipur,Central,2024-06-06,social
cust_03388,Bengaluru,South,2024-10-02,organic
cust_03389,Hyderabad,South,2024-06-22,organic
cust_03390,Delhi,North,2024-07-28,organic
cust_03391,Kolkata,East,2025-02-12,paid_search
cust_03392,Bhopal,Central,2024-08-04,social
cust_03393,Delhi,North,2024-08-10,paid_search
cust_03394,Pune,West,2025-04-14,email
cust_03395,Raipur,Central,2025-08-04,social
cust_03396,Lucknow,North,2024-05-28,email
cust_03397,Lucknow,North,2024-03-18,social
cust_03398,Bhubaneswar,East,2024-06-16,organic
cust_03399,Kolkata,East,2025-02-08,affiliate
cust_03400,Chandigarh,North,2025-11-02,email
cust_03401,Ahmedabad,West,2024-04-22,paid_search
cust_03402,Kolkata,East,2024-01-30,organic
cust_03403,Bhopal,Central,2025-01-04,organic
cust_03404,Raipur,Central,2025-11-24,social
cust_03405,Mumbai,West,2025-01-21,paid_search
cust_03406,Guwahati,East,2025-10-09,social
cust_03407,Hyderabad,South,2025-03-25,paid_search
cust_03408,Bhubaneswar,East,2024-01-23,paid_search
cust_03409,Chandigarh,North,2024-10-26,organic
cust_03410,Kolkata,East,2025-06-23,organic
cust_03411,Chandigarh,North,2024-12-22,organic
cust_03412,Guwahati,East,2024-05-16,email
cust_03413,Lucknow,North,2024-05-06,paid_search
cust_03414,Chennai,South,2025-04-09,affiliate
cust_03415,Hyderabad,South,2024-11-20,social
cust_03416,Guwahati,East,2025-02-05,social
cust_03417,Mumbai,West,2024-09-18,paid_search
cust_03418,Chandigarh,North,2024-08-25,email
cust_03419,Pune,West,2025-04-11,affiliate
cust_03420,Pune,West,2024-01-06,social
cust_03421,Hyderabad,South,2024-10-31,organic
cust_03422,Guwahati,East,2024-09-16,social
cust_03423,Chennai,South,2025-06-29,organic
cust_03424,Delhi,North,2025-05-24,organic
cust_03425,Guwahati,East,2024-10-25,social
cust_03426,Lucknow,North,2024-07-02,email
cust_03427,Raipur,Central,2024-06-14,organic
cust_03428,Nagpur,Central,2024-05-27,organic
cust_03429,Mumbai,West,2024-07-10,email
cust_03430,Bhubaneswar,East,2025-06-16,organic
cust_03431,Kolkata,East,2024-02-01,organic
cust_03432,Nagpur,Central,2024-01-19,social
cust_03433,Hyderabad,South,2025-01-12,email
cust_03434,Delhi,North,2024-06-05,paid_search
cust_03435,Guwahati,East,2025-08-04,paid_search
cust_03436,Bengaluru,South,2025-06-10,organic
cust_03437,Bengaluru,South,2025-06-22,organic
cust_03438,Lucknow,North,2024-11-15,social
cust_03439,Kolkata,East,2024-11-02,email
cust_03440,Hyderabad,South,2024-10-24,organic
cust_03441,Hyderabad,South,2024-05-17,organic
cust_03442,Delhi,North,2025-02-01,organic
cust_03443,Bengaluru,South,2025-08-27,organic
cust_03444,Bhopal,Central,2024-06-28,organic
cust_03445,Bengaluru,South,2024-02-09,organic
cust_03446,Guwahati,East,2025-01-30,email
cust_03447,Ahmedabad,West,2024-10-06,organic
cust_03448,Hyderabad,South,2025-07-12,social
cust_03449,Ahmedabad,West,2025-08-22,paid_search
cust_03450,Guwahati,East,2025-10-27,email
cust_03451,Guwahati,East,2024-10-02,affiliate
cust_03452,Lucknow,North,2025-09-23,paid_search
cust_03453,Chandigarh,North,2024-03-23,organic
cust_03454,Raipur,Central,2024-09-17,social
cust_03455,Mumbai,West,2024-07-05,organic
cust_03456,Nagpur,Central,2025-10-08,organic
cust_03457,Raipur,Central,2025-02-24,organic
cust_03458,Delhi,North,2024-09-13,email
cust_03459,Mumbai,West,2024-04-16,organic
cust_03460,Bengaluru,South,2025-07-02,paid_search
cust_03461,Mumbai,West,2025-04-03,paid_search
cust_03462,Chandigarh,North,2025-08-20,social
cust_03463,Hyderabad,South,2024-11-02,organic
cust_03464,Mumbai,West,2024-04-14,email
cust_03465,Ahmedabad,West,2024-08-22,social
cust_03466,Guwahati,East,2025-03-10,paid_search
cust_03467,Hyderabad,South,2024-06-17,paid_search
cust_03468,Hyderabad,South,2024-02-19,email
cust_03469,Bhopal,Central,2025-07-30,social
cust_03470,Chennai,South,2025-01-06,paid_search
cust_03471,Hyderabad,South,2024-10-04,paid_search
cust_03472,Guwahati,East,2025-01-21,organic
cust_03473,Chennai,South,2025-05-31,organic
cust_03474,Guwahati,East,2024-01-01,organic
cust_03475,Hyderabad,South,2024-11-04,organic
cust_03476,Mumbai,West,2024-06-26,organic
cust_03477,Raipur,Central,2024-03-05,email
cust_03478,Bhopal,Central,2024-01-26,email
cust_03479,Bhubaneswar,East,2024-11-04,email
cust_03480,Bengaluru,South,2025-01-15,social
cust_03481,Ahmedabad,West,2024-12-21,social
cust_03482,Mumbai,West,2025-07-02,organic
cust_03483,Bhubaneswar,East,2024-11-16,social
cust_03484,Guwahati,East,2025-02-16,organic
cust_03485,Ahmedabad,West,2025-07-25,paid_search
cust_03486,Kolkata,East,2025-04-05,affiliate
cust_03487,Ahmedabad,West,2025-09-29,email
cust_03488,Chennai,South,2024-06-04,organic
cust_03489,Guwahati,East,2025-07-04,social
cust_03490,Bhubaneswar,East,2025-05-02,organic
cust_03491,Delhi,North,2025-02-11,organic
cust_03492,Mumbai,West,2024-01-03,organic
cust_03493,Kolkata,East,2025-01-14,organic
cust_03494,Lucknow,North,2025-08-23,social
cust_03495,Ahmedabad,West,2025-03-27,paid_search
cust_03496,Pune,West,2024-01-04,organic
cust_03497,Ahmedabad,West,2024-07-20,affiliate
cust_03498,Bengaluru,South,2025-02-02,paid_search
cust_03499,Ahmedabad,West,2025-07-22,paid_search
cust_03500,Bengaluru,South,2024-11-07,paid_search
cust_03501,Kolkata,East,2025-08-22,paid_search
cust_03502,Lucknow,North,2025-07-11,paid_search
cust_03503,Bhubaneswar,East,2024-07-06,social
cust_03504,Mumbai,West,2024-05-16,email
cust_03505,Guwahati,East,2025-09-23,organic
cust_03506,Kolkata,East,2025-02-16,paid_search
cust_03507,Ahmedabad,West,2025-08-17,organic
cust_03508,Kolkata,East,2025-10-07,email
cust_03509,Bengaluru,South,2024-10-24,organic
cust_03510,Bhopal,Central,2024-02-02,organic
cust_03511,Pune,West,2025-09-28,affiliate
cust_03512,Bhopal,Central,2025-02-12,paid_search
cust_03513,Bhopal,Central,2024-03-25,organic
cust_03514,Raipur,Central,2025-01-05,organic
cust_03515,Pune,West,2024-01-20,paid_search
cust_03516,Bhubaneswar,East,2024-07-21,affiliate
cust_03517,Delhi,North,2024-08-31,paid_search
cust_03518,Kolkata,East,2024-11-14,organic
cust_03519,Mumbai,West,2025-01-30,paid_search
cust_03520,Guwahati,East,2025-08-10,paid_search
cust_03521,Mumbai,West,2024-09-03,organic
cust_03522,Delhi,North,2025-05-29,email
cust_03523,Hyderabad,South,2025-10-21,organic
cust_03524,Bhubaneswar,East,2025-06-07,email
cust_03525,Hyderabad,South,2024-06-27,email
cust_03526,Chandigarh,North,2025-04-19,organic
cust_03527,Lucknow,North,2024-07-15,social
cust_03528,Ahmedabad,West,2024-11-30,social
cust_03529,Bhubaneswar,East,2025-03-20,social
cust_03530,Lucknow,North,2024-07-24,paid_search
cust_03531,Chandigarh,North,2024-01-03,organic
cust_03532,Hyderabad,South,2025-08-09,organic
cust_03533,Chandigarh,North,2025-05-24,social
cust_03534,Ahmedabad,West,2024-03-27,organic
cust_03535,Pune,West,2024-09-21,organic
cust_03536,Chennai,South,2024-07-02,paid_search
cust_03537,Bhubaneswar,East,2025-11-15,organic
cust_03538,Lucknow,North,2025-10-21,email
cust_03539,Hyderabad,South,2025-04-28,email
cust_03540,Raipur,Central,2024-11-04,email
cust_03541,Guwahati,East,2024-02-06,organic
cust_03542,Bhopal,Central,2024-06-21,paid_search
cust_03543,Hyderabad,South,2024-03-05,email
cust_03544,Hyderabad,South,2025-07-06,paid_search
cust_03545,Bengaluru,South,2024-03-02,social
cust_03546,Guwahati,East,2025-04-19,paid_search
cust_03547,Nagpur,Central,2025-10-28,paid_search
cust_03548,Delhi,North,2024-08-03,organic
cust_03549,Mumbai,West,2025-04-23,social
cust_03550,Pune,West,2025-09-07,organic
cust_03551,Kolkata,East,2024-10-26,email
cust_03552,Hyderabad,South,2024-11-10,paid_search
cust_03553,Guwahati,East,2024-05-20,organic
cust_03554,Hyderabad,South,2024-10-26,social
cust_03555,Pune,West,2025-09-03,paid_search
cust_03556,Bhubaneswar,East,2025-04-09,organic
cust_03557,Raipur,Central,2024-05-21,affiliate
cust_03558,Guwahati,East,2025-01-03,social
cust_03559,Kolkata,East,2025-05-09,paid_search
cust_03560,Pune,West,2024-02-24,email
cust_03561,Guwahati,East,2025-06-18,paid_search
cust_03562,Raipur,Central,2024-05-20,paid_search
cust_03563,Hyderabad,South,2024-07-25,organic
cust_03564,Bhopal,Central,2024-10-18,organic
cust_03565,Pune,West,2024-12-19,paid_search
cust_03566,Mumbai,West,2025-10-03,paid_search
cust_03567,Guwahati,East,2024-06-05,social
cust_03568,Pune,West,2024-06-28,paid_search
cust_03569,Bengaluru,South,2024-09-22,paid_search
cust_03570,Mumbai,West,2025-08-23,email
cust_03571,Lucknow,North,2025-11-06,affiliate
cust_03572,Hyderabad,South,2024-11-14,organic
cust_03573,Hyderabad,South,2025-04-30,email
cust_03574,Hyderabad,South,2025-10-04,email
cust_03575,Hyderabad,South,2025-08-15,organic
cust_03576,Ahmedabad,West,2025-04-21,organic
cust_03577,Hyderabad,South,2025-01-13,organic
cust_03578,Ahmedabad,West,2025-11-20,social
cust_03579,Chandigarh,North,2024-06-16,paid_search
cust_03580,Ahmedabad,West,2024-09-10,paid_search
cust_03581,Ahmedabad,West,2025-05-14,social
cust_03582,Bengaluru,South,2024-01-15,organic
cust_03583,Ahmedabad,West,2024-12-16,paid_search
cust_03584,Nagpur,Central,2025-08-21,email
cust_03585,Mumbai,West,2024-05-03,affiliate
cust_03586,Bengaluru,South,2025-07-16,social
cust_03587,Kolkata,East,2024-10-15,organic
cust_03588,Ahmedabad,West,2025-08-25,organic
cust_03589,Hyderabad,South,2025-03-20,organic
cust_03590,Mumbai,West,2024-04-20,paid_search
cust_03591,Chennai,South,2025-05-29,organic
cust_03592,Pune,West,2024-02-09,email
cust_03593,Chandigarh,North,2024-06-19,social
cust_03594,Chandigarh,North,2025-09-13,paid_search
cust_03595,Raipur,Central,2025-09-05,organic
cust_03596,Pune,West,2024-02-02,paid_search
cust_03597,Nagpur,Central,2024-09-22,paid_search
cust_03598,Nagpur,Central,2024-03-06,social
cust_03599,Chennai,South,2024-07-08,organic
cust_03600,Hyderabad,South,2025-11-08,email
cust_03601,Chandigarh,North,2024-05-16,organic
cust_03602,Guwahati,East,2025-03-25,organic
cust_03603,Chennai,South,2025-07-16,affiliate
cust_03604,Raipur,Central,2025-09-08,organic
cust_03605,Lucknow,North,2024-09-04,organic
cust_03606,Lucknow,North,2025-05-02,social
cust_03607,Chennai,South,2024-12-04,paid_search
cust_03608,Chennai,South,2024-03-16,organic
cust_03609,Chennai,South,2024-06-04,organic
cust_03610,Bhubaneswar,East,2025-06-07,organic
cust_03611,Hyderabad,South,2025-04-25,paid_search
cust_03612,Guwahati,East,2024-12-30,organic
cust_03613,Raipur,Central,2025-06-30,social
cust_03614,Guwahati,East,2025-04-28,email
cust_03615,Guwahati,East,2024-08-25,organic
cust_03616,Chennai,South,2024-07-24,organic
cust_03617,Delhi,North,2025-10-23,organic
cust_03618,Chennai,South,2025-11-11,organic
cust_03619,Raipur,Central,2024-01-22,organic
cust_03620,Guwahati,East,2025-07-07,email
cust_03621,Chennai,South,2024-04-03,paid_search
cust_03622,Hyderabad,South,2025-08-25,paid_search
cust_03623,Mumbai,West,2025-02-16,social
cust_03624,Bhubaneswar,East,2025-04-26,email
cust_03625,Guwahati,East,2025-05-05,organic
cust_03626,Nagpur,Central,2025-02-27,organic
cust_03627,Guwahati,East,2024-06-24,affiliate
cust_03628,Bhubaneswar,East,2025-07-19,organic
cust_03629,Chennai,South,2025-01-22,social
cust_03630,Chandigarh,North,2025-01-16,social
cust_03631,Raipur,Central,2024-08-10,paid_search
cust_03632,Kolkata,East,2024-01-08,organic
cust_03633,Bengaluru,South,2025-01-22,organic
cust_03634,Bhubaneswar,East,2024-08-29,paid_search
cust_03635,Delhi,North,2025-04-06,paid_search
cust_03636,Pune,West,2024-09-12,social
cust_03637,Chennai,South,2025-11-11,social
cust_03638,Mumbai,West,2025-04-21,email
cust_03639,Bhubaneswar,East,2024-11-14,affiliate
cust_03640,Chennai,South,2025-05-10,social
cust_03641,Lucknow,North,2025-03-29,organic
cust_03642,Mumbai,West,2025-03-10,paid_search
cust_03643,Lucknow,North,2025-02-08,social
cust_03644,Chandigarh,North,2025-10-14,paid_search
cust_03645,Ahmedabad,West,2024-08-10,organic
cust_03646,Bengaluru,South,2024-10-29,paid_search
cust_03647,Bengaluru,South,2024-06-26,paid_search
cust_03648,Chennai,South,2025-02-02,organic
cust_03649,Pune,West,2025-11-22,email
cust_03650,Chennai,South,2025-03-01,paid_search
cust_03651,Bengaluru,South,2024-05-24,paid_search
cust_03652,Chennai,South,2025-10-07,paid_search
cust_03653,Hyderabad,South,2025-07-07,paid_search
cust_03654,Hyderabad,South,2024-11-04,organic
cust_03655,Delhi,North,2024-04-12,paid_search
cust_03656,Chandigarh,North,2024-10-08,organic
cust_03657,Chennai,South,2025-07-17,social
cust_03658,Nagpur,Central,2025-02-07,organic
cust_03659,Lucknow,North,2024-05-10,affiliate
cust_03660,Chennai,South,2024-04-20,social
cust_03661,Raipur,Central,2025-11-08,paid_search
cust_03662,Raipur,Central,2024-11-09,organic
cust_03663,Kolkata,East,2025-04-25,paid_search
cust_03664,Hyderabad,South,2024-09-09,social
cust_03665,Bengaluru,South,2024-03-04,social
cust_03666,Chennai,South,2024-10-15,social
cust_03667,Chandigarh,North,2025-04-30,email
cust_03668,Chennai,South,2024-08-21,paid_search
cust_03669,Bhubaneswar,East,2025-02-26,social
cust_03670,Bengaluru,South,2024-11-02,paid_search
cust_03671,Kolkata,East,2024-08-24,social
cust_03672,Hyderabad,South,2024-06-27,paid_search
cust_03673,Hyderabad,South,2024-07-01,social
cust_03674,Ahmedabad,West,2024-06-27,organic
cust_03675,Nagpur,Central,2025-05-18,organic
cust_03676,Hyderabad,South,2024-08-24,organic
cust_03677,Bhubaneswar,East,2025-06-02,affiliate
cust_03678,Bengaluru,South,2024-08-05,paid_search
cust_03679,Delhi,North,2024-08-17,paid_search
cust_03680,Mumbai,West,2025-10-08,paid_search
cust_03681,Chandigarh,North,2025-09-05,paid_search
cust_03682,Hyderabad,South,2024-10-07,email
cust_03683,Kolkata,East,2024-07-07,affiliate
cust_03684,Chennai,South,2025-05-15,email
cust_03685,Delhi,North,2024-02-18,email
cust_03686,Chennai,South,2024-11-15,organic
cust_03687,Nagpur,Central,2025-02-23,organic
cust_03688,Kolkata,East,2025-04-18,paid_search
cust_03689,Chennai,South,2024-03-15,social
cust_03690,Delhi,North,2024-01-03,organic
cust_03691,Guwahati,East,2024-07-12,social
cust_03692,Lucknow,North,2024-03-24,organic
cust_03693,Guwahati,East,2024-12-21,organic
cust_03694,Ahmedabad,West,2025-10-05,organic
cust_03695,Bengaluru,South,2024-07-19,email
cust_03696,Hyderabad,South,2024-11-13,social
cust_03697,Delhi,North,2024-05-30,paid_search
cust_03698,Lucknow,North,2024-01-31,email
cust_03699,Hyderabad,South,2025-05-07,email
cust_03700,Raipur,Central,2024-06-28,paid_search
cust_03701,Hyderabad,South,2025-01-17,email
cust_03702,Guwahati,East,2025-04-23,organic
cust_03703,Guwahati,East,2025-08-10,paid_search
cust_03704,Delhi,North,2024-05-09,organic
cust_03705,Delhi,North,2025-02-10,paid_search
cust_03706,Hyderabad,South,2025-09-29,paid_search
cust_03707,Kolkata,East,2024-12-04,organic
cust_03708,Chennai,South,2024-01-29,paid_search
cust_03709,Mumbai,West,2024-07-01,social
cust_03710,Pune,West,2025-07-10,social
cust_03711,Ahmedabad,West,2025-07-08,organic
cust_03712,Raipur,Central,2024-08-08,organic
cust_03713,Pune,West,2024-05-17,paid_search
cust_03714,Pune,West,2024-07-23,email
cust_03715,Pune,West,2024-06-18,email
cust_03716,Pune,West,2025-06-02,organic
cust_03717,Pune,West,2025-08-12,social
cust_03718,Raipur,Central,2024-02-02,paid_search
cust_03719,Bengaluru,South,2025-06-02,affiliate
cust_03720,Bhubaneswar,East,2025-06-10,organic
cust_03721,Bhubaneswar,East,2025-03-05,paid_search
cust_03722,Pune,West,2025-09-01,paid_search
cust_03723,Bengaluru,South,2024-01-28,organic
cust_03724,Mumbai,West,2025-05-04,organic
cust_03725,Pune,West,2024-03-30,organic
cust_03726,Raipur,Central,2025-09-19,paid_search
cust_03727,Hyderabad,South,2024-12-15,social
cust_03728,Ahmedabad,West,2024-03-04,social
cust_03729,Ahmedabad,West,2025-06-06,organic
cust_03730,Nagpur,Central,2025-06-08,email
cust_03731,Bhopal,Central,2024-11-20,paid_search
cust_03732,Bhubaneswar,East,2024-08-05,affiliate
cust_03733,Guwahati,East,2024-01-13,organic
cust_03734,Chandigarh,North,2025-09-27,email
cust_03735,Raipur,Central,2024-05-08,email
cust_03736,Bengaluru,South,2025-08-12,email
cust_03737,Mumbai,West,2025-02-16,email
cust_03738,Mumbai,West,2025-04-24,paid_search
cust_03739,Bengaluru,South,2025-04-30,social
cust_03740,Chennai,South,2025-08-23,paid_search
cust_03741,Chennai,South,2024-01-24,paid_search
cust_03742,Pune,West,2025-11-24,affiliate
cust_03743,Kolkata,East,2024-01-31,organic
cust_03744,Chandigarh,North,2025-11-30,paid_search
cust_03745,Mumbai,West,2024-07-01,email
cust_03746,Chennai,South,2025-08-15,organic
cust_03747,Bhopal,Central,2024-02-28,organic
cust_03748,Bengaluru,South,2024-11-18,organic
cust_03749,Bengaluru,South,2025-01-14,social
cust_03750,Delhi,North,2025-10-30,email
cust_03751,Bhubaneswar,East,2024-03-27,organic
cust_03752,Chennai,South,2024-01-26,social
cust_03753,Pune,West,2025-03-29,paid_search
cust_03754,Chennai,South,2024-02-04,social
cust_03755,Bengaluru,South,2025-06-28,social
cust_03756,Bengaluru,South,2024-01-27,affiliate
cust_03757,Hyderabad,South,2025-11-10,paid_search
cust_03758,Raipur,Central,2025-01-07,organic
cust_03759,Delhi,North,2025-10-25,paid_search
cust_03760,Bhopal,Central,2024-03-29,paid_search
cust_03761,Bengaluru,South,2024-07-10,paid_search
cust_03762,Delhi,North,2024-11-14,organic
cust_03763,Bengaluru,South,2024-01-21,organic
cust_03764,Chandigarh,North,2024-03-13,affiliate
cust_03765,Ahmedabad,West,2024-08-18,organic
cust_03766,Guwahati,East,2025-05-30,paid_search
cust_03767,Hyderabad,South,2025-05-10,social
cust_03768,Bhubaneswar,East,2024-03-01,organic
cust_03769,Bhubaneswar,East,2024-02-11,organic
cust_03770,Nagpur,Central,2025-04-04,paid_search
cust_03771,Bhopal,Central,2024-09-08,paid_search
cust_03772,Bhubaneswar,East,2025-07-08,paid_search
cust_03773,Mumbai,West,2024-07-27,social
cust_03774,Pune,West,2024-09-10,organic
cust_03775,Kolkata,East,2024-06-02,organic
cust_03776,Ahmedabad,West,2024-07-05,organic
cust_03777,Lucknow,North,2025-05-09,paid_search
cust_03778,Ahmedabad,West,2024-11-25,paid_search
cust_03779,Bhopal,Central,2025-04-06,affiliate
cust_03780,Delhi,North,2024-02-25,organic
cust_03781,Ahmedabad,West,2025-01-09,paid_search
cust_03782,Raipur,Central,2024-11-17,paid_search
cust_03783,Chennai,South,2025-09-29,social
cust_03784,Kolkata,East,2024-10-23,social
cust_03785,Nagpur,Central,2024-03-13,organic
cust_03786,Nagpur,Central,2025-05-03,social
cust_03787,Lucknow,North,2024-04-14,organic
cust_03788,Chennai,South,2025-09-28,social
cust_03789,Kolkata,East,2024-09-25,organic
cust_03790,Hyderabad,South,2025-07-03,social
cust_03791,Hyderabad,South,2025-04-04,social
cust_03792,Delhi,North,2024-11-21,social
cust_03793,Delhi,North,2025-02-12,organic
cust_03794,Kolkata,East,2024-05-07,social
cust_03795,Guwahati,East,2024-02-21,social
cust_03796,Bhubaneswar,East,2025-06-20,paid_search
cust_03797,Pune,West,2025-11-01,paid_search
cust_03798,Hyderabad,South,2025-08-26,organic
cust_03799,Bengaluru,South,2024-08-01,organic
cust_03800,Delhi,North,2024-09-07,social
cust_03801,Hyderabad,South,2024-09-08,paid_search
cust_03802,Chennai,South,2025-05-06,social
cust_03803,Delhi,North,2025-03-12,social
cust_03804,Lucknow,North,2025-07-11,social
cust_03805,Delhi,North,2025-10-23,social
cust_03806,Guwahati,East,2024-10-01,social
cust_03807,Guwahati,East,2025-04-08,paid_search
cust_03808,Raipur,Central,2024-12-16,organic
cust_03809,Pune,West,2025-10-30,email
cust_03810,Kolkata,East,2024-09-04,affiliate
cust_03811,Lucknow,North,2024-05-11,paid_search
cust_03812,Bhubaneswar,East,2024-09-22,affiliate
cust_03813,Chandigarh,North,2025-03-09,affiliate
cust_03814,Bengaluru,South,2025-10-29,paid_search
cust_03815,Chennai,South,2025-08-03,social
cust_03816,Chennai,South,2024-01-13,social
cust_03817,Bengaluru,South,2024-12-22,organic
cust_03818,Guwahati,East,2024-04-21,organic
cust_03819,Mumbai,West,2024-09-10,paid_search
cust_03820,Ahmedabad,West,2025-10-22,email
cust_03821,Guwahati,East,2025-11-20,organic
cust_03822,Bhubaneswar,East,2024-04-17,email
cust_03823,Delhi,North,2024-04-08,social
cust_03824,Pune,West,2025-05-02,social
cust_03825,Bhubaneswar,East,2024-10-14,organic
cust_03826,Chennai,South,2024-10-29,paid_search
cust_03827,Bengaluru,South,2025-09-03,organic
cust_03828,Nagpur,Central,2025-10-06,organic
cust_03829,Kolkata,East,2025-09-22,organic
cust_03830,Chennai,South,2025-07-02,organic
cust_03831,Bhubaneswar,East,2025-11-17,organic
cust_03832,Chennai,South,2025-05-18,paid_search
cust_03833,Hyderabad,South,2025-09-11,paid_search
cust_03834,Hyderabad,South,2025-01-13,organic
cust_03835,Hyderabad,South,2024-02-05,email
cust_03836,Guwahati,East,2025-07-25,paid_search
cust_03837,Lucknow,North,2025-10-12,affiliate
cust_03838,Mumbai,West,2024-08-06,social
cust_03839,Bengaluru,South,2024-10-26,organic
cust_03840,Bhubaneswar,East,2025-02-04,email
cust_03841,Bhubaneswar,East,2025-04-01,email
cust_03842,Guwahati,East,2025-04-17,social
cust_03843,Kolkata,East,2024-10-02,paid_search
cust_03844,Bhopal,Central,2025-08-21,paid_search
cust_03845,Guwahati,East,2025-07-23,paid_search
cust_03846,Ahmedabad,West,2025-10-21,social
cust_03847,Mumbai,West,2025-02-07,paid_search
cust_03848,Bengaluru,South,2024-02-24,organic
cust_03849,Chennai,South,2025-08-14,organic
cust_03850,Chennai,South,2024-02-25,organic
cust_03851,Bengaluru,South,2024-05-15,organic
cust_03852,Chennai,South,2024-07-18,paid_search
cust_03853,Hyderabad,South,2024-05-09,email
cust_03854,Guwahati,East,2025-05-21,organic
cust_03855,Hyderabad,South,2024-11-04,organic
cust_03856,Pune,West,2024-06-02,organic
cust_03857,Hyderabad,South,2024-01-04,paid_search
cust_03858,Mumbai,West,2024-05-31,social
cust_03859,Delhi,North,2025-04-29,paid_search
cust_03860,Bengaluru,South,2025-07-10,affiliate
cust_03861,Lucknow,North,2024-07-26,affiliate
cust_03862,Bhubaneswar,East,2024-02-21,email
cust_03863,Bengaluru,South,2025-01-25,email
cust_03864,Raipur,Central,2025-07-02,paid_search
cust_03865,Bengaluru,South,2024-02-19,paid_search
cust_03866,Bhubaneswar,East,2025-07-10,paid_search
cust_03867,Bengaluru,South,2024-04-29,email
cust_03868,Kolkata,East,2024-06-29,organic
cust_03869,Bengaluru,South,2025-03-12,organic
cust_03870,Bengaluru,South,2024-02-05,organic
cust_03871,Chennai,South,2024-08-01,social
cust_03872,Delhi,North,2024-04-07,social
cust_03873,Delhi,North,2024-05-30,organic
cust_03874,Nagpur,Central,2025-06-25,paid_search
cust_03875,Chennai,South,2024-06-09,paid_search
cust_03876,Chandigarh,North,2024-01-31,email
cust_03877,Nagpur,Central,2024-05-30,organic
cust_03878,Lucknow,North,2024-03-01,organic
cust_03879,Hyderabad,South,2025-03-11,social
cust_03880,Mumbai,West,2025-11-11,paid_search
cust_03881,Raipur,Central,2024-04-27,email
cust_03882,Pune,West,2025-05-25,paid_search
cust_03883,Chennai,South,2024-09-10,affiliate
cust_03884,Raipur,Central,2024-02-20,organic
cust_03885,Delhi,North,2025-04-26,paid_search
cust_03886,Nagpur,Central,2024-05-26,affiliate
cust_03887,Ahmedabad,West,2024-12-25,organic
cust_03888,Raipur,Central,2024-12-20,email
cust_03889,Bengaluru,South,2025-02-22,organic
cust_03890,Chandigarh,North,2024-04-04,paid_search
cust_03891,Kolkata,East,2024-06-24,organic
cust_03892,Kolkata,East,2025-05-31,paid_search
cust_03893,Kolkata,East,2025-10-14,email
cust_03894,Nagpur,Central,2024-01-09,organic
cust_03895,Guwahati,East,2024-10-16,organic
cust_03896,Chennai,South,2025-09-08,paid_search
cust_03897,Chennai,South,2024-07-19,organic
cust_03898,Lucknow,North,2024-11-09,paid_search
cust_03899,Chennai,South,2025-09-25,affiliate
cust_03900,Lucknow,North,2025-11-09,organic
cust_03901,Pune,West,2025-04-03,paid_search
cust_03902,Mumbai,West,2025-04-30,paid_search
cust_03903,Bhubaneswar,East,2025-03-05,organic
cust_03904,Chennai,South,2024-07-17,organic
cust_03905,Bhubaneswar,East,2025-09-12,social
cust_03906,Ahmedabad,West,2024-01-24,social
cust_03907,Bhopal,Central,2024-02-10,email
cust_03908,Bhubaneswar,East,2025-02-25,paid_search
cust_03909,Pune,West,2025-08-09,social
cust_03910,Kolkata,East,2025-07-23,email
cust_03911,Chennai,South,2025-04-19,email
cust_03912,Ahmedabad,West,2024-09-20,affiliate
cust_03913,Chennai,South,2024-09-08,organic
cust_03914,Bengaluru,South,2024-10-24,affiliate
cust_03915,Bengaluru,South,2024-06-28,email
cust_03916,Bhubaneswar,East,2024-10-20,email
cust_03917,Guwahati,East,2024-03-14,social
cust_03918,Kolkata,East,2024-08-11,affiliate
cust_03919,Bengaluru,South,2025-10-20,paid_search
cust_03920,Hyderabad,South,2025-05-09,social
cust_03921,Mumbai,West,2024-04-09,social
cust_03922,Bengaluru,South,2024-07-19,social
cust_03923,Bhopal,Central,2024-06-30,social
cust_03924,Hyderabad,South,2024-07-16,organic
cust_03925,Bhubaneswar,East,2025-04-28,paid_search
cust_03926,Kolkata,East,2025-09-18,paid_search
cust_03927,Mumbai,West,2025-05-12,social
cust_03928,Lucknow,North,2024-12-07,social
cust_03929,Raipur,Central,2024-04-22,email
cust_03930,Kolkata,East,2024-04-10,email
cust_03931,Kolkata,East,2025-07-23,paid_search
cust_03932,Kolkata,East,2025-04-19,organic
cust_03933,Lucknow,North,2024-12-23,social
cust_03934,Kolkata,East,2025-02-08,email
cust_03935,Bengaluru,South,2025-08-16,social
cust_03936,Chennai,South,2025-07-23,email
cust_03937,Bhubaneswar,East,2024-03-02,affiliate
cust_03938,Bhubaneswar,East,2024-10-03,paid_search
cust_03939,Lucknow,North,2024-01-30,social
cust_03940,Delhi,North,2024-09-26,paid_search
cust_03941,Chennai,South,2025-03-21,paid_search
cust_03942,Chennai,South,2024-05-25,organic
cust_03943,Kolkata,East,2024-04-15,organic
cust_03944,Lucknow,North,2024-12-09,organic
cust_03945,Nagpur,Central,2025-01-02,social
cust_03946,Chennai,South,2025-05-14,organic
cust_03947,Lucknow,North,2024-01-10,paid_search
cust_03948,Bhopal,Central,2024-06-22,paid_search
cust_03949,Hyderabad,South,2025-06-29,paid_search
cust_03950,Hyderabad,South,2025-04-22,email
cust_03951,Bhopal,Central,2025-09-21,paid_search
cust_03952,Raipur,Central,2025-07-24,organic
cust_03953,Ahmedabad,West,2025-08-10,affiliate
cust_03954,Chandigarh,North,2024-12-23,email
cust_03955,Bhubaneswar,East,2025-11-01,social
cust_03956,Raipur,Central,2024-10-18,social
cust_03957,Bhopal,Central,2025-09-24,organic
cust_03958,Delhi,North,2024-10-01,social
cust_03959,Chennai,South,2024-11-06,organic
cust_03960,Hyderabad,South,2025-04-24,paid_search
cust_03961,Chandigarh,North,2024-10-05,organic
cust_03962,Kolkata,East,2024-04-12,social
cust_03963,Chennai,South,2025-09-19,organic
cust_03964,Bengaluru,South,2024-11-13,organic
cust_03965,Lucknow,North,2025-10-10,organic
cust_03966,Bhubaneswar,East,2024-10-06,social
cust_03967,Chandigarh,North,2025-11-11,organic
cust_03968,Chennai,South,2025-02-26,paid_search
cust_03969,Lucknow,North,2025-06-21,organic
cust_03970,Raipur,Central,2025-06-12,social
cust_03971,Chandigarh,North,2024-05-21,organic
cust_03972,Bhubaneswar,East,2025-07-24,affiliate
cust_03973,Bengaluru,South,2025-10-23,organic
cust_03974,Chandigarh,North,2025-04-07,organic
cust_03975,Chennai,South,2025-10-24,organic
cust_03976,Chandigarh,North,2025-08-15,organic
cust_03977,Lucknow,North,2025-04-11,paid_search
cust_03978,Guwahati,East,2024-11-30,organic
cust_03979,Bhubaneswar,East,2025-08-23,email
cust_03980,Chandigarh,North,2024-05-09,paid_search
cust_03981,Bengaluru,South,2025-01-27,organic
cust_03982,Bhubaneswar,East,2025-07-25,paid_search
cust_03983,Hyderabad,South,2025-10-22,organic
cust_03984,Hyderabad,South,2024-07-05,organic
cust_03985,Lucknow,North,2024-03-06,organic
cust_03986,Chennai,South,2024-08-21,organic
cust_03987,Hyderabad,South,2025-08-27,organic
cust_03988,Raipur,Central,2025-01-01,affiliate
cust_03989,Nagpur,Central,2024-02-08,social
cust_03990,Bhopal,Central,2024-03-24,affiliate
cust_03991,Chennai,South,2024-08-25,organic
cust_03992,Lucknow,North,2024-08-27,email
cust_03993,Chennai,South,2024-04-04,paid_search
cust_03994,Hyderabad,South,2024-12-11,organic
cust_03995,Lucknow,North,2024-12-01,email
cust_03996,Delhi,North,2024-05-19,organic
cust_03997,Hyderabad,South,2024-06-11,paid_search
cust_03998,Chennai,South,2025-04-10,email
cust_03999,Hyderabad,South,2025-10-28,social
