order_id,payment_type,payment_installments,payment_value
ord_00000,cod,1,9257.51
ord_00001,wallet,1,8368.65
ord_00002,upi,1,1026.01
ord_00003,upi,1,8047.24
ord_00004,debit_card,1,1242.28
ord_00005,upi,1,4110.4
ord_00006,upi,1,1081.11
ord_00007,credit_card,1,3639.74
ord_00008,credit_card,5,11017.32
ord_00009,upi,1,1023.24
ord_00010,debit_card,1,1082.47
ord_00011,debit_card,1,2114.42
ord_00012,credit_card,3,6127.81
ord_00013,cod,1,7898.48
ord_00014,credit_card,1,1625.02
ord_00015,upi,1,9583.46
ord_00016,upi,1,4034.21
ord_00017,credit_card,3,1653.9
ord_00018,debit_card,1,12120.55
ord_00019,upi,1,869.31
ord_00020,credit_card,5,19689.34
ord_00021,upi,1,1083.28
ord_00022,upi,1,414.18
ord_00023,credit_card,6,899.98
ord_00024,credit_card,4,4906.35
ord_00025,upi,1,5205.24
ord_00026,credit_card,4,2350.69
ord_00027,upi,1,5748.16
ord_00028,debit_card,1,9558.54
ord_00029,upi,1,1058.72
ord_00030,cod,1,1924.51
ord_00031,upi,1,703.65
ord_00032,credit_card,6,6449.61
ord_00033,upi,1,1984.36
ord_00034,upi,1,2140.99
ord_00035,credit_card,6,491.88
ord_00036,upi,1,9874.87
ord_00037,wallet,1,870.66
ord_00038,upi,1,12135.44
ord_00039,upi,1,5989.34
ord_00040,credit_card,1,3658.41
ord_00041,credit_card,4,683.25
ord_00042,upi,1,2702.77
ord_00043,upi,1,16137.88
ord_00044,upi,1,13950.19
ord_00045,debit_card,1,7731.8
ord_00046,credit_card,2,2347.95
ord_00047,credit_card,6,5584.39
ord_00048,upi,1,7790.1
ord_00049,credit_card,2,3254.3
ord_00050,cod,1,5260.18
ord_00051,cod,1,10495.6
ord_00052,debit_card,1,759.74
ord_00053,upi,1,14635.39
ord_00054,upi,1,480.35
ord_00055,credit_card,4,1491.44
ord_00056,debit_card,1,490.67
ord_00057,credit_card,3,8954.37
ord_00058,upi,1,1135.79
ord_00059,upi,1,1540.78
ord_00060,cod,1,2899.04
ord_00061,debit_card,1,25200.63
ord_00062,upi,1,23215.1
ord_00063,wallet,1,849.95
ord_00064,wallet,1,8158.27
ord_00065,cod,1,11110.68
ord_00066,cod,1,1168.21
ord_00067,upi,1,3605.96
ord_00068,upi,1,15257.13
ord_00069,upi,1,1083.89
ord_00070,upi,1,1901.76
ord_00071,wallet,1,1780.17
ord_00072,upi,1,1877.26
ord_00073,upi,1,10141.68
ord_00074,cod,1,2626.53
ord_00075,upi,1,14523.05
ord_00076,upi,1,10905.63
ord_00077,debit_card,1,1845.82
ord_00078,upi,1,2209.37
ord_00079,credit_card,6,7543.34
ord_00080,upi,1,984.06
ord_00081,cod,1,6407.8
ord_00082,wallet,1,5888.13
ord_00083,credit_card,2,8607.76
ord_00084,upi,1,17131.39
ord_00085,cod,1,2542.28
ord_00086,wallet,1,6443.4
ord_00087,credit_card,4,10187.66
ord_00088,credit_card,6,7445.22
ord_00089,credit_card,3,878.89
ord_00090,cod,1,1965.52
ord_00091,upi,1,15149.71
ord_00092,credit_card,4,10132.82
ord_00093,debit_card,1,1740.25
ord_00094,upi,1,4867.04
ord_00095,credit_card,4,1385.67
ord_00096,upi,1,1071.01
ord_00097,upi,1,12051.38
ord_00098,debit_card,1,13692.22
ord_00099,debit_card,1,3931.38
ord_00100,upi,1,543.05
ord_00101,debit_card,1,1801.06
ord_00102,credit_card,2,4232.86
ord_00103,cod,1,1707.94
ord_00104,cod,1,1724.95
ord_00105,debit_card,1,428.4
ord_00106,upi,1,1640.27
ord_00107,cod,1,1440.92
ord_00108,upi,1,3142.86
ord_00109,cod,1,1462.6
ord_00110,upi,1,11172.37
ord_00111,cod,1,9172.7
ord_00112,credit_card,5,17419.07
ord_00113,wallet,1,6119.18
ord_00114,upi,1,1301.1
ord_00115,wallet,1,2265.44
ord_00116,debit_card,1,2097.67
ord_00117,debit_card,1,522.81
ord_00118,credit_card,2,9370.8
ord_00119,cod,1,2185.17
ord_00120,upi,1,1174.73
ord_00121,upi,1,2508.86
ord_00122,credit_card,6,20113.63
ord_00123,upi,1,698.4
ord_00124,wallet,1,8533.82
ord_00125,credit_card,4,367.28
ord_00126,upi,1,8511.99
ord_00127,upi,1,1967.33
ord_00128,credit_card,5,9091.0
ord_00129,upi,1,382.78
ord_00130,cod,1,6298.36
ord_00131,cod,1,2104.75
ord_00132,debit_card,1,439.15
ord_00133,cod,1,831.46
ord_00134,cod,1,753.62
ord_00135,upi,1,7370.18
ord_00136,upi,1,689.61
ord_00137,credit_card,1,1212.83
ord_00138,debit_card,1,802.23
ord_00139,credit_card,4,1612.38
ord_00140,credit_card,3,4263.3
ord_00141,upi,1,5993.39
ord_00142,cod,1,1528.23
ord_00143,upi,1,5339.75
ord_00144,debit_card,1,1776.56
ord_00145,upi,1,8073.22
ord_00146,credit_card,3,20341.9
ord_00147,wallet,1,4483.63
ord_00148,credit_card,4,1660.76
ord_00149,credit_card,2,2532.65
ord_00150,credit_card,3,251.17
ord_00151,upi,1,1176.53
ord_00152,credit_card,1,2960.19
ord_00153,wallet,1,1957.78
ord_00154,upi,1,8358.73
ord_00155,credit_card,2,5509.02
ord_00156,cod,1,479.72
ord_00157,debit_card,1,1520.43
ord_00158,upi,1,2515.55
ord_00159,upi,1,280.28
ord_00160,credit_card,6,22632.89
ord_00161,debit_card,1,974.72
ord_00162,cod,1,2467.8
ord_00163,upi,1,859.53
ord_00164,wallet,1,1903.37
ord_00165,credit_card,5,1366.55
ord_00166,wallet,1,2301.16
ord_00167,upi,1,2106.35
ord_00168,wallet,1,292.41
ord_00169,credit_card,2,690.47
ord_00170,upi,1,12036.74
ord_00171,credit_card,3,6713.83
ord_00172,wallet,1,1781.16
ord_00173,cod,1,3258.2
ord_00174,upi,1,1360.44
ord_00175,upi,1,3754.05
ord_00176,credit_card,4,422.94
ord_00177,credit_card,6,7490.21
ord_00178,credit_card,6,4691.04
ord_00179,credit_card,6,8938.26
ord_00180,debit_card,1,828.09
ord_00181,upi,1,3014.92
ord_00182,upi,1,975.26
ord_00183,credit_card,1,9872.79
ord_00184,wallet,1,24230.83
ord_00185,upi,1,7077.86
ord_00186,credit_card,6,7600.06
ord_00187,credit_card,4,3587.35
ord_00188,credit_card,4,1573.61
ord_00189,cod,1,6674.6
ord_00190,upi,1,1568.67
ord_00191,upi,1,14517.81
ord_00192,upi,1,1471.81
ord_00193,upi,1,389.48
ord_00194,credit_card,2,13041.86
ord_00195,credit_card,3,786.52
ord_00196,upi,1,3071.76
ord_00197,debit_card,1,9383.97
ord_00198,debit_card,1,2531.58
ord_00199,credit_card,5,510.86
ord_00200,credit_card,5,8121.42
ord_00201,wallet,1,3298.18
ord_00202,credit_card,4,11258.34
ord_00203,credit_card,5,5785.83
ord_00204,credit_card,4,2559.77
ord_00205,credit_card,3,3901.54
ord_00206,cod,1,1400.14
ord_00207,credit_card,1,1011.58
ord_00208,upi,1,2207.21
ord_00209,upi,1,12582.42
ord_00210,upi,1,765.92
ord_00211,upi,1,5971.33
ord_00212,credit_card,3,1171.71
ord_00213,upi,1,699.92
ord_00214,credit_card,1,2771.2
ord_00215,upi,1,2652.13
ord_00216,upi,1,2195.17
ord_00217,upi,1,9311.54
ord_00218,credit_card,4,12397.59
ord_00219,cod,1,7074.92
ord_00220,debit_card,1,923.69
ord_00221,upi,1,6882.56
ord_00222,upi,1,811.29
ord_00223,credit_card,3,1800.95
ord_00224,credit_card,4,9524.79
ord_00225,upi,1,8090.58
ord_00226,debit_card,1,1380.42
ord_00227,credit_card,4,581.68
ord_00228,credit_card,6,367.29
ord_00229,cod,1,2260.72
ord_00230,upi,1,3328.17
ord_00231,credit_card,6,2781.67
ord_00232,upi,1,4561.97
ord_00233,upi,1,13451.67
ord_00234,upi,1,6051.89
ord_00235,credit_card,6,2382.16
ord_00236,upi,1,14715.62
ord_00237,debit_card,1,8507.55
ord_00238,upi,1,1174.88
ord_00239,debit_card,1,9861.8
ord_00240,upi,1,2492.52
ord_00241,credit_card,6,2161.72
ord_00242,credit_card,3,9466.09
ord_00243,upi,1,849.26
ord_00244,debit_card,1,11675.2
ord_00245,credit_card,6,6503.41
ord_00246,credit_card,6,1108.22
ord_00247,upi,1,9204.21
ord_00248,credit_card,4,1084.69
ord_00249,upi,1,14592.64
ord_00250,upi,1,2983.01
ord_00251,credit_card,4,698.66
ord_00252,credit_card,6,2595.29
ord_00253,wallet,1,5512.57
ord_00254,credit_card,4,415.61
ord_00255,credit_card,6,5675.74
ord_00256,cod,1,4269.55
ord_00257,wallet,1,1556.58
ord_00258,credit_card,1,1209.28
ord_00259,debit_card,1,7881.67
ord_00260,upi,1,587.78
ord_00261,upi,1,2233.37
ord_00262,upi,1,1312.31
ord_00263,upi,1,8007.0
ord_00264,debit_card,1,2200.01
ord_00265,upi,1,1213.12
ord_00266,credit_card,1,10572.23
ord_00267,upi,1,9479.01
ord_00268,debit_card,1,13337.82
ord_00269,credit_card,1,2664.0
ord_00270,wallet,1,4914.7
ord_00271,upi,1,532.09
ord_00272,credit_card,3,8314.27
ord_00273,wallet,1,13207.47
ord_00274,cod,1,7166.13
ord_00275,upi,1,18595.82
ord_00276,upi,1,10200.53
ord_00277,credit_card,3,1707.37
ord_00278,wallet,1,14540.59
ord_00279,credit_card,4,5470.38
ord_00280,debit_card,1,463.45
ord_00281,wallet,1,5542.61
ord_00282,credit_card,3,7643.44
ord_00283,upi,1,7755.69
ord_00284,credit_card,1,12005.27
ord_00285,upi,1,914.97
ord_00286,upi,1,7936.46
ord_00287,credit_card,5,796.84
ord_00288,debit_card,1,2552.16
ord_00289,cod,1,507.19
ord_00290,cod,1,15339.21
ord_00291,debit_card,1,7819.04
ord_00292,upi,1,674.7
ord_00293,upi,1,10041.16
ord_00294,upi,1,2514.02
ord_00295,debit_card,1,8593.1
ord_00296,upi,1,1307.0
ord_00297,cod,1,3936.84
ord_00298,upi,1,7150.07
ord_00299,credit_card,5,11733.71
ord_00300,credit_card,1,218.14
ord_00301,credit_card,6,2439.24
ord_00302,wallet,1,2533.85
ord_00303,credit_card,6,1282.92
ord_00304,upi,1,2553.92
ord_00305,upi,1,11367.45
ord_00306,credit_card,3,547.31
ord_00307,wallet,1,460.97
ord_00308,credit_card,3,699.81
ord_00309,credit_card,4,13047.73
ord_00310,debit_card,1,5974.24
ord_00311,upi,1,8081.24
ord_00312,cod,1,1948.85
ord_00313,upi,1,559.31
ord_00314,cod,1,4238.21
ord_00315,upi,1,1513.83
ord_00316,upi,1,7170.07
ord_00317,upi,1,3268.8
ord_00318,cod,1,8719.66
ord_00319,wallet,1,1016.95
ord_00320,credit_card,2,549.3
ord_00321,credit_card,3,389.03
ord_00322,upi,1,4942.31
ord_00323,debit_card,1,1671.71
ord_00324,cod,1,481.69
ord_00325,credit_card,5,9522.82
ord_00326,credit_card,6,1436.63
ord_00327,wallet,1,13617.14
ord_00328,upi,1,487.07
ord_00329,upi,1,8905.88
ord_00330,upi,1,3429.88
ord_00331,credit_card,1,925.33
ord_00332,upi,1,1442.55
ord_00333,debit_card,1,2265.47
ord_00334,credit_card,5,2312.56
ord_00335,credit_card,5,4498.08
ord_00336,credit_card,1,4548.39
ord_00337,credit_card,4,4962.04
ord_00338,credit_card,2,1721.6
ord_00339,credit_card,1,3259.16
ord_00340,cod,1,1646.5
ord_00341,upi,1,480.26
ord_00342,cod,1,3786.8
ord_00343,upi,1,1448.81
ord_00344,debit_card,1,6899.41
ord_00345,credit_card,3,3015.4
ord_00346,credit_card,4,12286.44
ord_00347,cod,1,15570.64
ord_00348,credit_card,5,5386.62
ord_00349,upi,1,3291.71
ord_00350,credit_card,3,572.45
ord_00351,upi,1,2824.04
ord_00352,upi,1,10723.53
ord_00353,upi,1,3513.13
ord_00354,upi,1,8297.66
ord_00355,credit_card,4,565.42
ord_00356,cod,1,8137.22
ord_00357,wallet,1,2365.7
ord_00358,wallet,1,7555.09
ord_00359,upi,1,12443.66
ord_00360,upi,1,989.75
ord_00361,wallet,1,715.39
ord_00362,debit_card,1,1956.78
ord_00363,cod,1,4827.8
ord_00364,cod,1,1354.34
ord_00365,cod,1,11682.37
ord_00366,credit_card,5,965.17
ord_00367,credit_card,1,542.0
ord_00368,wallet,1,1277.41
ord_00369,debit_card,1,1865.36
ord_00370,debit_card,1,2188.12
ord_00371,upi,1,14174.25
ord_00372,debit_card,1,453.17
ord_00373,wallet,1,655.84
ord_00374,upi,1,5406.07
ord_00375,credit_card,4,14103.81
ord_00376,upi,1,7510.61
ord_00377,upi,1,8771.35
ord_00378,credit_card,4,1084.51
ord_00379,debit_card,1,748.82
ord_00380,credit_card,4,6457.75
ord_00381,wallet,1,5642.09
ord_00382,credit_card,5,4191.94
ord_00383,upi,1,1884.62
ord_00384,cod,1,3165.67
ord_00385,debit_card,1,562.37
ord_00386,wallet,1,5551.08
ord_00387,wallet,1,2905.71
ord_00388,upi,1,932.04
ord_00389,credit_card,2,449.99
ord_00390,upi,1,232.42
ord_00391,debit_card,1,8407.48
ord_00392,upi,1,17967.67
ord_00393,credit_card,4,10293.76
ord_00394,upi,1,819.68
ord_00395,upi,1,465.58
ord_00396,credit_card,4,4136.78
ord_00397,cod,1,990.94
ord_00398,wallet,1,2699.92
ord_00399,upi,1,1279.3
ord_00400,upi,1,170.95
ord_00401,upi,1,1196.77
ord_00402,debit_card,1,2934.48
ord_00403,wallet,1,2391.06
ord_00404,credit_card,5,3255.11
ord_00405,credit_card,5,2751.8
ord_00406,cod,1,2952.88
ord_00407,debit_card,1,1617.8
ord_00408,credit_card,6,673.77
ord_00409,credit_card,3,1473.17
ord_00410,credit_card,6,7616.71
ord_00411,credit_card,6,17282.85
ord_00412,credit_card,4,543.61
ord_00413,upi,1,397.44
ord_00414,upi,1,1360.7
ord_00415,credit_card,4,368.23
ord_00416,wallet,1,7347.46
ord_00417,cod,1,3831.07
ord_00418,debit_card,1,481.84
ord_00419,upi,1,3053.25
ord_00420,upi,1,6828.3
ord_00421,upi,1,2159.81
ord_00422,debit_card,1,12622.73
ord_00423,upi,1,2806.55
ord_00424,wallet,1,7156.52
ord_00425,upi,1,2099.94
ord_00426,credit_card,5,8193.77
ord_00427,upi,1,2893.82
ord_00428,cod,1,9579.0
ord_00429,upi,1,8587.21
ord_00430,credit_card,2,1472.77
ord_00431,debit_card,1,3231.35
ord_00432,credit_card,6,2313.04
ord_00433,cod,1,4685.24
ord_00434,credit_card,4,7178.12
ord_00435,upi,1,7917.25
ord_00436,debit_card,1,752.46
ord_00437,debit_card,1,5029.05
ord_00438,credit_card,6,10619.16
ord_00439,upi,1,2997.09
ord_00440,credit_card,5,16081.74
ord_00441,wallet,1,1005.82
ord_00442,debit_card,1,2272.38
ord_00443,credit_card,5,438.96
ord_00444,debit_card,1,1298.32
ord_00445,cod,1,7468.95
ord_00446,credit_card,1,8512.82
ord_00447,wallet,1,11811.27
ord_00448,credit_card,3,2054.13
ord_00449,credit_card,6,1191.77
ord_00450,credit_card,3,1878.96
ord_00451,credit_card,5,4883.78
ord_00452,upi,1,1658.0
ord_00453,upi,1,7058.26
ord_00454,upi,1,3806.9
ord_00455,credit_card,2,301.03
ord_00456,upi,1,2360.3
ord_00457,upi,1,8028.34
ord_00458,credit_card,5,1210.23
ord_00459,credit_card,6,3268.34
ord_00460,cod,1,1199.59
ord_00461,credit_card,3,3867.27
ord_00462,credit_card,6,15319.18
ord_00463,upi,1,508.79
ord_00464,upi,1,783.75
ord_00465,upi,1,3934.75
ord_00466,debit_card,1,1008.68
ord_00467,upi,1,637.35
ord_00468,credit_card,6,1937.27
ord_00469,upi,1,10206.74
ord_00470,cod,1,8641.9
ord_00471,upi,1,6459.37
ord_00472,upi,1,1012.82
ord_00473,upi,1,2632.48
ord_00474,cod,1,11558.49
ord_00475,debit_card,1,18605.68
ord_00476,cod,1,1737.31
ord_00477,credit_card,3,5638.48
ord_00478,debit_card,1,1950.22
ord_00479,wallet,1,8775.91
ord_00480,wallet,1,2727.26
ord_00481,credit_card,1,6430.75
ord_00482,cod,1,2503.91
ord_00483,credit_card,4,14352.69
ord_00484,upi,1,1342.84
ord_00485,credit_card,3,6700.88
ord_00486,wallet,1,787.5
ord_00487,credit_card,5,1018.86
ord_00488,debit_card,1,738.2
ord_00489,credit_card,2,8490.1
ord_00490,upi,1,1546.48
ord_00491,upi,1,1681.6
ord_00492,credit_card,1,10824.57
ord_00493,debit_card,1,1904.19
ord_00494,upi,1,3822.36
ord_00495,credit_card,3,8835.6
ord_00496,cod,1,1335.51
ord_00497,upi,1,6119.24
ord_00498,upi,1,1785.46
ord_00499,upi,1,6417.58
ord_00500,upi,1,832.14
ord_00501,upi,1,6131.31
ord_00502,wallet,1,2155.94
ord_00503,cod,1,1103.63
ord_00504,wallet,1,21523.73
ord_00505,cod,1,1919.96
ord_00506,upi,1,1350.53
ord_00507,credit_card,2,1946.36
ord_00508,credit_card,3,1692.61
ord_00509,cod,1,791.45
ord_00510,upi,1,5716.76
ord_00511,credit_card,3,1280.39
ord_00512,cod,1,4644.69
ord_00513,cod,1,3180.83
ord_00514,debit_card,1,757.98
ord_00515,credit_card,5,9236.93
ord_00516,debit_card,1,4630.36
ord_00517,credit_card,6,9837.29
ord_00518,credit_card,1,2020.03
ord_00519,wallet,1,1662.37
ord_00520,upi,1,1589.14
ord_00521,upi,1,9704.54
ord_00522,wallet,1,746.11
ord_00523,upi,1,1639.77
ord_00524,upi,1,9488.18
ord_00525,upi,1,809.15
ord_00526,wallet,1,8264.98
ord_00527,wallet,1,1167.23
ord_00528,upi,1,11739.88
ord_00529,debit_card,1,1470.09
ord_00530,credit_card,5,1195.85
ord_00531,credit_card,2,1946.85
ord_00532,debit_card,1,6626.82
ord_00533,credit_card,3,20328.28
ord_00534,credit_card,2,2123.0
ord_00535,credit_card,6,5265.78
ord_00536,credit_card,1,7575.81
ord_00537,credit_card,5,360.74
ord_00538,upi,1,15698.34
ord_00539,upi,1,1423.54
ord_00540,credit_card,1,1512.46
ord_00541,credit_card,5,7490.29
ord_00542,credit_card,5,1743.54
ord_00543,wallet,1,1526.87
ord_00544,credit_card,5,8229.89
ord_00545,upi,1,6814.82
ord_00546,credit_card,5,15059.44
ord_00547,upi,1,6863.91
ord_00548,cod,1,3102.76
ord_00549,credit_card,5,10476.39
ord_00550,upi,1,1121.46
ord_00551,upi,1,4686.52
ord_00552,upi,1,948.96
ord_00553,cod,1,1660.25
ord_00554,upi,1,2343.79
ord_00555,debit_card,1,373.23
ord_00556,wallet,1,5259.06
ord_00557,cod,1,484.43
ord_00558,cod,1,1249.27
ord_00559,credit_card,5,411.07
ord_00560,cod,1,2646.63
ord_00561,credit_card,6,2217.23
ord_00562,upi,1,1855.95
ord_00563,credit_card,4,832.05
ord_00564,upi,1,1647.84
ord_00565,credit_card,2,8082.58
ord_00566,upi,1,1752.22
ord_00567,cod,1,3902.31
ord_00568,upi,1,242.48
ord_00569,wallet,1,1377.68
ord_00570,cod,1,3081.74
ord_00571,debit_card,1,3777.55
ord_00572,credit_card,4,6019.23
ord_00573,cod,1,7842.21
ord_00574,credit_card,6,8379.46
ord_00575,upi,1,15255.95
ord_00576,upi,1,2206.04
ord_00577,upi,1,20081.01
ord_00578,upi,1,2442.73
ord_00579,credit_card,2,5042.61
ord_00580,upi,1,3665.85
ord_00581,credit_card,1,1139.13
ord_00582,upi,1,6997.98
ord_00583,cod,1,1458.73
ord_00584,credit_card,6,5730.5
ord_00585,upi,1,1376.26
ord_00586,credit_card,1,859.68
ord_00587,wallet,1,8682.55
ord_00588,upi,1,800.21
ord_00589,debit_card,1,510.29
ord_00590,upi,1,6064.81
ord_00591,cod,1,489.52
ord_00592,upi,1,2129.26
ord_00593,upi,1,345.3
ord_00594,cod,1,1555.45
ord_00595,upi,1,6130.11
ord_00596,upi,1,1848.28
ord_00597,credit_card,4,662.5
ord_00598,cod,1,2168.02
ord_00599,credit_card,1,9061.53
ord_00600,cod,1,2187.21
ord_00601,upi,1,5687.89
ord_00602,cod,1,5562.05
ord_00603,cod,1,11540.76
ord_00604,credit_card,4,9368.18
ord_00605,credit_card,5,10847.84
ord_00606,cod,1,7058.14
ord_00607,wallet,1,15795.65
ord_00608,wallet,1,7625.03
ord_00609,credit_card,4,3044.48
ord_00610,debit_card,1,12248.54
ord_00611,credit_card,4,1860.93
ord_00612,upi,1,9876.56
ord_00613,debit_card,1,2254.72
ord_00614,upi,1,5404.67
ord_00615,credit_card,4,17928.13
ord_00616,debit_card,1,1533.67
ord_00617,wallet,1,1888.23
ord_00618,upi,1,6403.89
ord_00619,upi,1,2049.5
ord_00620,credit_card,2,7568.28
ord_00621,credit_card,2,9102.23
ord_00622,credit_card,2,161.32
ord_00623,credit_card,1,12423.71
ord_00624,cod,1,7752.42
ord_00625,credit_card,3,2512.98
ord_00626,wallet,1,2275.39
ord_00627,upi,1,1598.36
ord_00628,upi,1,6005.38
ord_00629,wallet,1,3464.14
ord_00630,upi,1,10177.21
ord_00631,upi,1,2261.71
ord_00632,upi,1,6282.65
ord_00633,credit_card,4,1410.19
ord_00634,wallet,1,2758.37
ord_00635,credit_card,5,6743.36
ord_00636,debit_card,1,15313.53
ord_00637,upi,1,9647.23
ord_00638,upi,1,3982.67
ord_00639,upi,1,940.88
ord_00640,upi,1,2077.63
ord_00641,credit_card,5,753.7
ord_00642,credit_card,2,581.33
ord_00643,upi,1,6313.7
ord_00644,wallet,1,4826.74
ord_00645,credit_card,3,1248.56
ord_00646,upi,1,800.44
ord_00647,credit_card,2,6845.11
ord_00648,credit_card,1,4568.34
ord_00649,credit_card,2,542.34
ord_00650,upi,1,392.3
ord_00651,upi,1,7322.3
ord_00652,credit_card,4,1899.09
ord_00653,upi,1,16720.14
ord_00654,upi,1,863.82
ord_00655,wallet,1,5146.31
ord_00656,debit_card,1,3560.79
ord_00657,cod,1,12353.42
ord_00658,upi,1,388.55
ord_00659,credit_card,4,967.79
ord_00660,upi,1,5743.61
ord_00661,upi,1,1166.25
ord_00662,credit_card,4,1753.68
ord_00663,upi,1,9108.11
ord_00664,cod,1,685.7
ord_00665,credit_card,3,2486.12
ord_00666,credit_card,6,653.66
ord_00667,upi,1,586.68
ord_00668,upi,1,13845.13
ord_00669,upi,1,9138.2
ord_00670,upi,1,12058.35
ord_00671,cod,1,5130.41
ord_00672,wallet,1,4949.14
ord_00673,credit_card,2,7924.71
ord_00674,upi,1,1229.57
ord_00675,credit_card,6,8912.1
ord_00676,debit_card,1,21868.52
ord_00677,upi,1,6717.28
ord_00678,credit_card,5,10656.45
ord_00679,upi,1,1098.62
ord_00680,debit_card,1,955.51
ord_00681,upi,1,3238.24
ord_00682,cod,1,2792.98
ord_00683,upi,1,6813.18
ord_00684,upi,1,14938.48
ord_00685,upi,1,10091.09
ord_00686,credit_card,1,1277.87
ord_00687,cod,1,599.65
ord_00688,credit_card,4,4395.02
ord_00689,upi,1,307.83
ord_00690,credit_card,6,487.41
ord_00691,upi,1,584.5
ord_00692,credit_card,1,7265.14
ord_00693,cod,1,3416.85
ord_00694,debit_card,1,7909.44
ord_00695,credit_card,3,832.0
ord_00696,upi,1,6065.81
ord_00697,upi,1,1497.47
ord_00698,cod,1,1714.78
ord_00699,wallet,1,988.37
ord_00700,credit_card,5,1237.74
ord_00701,wallet,1,9611.55
ord_00702,upi,1,1332.22
ord_00703,credit_card,3,1276.58
ord_00704,credit_card,6,5772.32
ord_00705,credit_card,6,9098.8
ord_00706,credit_card,5,2431.43
ord_00707,cod,1,1852.26
ord_00708,credit_card,3,3950.97
ord_00709,upi,1,25415.55
ord_00710,cod,1,3520.67
ord_00711,upi,1,6936.13
ord_00712,upi,1,3115.96
ord_00713,upi,1,883.41
ord_00714,upi,1,7692.07
ord_00715,credit_card,2,549.99
ord_00716,credit_card,3,715.61
ord_00717,upi,1,7098.31
ord_00718,credit_card,6,2948.6
ord_00719,wallet,1,8789.36
ord_00720,credit_card,1,2223.7
ord_00721,credit_card,2,6019.45
ord_00722,upi,1,9790.57
ord_00723,upi,1,7087.27
ord_00724,upi,1,5564.52
ord_00725,debit_card,1,10095.23
ord_00726,upi,1,961.04
ord_00727,cod,1,865.82
ord_00728,upi,1,11458.68
ord_00729,credit_card,4,660.85
ord_00730,debit_card,1,2035.06
ord_00731,upi,1,1681.46
ord_00732,wallet,1,4240.29
ord_00733,cod,1,10855.25
ord_00734,debit_card,1,7108.13
ord_00735,upi,1,7659.86
ord_00736,upi,1,1483.07
ord_00737,upi,1,1503.78
ord_00738,debit_card,1,797.71
ord_00739,credit_card,4,1431.12
ord_00740,upi,1,3510.6
ord_00741,upi,1,1196.65
ord_00742,debit_card,1,9767.85
ord_00743,upi,1,1450.06
ord_00744,cod,1,17084.3
ord_00745,credit_card,4,1113.75
ord_00746,wallet,1,1512.58
ord_00747,debit_card,1,5389.45
ord_00748,upi,1,1721.87
ord_00749,credit_card,6,495.33
ord_00750,credit_card,4,6958.89
ord_00751,debit_card,1,1190.07
ord_00752,credit_card,2,3235.77
ord_00753,debit_card,1,21054.45
ord_00754,credit_card,4,8731.15
ord_00755,debit_card,1,3135.53
ord_00756,upi,1,1581.73
ord_00757,upi,1,11596.61
ord_00758,upi,1,805.7
ord_00759,upi,1,831.77
ord_00760,wallet,1,744.48
ord_00761,upi,1,1983.53
ord_00762,credit_card,4,6413.11
ord_00763,credit_card,5,1680.83
ord_00764,debit_card,1,1090.08
ord_00765,wallet,1,9836.1
ord_00766,upi,1,9194.56
ord_00767,debit_card,1,3307.97
ord_00768,credit_card,5,1076.97
ord_00769,credit_card,1,426.05
ord_00770,wallet,1,12387.09
ord_00771,cod,1,6861.28
ord_00772,credit_card,2,13546.12
ord_00773,credit_card,1,649.42
ord_00774,cod,1,2407.48
ord_00775,credit_card,3,7058.04
ord_00776,upi,1,7043.91
ord_00777,upi,1,18369.74
ord_00778,credit_card,4,14588.69
ord_00779,wallet,1,464.97
ord_00780,credit_card,3,264.35
ord_00781,credit_card,2,5952.66
ord_00782,upi,1,12418.82
ord_00783,wallet,1,14276.15
ord_00784,credit_card,6,2976.72
ord_00785,credit_card,3,10139.77
ord_00786,cod,1,1171.79
ord_00787,upi,1,11098.21
ord_00788,credit_card,5,15324.23
ord_00789,credit_card,2,1278.73
ord_00790,wallet,1,15906.58
ord_00791,credit_card,6,2281.47
ord_00792,upi,1,6197.34
ord_00793,upi,1,3123.69
ord_00794,upi,1,663.42
ord_00795,upi,1,587.36
ord_00796,debit_card,1,455.68
ord_00797,wallet,1,917.1
ord_00798,upi,1,7712.15
ord_00799,credit_card,1,6323.4
ord_00800,credit_card,4,466.16
ord_00801,upi,1,2610.59
ord_00802,upi,1,1284.24
ord_00803,wallet,1,4712.59
ord_00804,cod,1,14546.13
ord_00805,debit_card,1,6673.75
ord_00806,cod,1,1512.57
ord_00807,upi,1,12221.09
ord_00808,cod,1,2930.2
ord_00809,upi,1,3718.3
ord_00810,upi,1,2086.87
ord_00811,upi,1,8628.61
ord_00812,upi,1,665.02
ord_00813,credit_card,6,8319.88
ord_00814,upi,1,500.18
ord_00815,debit_card,1,1778.96
ord_00816,credit_card,1,3462.41
ord_00817,wallet,1,1319.05
ord_00818,credit_card,4,4021.51
ord_00819,credit_card,3,701.09
ord_00820,debit_card,1,16336.11
ord_00821,upi,1,10448.74
ord_00822,credit_card,5,3522.06
ord_00823,credit_card,3,1112.51
ord_00824,debit_card,1,3765.53
ord_00825,upi,1,6059.18
ord_00826,credit_card,5,3379.96
ord_00827,upi,1,12967.54
ord_00828,upi,1,1353.63
ord_00829,upi,1,1218.44
ord_00830,wallet,1,2222.72
ord_00831,credit_card,3,836.43
ord_00832,cod,1,5395.16
ord_00833,credit_card,5,2403.46
ord_00834,credit_card,6,4857.11
ord_00835,wallet,1,1755.04
ord_00836,wallet,1,205.41
ord_00837,credit_card,3,4680.01
ord_00838,upi,1,2733.97
ord_00839,credit_card,5,997.52
ord_00840,upi,1,14782.13
ord_00841,credit_card,6,846.77
ord_00842,credit_card,4,9310.25
ord_00843,upi,1,535.66
ord_00844,upi,1,655.54
ord_00845,credit_card,3,708.91
ord_00846,credit_card,2,2069.87
ord_00847,credit_card,3,826.6
ord_00848,upi,1,12675.31
ord_00849,debit_card,1,13140.36
ord_00850,credit_card,2,471.28
ord_00851,cod,1,7879.84
ord_00852,credit_card,5,2382.03
ord_00853,credit_card,3,4435.54
ord_00854,wallet,1,13471.31
ord_00855,upi,1,1169.29
ord_00856,credit_card,5,1504.0
ord_00857,debit_card,1,11090.7
ord_00858,credit_card,3,1158.27
ord_00859,upi,1,1622.37
ord_00860,upi,1,6591.21
ord_00861,upi,1,2717.73
ord_00862,wallet,1,1436.08
ord_00863,wallet,1,2644.04
ord_00864,credit_card,2,3564.87
ord_00865,upi,1,1840.56
ord_00866,cod,1,2079.52
ord_00867,upi,1,1675.12
ord_00868,debit_card,1,1139.12
ord_00869,debit_card,1,11067.5
ord_00870,upi,1,8177.33
ord_00871,upi,1,7139.04
ord_00872,credit_card,4,2970.62
ord_00873,wallet,1,2260.36
ord_00874,upi,1,1791.96
ord_00875,debit_card,1,782.95
ord_00876,upi,1,2200.11
ord_00877,debit_card,1,796.85
ord_00878,cod,1,1466.15
ord_00879,wallet,1,6423.22
ord_00880,debit_card,1,556.9
ord_00881,credit_card,3,388.26
ord_00882,debit_card,1,2635.74
ord_00883,upi,1,9939.31
ord_00884,credit_card,1,9938.29
ord_00885,credit_card,2,1867.92
ord_00886,upi,1,2880.57
ord_00887,upi,1,2122.37
ord_00888,upi,1,701.42
ord_00889,credit_card,3,12838.01
ord_00890,upi,1,1174.77
ord_00891,credit_card,2,2102.28
ord_00892,cod,1,10223.74
ord_00893,cod,1,21126.76
ord_00894,upi,1,8060.7
ord_00895,credit_card,3,866.37
ord_00896,upi,1,7000.05
ord_00897,debit_card,1,7307.17
ord_00898,debit_card,1,596.24
ord_00899,cod,1,1496.29
ord_00900,debit_card,1,12505.89
ord_00901,credit_card,6,8347.09
ord_00902,debit_card,1,9084.16
ord_00903,upi,1,1271.74
ord_00904,upi,1,8002.16
ord_00905,cod,1,2113.59
ord_00906,upi,1,466.14
ord_00907,upi,1,1503.33
ord_00908,debit_card,1,9199.68
ord_00909,upi,1,632.4
ord_00910,credit_card,6,1544.26
ord_00911,upi,1,620.94
ord_00912,upi,1,7316.81
ord_00913,credit_card,3,254.99
ord_00914,upi,1,10509.38
ord_00915,credit_card,6,770.57
ord_00916,credit_card,3,6468.49
ord_00917,cod,1,1019.42
ord_00918,wallet,1,6522.39
ord_00919,upi,1,9160.72
ord_00920,debit_card,1,1187.3
ord_00921,credit_card,5,1833.5
ord_00922,credit_card,2,11125.58
ord_00923,upi,1,1502.1
ord_00924,wallet,1,960.86
ord_00925,debit_card,1,13388.81
ord_00926,upi,1,17329.85
ord_00927,upi,1,941.82
ord_00928,cod,1,13164.22
ord_00929,debit_card,1,2759.34
ord_00930,wallet,1,10030.96
ord_00931,credit_card,4,1634.88
ord_00932,credit_card,2,704.16
ord_00933,wallet,1,10311.73
ord_00934,cod,1,7282.59
ord_00935,wallet,1,911.61
ord_00936,debit_card,1,14624.73
ord_00937,cod,1,891.75
ord_00938,upi,1,1563.16
ord_00939,credit_card,5,4330.36
ord_00940,upi,1,971.33
ord_00941,credit_card,4,274.97
ord_00942,credit_card,5,1487.03
ord_00943,credit_card,5,5354.94
ord_00944,upi,1,9215.92
ord_00945,upi,1,2064.58
ord_00946,wallet,1,8804.2
ord_00947,credit_card,6,783.64
ord_00948,upi,1,1487.14
ord_00949,credit_card,5,507.29
ord_00950,credit_card,6,1253.99
ord_00951,wallet,1,2347.43
ord_00952,wallet,1,1784.36
ord_00953,upi,1,588.48
ord_00954,upi,1,1472.9
ord_00955,upi,1,2662.32
ord_00956,upi,1,13331.04
ord_00957,debit_card,1,5585.06
ord_00958,cod,1,16867.55
ord_00959,credit_card,4,1472.17
ord_00960,debit_card,1,975.03
ord_00961,upi,1,770.99
ord_00962,credit_card,4,7209.4
ord_00963,credit_card,1,7245.93
ord_00964,credit_card,6,2057.8
ord_00965,cod,1,2590.85
ord_00966,credit_card,3,3814.61
ord_00967,wallet,1,2387.38
ord_00968,credit_card,3,3085.59
ord_00969,debit_card,1,5367.39
ord_00970,upi,1,350.11
ord_00971,upi,1,956.04
ord_00972,upi,1,2077.83
ord_00973,upi,1,6749.84
ord_00974,credit_card,2,7310.33
ord_00975,credit_card,6,2692.6
ord_00976,credit_card,6,452.78
ord_00977,upi,1,9307.38
ord_00978,credit_card,5,429.45
ord_00979,credit_card,2,11407.15
ord_00980,upi,1,7682.74
ord_00981,upi,1,5641.25
ord_00982,upi,1,7278.66
ord_00983,debit_card,1,514.61
ord_00984,debit_card,1,12728.42
ord_00985,credit_card,4,835.18
ord_00986,credit_card,3,1579.38
ord_00987,cod,1,348.84
ord_00988,upi,1,673.55
ord_00989,credit_card,3,19591.42
ord_00990,wallet,1,8227.98
ord_00991,upi,1,2087.53
ord_00992,cod,1,1967.7
ord_00993,debit_card,1,9935.17
ord_00994,upi,1,3092.46
ord_00995,debit_card,1,16228.84
ord_00996,upi,1,1684.81
ord_00997,upi,1,3870.63
ord_00998,credit_card,1,2871.94
ord_00999,upi,1,10542.13
ord_01000,credit_card,2,882.08
ord_01001,upi,1,933.8
ord_01002,upi,1,672.11
ord_01003,cod,1,7406.67
ord_01004,upi,1,11770.76
ord_01005,credit_card,5,433.61
ord_01006,upi,1,4547.09
ord_01007,upi,1,8517.28
ord_01008,debit_card,1,762.93
ord_01009,debit_card,1,743.29
ord_01010,upi,1,2083.84
ord_01011,upi,1,1368.94
ord_01012,cod,1,11128.22
ord_01013,upi,1,7362.39
ord_01014,upi,1,4806.32
ord_01015,credit_card,5,2939.74
ord_01016,wallet,1,2842.75
ord_01017,upi,1,160.67
ord_01018,wallet,1,485.04
ord_01019,credit_card,6,15485.57
ord_01020,credit_card,3,2833.88
ord_01021,debit_card,1,7508.02
ord_01022,cod,1,2224.07
ord_01023,wallet,1,8833.65
ord_01024,wallet,1,1910.97
ord_01025,credit_card,6,473.84
ord_01026,debit_card,1,6008.98
ord_01027,credit_card,1,464.08
ord_01028,upi,1,876.15
ord_01029,cod,1,2250.14
ord_01030,credit_card,3,11373.03
ord_01031,upi,1,1305.93
ord_01032,cod,1,15682.55
ord_01033,credit_card,3,3631.86
ord_01034,upi,1,6681.57
ord_01035,debit_card,1,636.33
ord_01036,upi,1,1270.26
ord_01037,credit_card,1,1029.68
ord_01038,upi,1,9411.03
ord_01039,upi,1,1628.02
ord_01040,upi,1,7210.74
ord_01041,upi,1,12156.1
ord_01042,upi,1,4721.17
ord_01043,upi,1,6973.01
ord_01044,credit_card,3,1182.14
ord_01045,debit_card,1,1707.79
ord_01046,upi,1,2777.31
ord_01047,credit_card,3,2786.05
ord_01048,credit_card,5,1382.63
ord_01049,wallet,1,4264.34
ord_01050,credit_card,1,7602.53
ord_01051,upi,1,2131.92
ord_01052,credit_card,2,9212.51
ord_01053,credit_card,1,8963.85
ord_01054,upi,1,1517.96
ord_01055,upi,1,5842.49
ord_01056,credit_card,4,165.52
ord_01057,upi,1,11897.49
ord_01058,cod,1,1959.38
ord_01059,upi,1,6280.3
ord_01060,credit_card,1,1622.46
ord_01061,upi,1,2181.96
ord_01062,cod,1,1745.15
ord_01063,upi,1,876.06
ord_01064,credit_card,5,1534.48
ord_01065,wallet,1,3526.48
ord_01066,credit_card,2,13057.81
ord_01067,wallet,1,771.8
ord_01068,upi,1,1166.21
ord_01069,credit_card,4,2110.55
ord_01070,upi,1,1211.85
ord_01071,upi,1,700.74
ord_01072,debit_card,1,5134.29
ord_01073,credit_card,5,810.35
ord_01074,upi,1,613.78
ord_01075,credit_card,3,207.99
ord_01076,credit_card,3,1378.36
ord_01077,wallet,1,9719.48
ord_01078,upi,1,568.66
ord_01079,debit_card,1,7721.21
ord_01080,upi,1,9986.64
ord_01081,upi,1,1398.71
ord_01082,wallet,1,2987.04
ord_01083,debit_card,1,1371.06
ord_01084,credit_card,5,358.6
ord_01085,upi,1,12029.07
ord_01086,debit_card,1,8120.43
ord_01087,debit_card,1,8699.39
ord_01088,credit_card,4,190.53
ord_01089,wallet,1,3736.49
ord_01090,cod,1,1209.99
ord_01091,upi,1,407.56
ord_01092,wallet,1,3192.16
ord_01093,upi,1,8624.18
ord_01094,credit_card,2,3180.12
ord_01095,upi,1,487.19
ord_01096,wallet,1,3710.97
ord_01097,upi,1,18907.21
ord_01098,debit_card,1,440.66
ord_01099,wallet,1,1548.47
ord_01100,credit_card,3,8278.21
ord_01101,upi,1,631.48
ord_01102,credit_card,6,3601.12
ord_01103,cod,1,7114.91
ord_01104,debit_card,1,13180.12
ord_01105,wallet,1,2607.78
ord_01106,upi,1,11309.32
ord_01107,credit_card,3,8777.05
ord_01108,credit_card,4,7990.46
ord_01109,cod,1,11494.69
ord_01110,credit_card,1,870.24
ord_01111,upi,1,2240.27
ord_01112,upi,1,1603.14
ord_01113,upi,1,8597.84
ord_01114,credit_card,3,5913.22
ord_01115,upi,1,394.18
ord_01116,credit_card,2,1296.74
ord_01117,credit_card,2,11055.52
ord_01118,credit_card,4,5032.41
ord_01119,debit_card,1,6394.87
ord_01120,wallet,1,10264.21
ord_01121,credit_card,6,6124.47
ord_01122,upi,1,1093.96
ord_01123,wallet,1,1092.69
ord_01124,upi,1,5808.01
ord_01125,credit_card,1,836.87
ord_01126,credit_card,4,652.21
ord_01127,upi,1,9639.23
ord_01128,credit_card,4,1221.22
ord_01129,credit_card,1,10186.12
ord_01130,credit_card,2,13021.39
ord_01131,debit_card,1,3109.81
ord_01132,wallet,1,3472.94
ord_01133,cod,1,6909.86
ord_01134,debit_card,1,769.18
ord_01135,upi,1,545.48
ord_01136,credit_card,1,325.69
ord_01137,debit_card,1,2574.36
ord_01138,cod,1,1542.42
ord_01139,credit_card,4,3412.03
ord_01140,upi,1,8710.95
ord_01141,debit_card,1,8045.59
ord_01142,credit_card,2,7877.42
ord_01143,wallet,1,2180.57
ord_01144,credit_card,2,5468.2
ord_01145,upi,1,6338.21
ord_01146,upi,1,2262.54
ord_01147,wallet,1,5749.4
ord_01148,upi,1,9785.34
ord_01149,upi,1,5295.85
ord_01150,credit_card,4,684.9
ord_01151,cod,1,1113.67
ord_01152,wallet,1,4759.29
ord_01153,credit_card,3,13103.65
ord_01154,upi,1,783.53
ord_01155,upi,1,1006.2
ord_01156,debit_card,1,210.65
ord_01157,debit_card,1,6199.34
ord_01158,upi,1,523.43
ord_01159,upi,1,713.32
ord_01160,upi,1,7878.37
ord_01161,credit_card,3,521.25
ord_01162,credit_card,1,4897.51
ord_01163,upi,1,2588.02
ord_01164,cod,1,1093.17
ord_01165,upi,1,964.55
ord_01166,debit_card,1,634.2
ord_01167,upi,1,1070.68
ord_01168,upi,1,1800.28
ord_01169,upi,1,714.76
ord_01170,credit_card,4,1496.16
ord_01171,credit_card,2,1391.73
ord_01172,credit_card,5,430.75
ord_01173,credit_card,3,1708.33
ord_01174,debit_card,1,816.93
ord_01175,upi,1,3865.49
ord_01176,wallet,1,1660.12
ord_01177,credit_card,1,1751.9
ord_01178,upi,1,8638.82
ord_01179,upi,1,467.48
ord_01180,upi,1,912.86
ord_01181,credit_card,5,8203.88
ord_01182,cod,1,10001.63
ord_01183,upi,1,761.11
ord_01184,upi,1,6971.31
ord_01185,credit_card,1,710.48
ord_01186,upi,1,6896.37
ord_01187,debit_card,1,10322.02
ord_01188,wallet,1,2674.17
ord_01189,credit_card,1,17294.17
ord_01190,upi,1,6474.42
ord_01191,credit_card,4,771.37
ord_01192,debit_card,1,8908.23
ord_01193,cod,1,2157.37
ord_01194,wallet,1,10612.32
ord_01195,upi,1,5722.59
ord_01196,credit_card,5,1227.53
ord_01197,upi,1,730.85
ord_01198,credit_card,6,633.19
ord_01199,credit_card,1,10676.51
ord_01200,credit_card,1,2422.57
ord_01201,credit_card,3,3942.85
ord_01202,upi,1,3896.86
ord_01203,credit_card,6,13502.17
ord_01204,upi,1,729.08
ord_01205,upi,1,11412.63
ord_01206,credit_card,2,2435.23
ord_01207,debit_card,1,1993.37
ord_01208,wallet,1,6763.15
ord_01209,upi,1,2101.96
ord_01210,credit_card,3,1211.88
ord_01211,credit_card,1,11164.58
ord_01212,upi,1,1285.81
ord_01213,debit_card,1,445.21
ord_01214,upi,1,1301.2
ord_01215,upi,1,6395.82
ord_01216,upi,1,479.26
ord_01217,credit_card,2,349.17
ord_01218,debit_card,1,1830.68
ord_01219,upi,1,2920.42
ord_01220,wallet,1,8099.01
ord_01221,credit_card,2,6430.72
ord_01222,credit_card,4,16774.78
ord_01223,wallet,1,1077.24
ord_01224,upi,1,508.47
ord_01225,upi,1,702.87
ord_01226,upi,1,1948.89
ord_01227,upi,1,3491.39
ord_01228,upi,1,888.28
ord_01229,upi,1,630.1
ord_01230,credit_card,6,1513.14
ord_01231,debit_card,1,2354.7
ord_01232,upi,1,419.87
ord_01233,cod,1,1314.18
ord_01234,wallet,1,12007.05
ord_01235,upi,1,2512.27
ord_01236,debit_card,1,1818.58
ord_01237,upi,1,1752.73
ord_01238,credit_card,4,2376.53
ord_01239,cod,1,906.96
ord_01240,cod,1,1311.54
ord_01241,wallet,1,4571.31
ord_01242,upi,1,2179.42
ord_01243,upi,1,1053.75
ord_01244,upi,1,889.01
ord_01245,wallet,1,9232.47
ord_01246,credit_card,1,16602.73
ord_01247,credit_card,5,3279.28
ord_01248,upi,1,1638.2
ord_01249,credit_card,2,2663.14
ord_01250,debit_card,1,9278.3
ord_01251,upi,1,1772.82
ord_01252,debit_card,1,8515.27
ord_01253,credit_card,1,12788.65
ord_01254,upi,1,823.54
ord_01255,cod,1,1234.23
ord_01256,credit_card,3,1832.14
ord_01257,upi,1,4114.7
ord_01258,cod,1,477.61
ord_01259,upi,1,767.43
ord_01260,debit_card,1,6810.49
ord_01261,upi,1,2324.68
ord_01262,credit_card,2,1377.12
ord_01263,upi,1,826.08
ord_01264,credit_card,6,997.79
ord_01265,credit_card,1,972.97
ord_01266,cod,1,1603.69
ord_01267,credit_card,2,2008.46
ord_01268,wallet,1,7813.01
ord_01269,credit_card,1,4799.4
ord_01270,debit_card,1,3132.89
ord_01271,debit_card,1,610.63
ord_01272,upi,1,1388.34
ord_01273,upi,1,1517.72
ord_01274,credit_card,5,8217.86
ord_01275,upi,1,7501.23
ord_01276,credit_card,2,9913.5
ord_01277,upi,1,2672.38
ord_01278,debit_card,1,786.59
ord_01279,upi,1,2532.34
ord_01280,upi,1,1310.22
ord_01281,credit_card,4,9113.65
ord_01282,credit_card,6,860.75
ord_01283,wallet,1,13539.63
ord_01284,wallet,1,8923.83
ord_01285,debit_card,1,8542.84
ord_01286,credit_card,4,780.42
ord_01287,debit_card,1,689.43
ord_01288,upi,1,1719.98
ord_01289,upi,1,7408.75
ord_01290,cod,1,196.08
ord_01291,upi,1,27847.52
ord_01292,wallet,1,9854.34
ord_01293,upi,1,10150.57
ord_01294,credit_card,5,9670.68
ord_01295,credit_card,5,1761.75
ord_01296,debit_card,1,382.64
ord_01297,upi,1,3084.48
ord_01298,credit_card,2,8271.19
ord_01299,upi,1,14470.52
ord_01300,upi,1,6879.48
ord_01301,wallet,1,7036.01
ord_01302,upi,1,380.62
ord_01303,debit_card,1,1504.33
ord_01304,credit_card,3,2630.47
ord_01305,upi,1,25653.84
ord_01306,credit_card,6,14358.14
ord_01307,debit_card,1,956.67
ord_01308,upi,1,510.2
ord_01309,cod,1,2961.16
ord_01310,upi,1,9961.01
ord_01311,wallet,1,9175.31
ord_01312,upi,1,12920.4
ord_01313,credit_card,2,9035.09
ord_01314,debit_card,1,4822.69
ord_01315,upi,1,9045.0
ord_01316,wallet,1,15045.66
ord_01317,upi,1,2900.7
ord_01318,cod,1,437.34
ord_01319,upi,1,1769.86
ord_01320,upi,1,437.68
ord_01321,upi,1,975.92
ord_01322,credit_card,5,3905.26
ord_01323,debit_card,1,1476.89
ord_01324,upi,1,2078.45
ord_01325,upi,1,730.2
ord_01326,upi,1,810.96
ord_01327,debit_card,1,7927.42
ord_01328,upi,1,2134.19
ord_01329,upi,1,14530.19
ord_01330,wallet,1,7771.14
ord_01331,upi,1,4741.06
ord_01332,upi,1,1597.98
ord_01333,wallet,1,1924.22
ord_01334,debit_card,1,7152.33
ord_01335,credit_card,4,4142.94
ord_01336,cod,1,8525.6
ord_01337,credit_card,1,2869.42
ord_01338,debit_card,1,13500.34
ord_01339,cod,1,1887.87
ord_01340,upi,1,9014.88
ord_01341,upi,1,360.47
ord_01342,debit_card,1,645.48
ord_01343,upi,1,422.68
ord_01344,credit_card,6,3212.25
ord_01345,upi,1,11488.33
ord_01346,upi,1,1649.52
ord_01347,credit_card,1,915.65
ord_01348,upi,1,2188.38
ord_01349,credit_card,2,4607.01
ord_01350,upi,1,1250.3
ord_01351,credit_card,1,2227.22
ord_01352,credit_card,1,14944.98
ord_01353,credit_card,3,3551.45
ord_01354,wallet,1,317.63
ord_01355,debit_card,1,9859.8
ord_01356,credit_card,1,8804.67
ord_01357,credit_card,5,19064.3
ord_01358,credit_card,6,1610.47
ord_01359,upi,1,3014.74
ord_01360,wallet,1,7058.4
ord_01361,credit_card,5,340.76
ord_01362,credit_card,1,5266.98
ord_01363,upi,1,1342.81
ord_01364,debit_card,1,635.31
ord_01365,credit_card,4,5182.78
ord_01366,debit_card,1,3012.35
ord_01367,wallet,1,2691.75
ord_01368,credit_card,2,10810.37
ord_01369,wallet,1,12965.95
ord_01370,credit_card,1,2155.89
ord_01371,cod,1,1572.84
ord_01372,credit_card,5,1027.76
ord_01373,upi,1,13389.9
ord_01374,credit_card,4,372.02
ord_01375,debit_card,1,358.79
ord_01376,credit_card,5,9100.46
ord_01377,cod,1,9779.76
ord_01378,upi,1,3061.2
ord_01379,wallet,1,12359.43
ord_01380,credit_card,1,6106.11
ord_01381,credit_card,1,9570.82
ord_01382,upi,1,10145.93
ord_01383,upi,1,12004.34
ord_01384,credit_card,6,1401.67
ord_01385,credit_card,1,571.41
ord_01386,upi,1,1919.17
ord_01387,credit_card,1,1148.15
ord_01388,upi,1,1178.32
ord_01389,upi,1,761.52
ord_01390,credit_card,6,428.19
ord_01391,debit_card,1,2032.88
ord_01392,upi,1,13408.83
ord_01393,upi,1,4168.19
ord_01394,credit_card,3,2611.42
ord_01395,cod,1,6930.61
ord_01396,cod,1,8321.3
ord_01397,wallet,1,6442.21
ord_01398,credit_card,5,8460.88
ord_01399,upi,1,525.25
ord_01400,cod,1,9354.3
ord_01401,upi,1,9330.84
ord_01402,credit_card,2,7564.87
ord_01403,cod,1,3503.94
ord_01404,credit_card,5,1877.43
ord_01405,credit_card,1,1127.48
ord_01406,wallet,1,1210.28
ord_01407,upi,1,9483.3
ord_01408,debit_card,1,791.99
ord_01409,upi,1,4364.51
ord_01410,credit_card,4,1113.82
ord_01411,upi,1,318.26
ord_01412,debit_card,1,2630.16
ord_01413,debit_card,1,1679.7
ord_01414,credit_card,5,3915.61
ord_01415,debit_card,1,1283.47
ord_01416,debit_card,1,9227.41
ord_01417,upi,1,412.64
ord_01418,credit_card,3,1678.6
ord_01419,credit_card,1,4310.81
ord_01420,upi,1,6052.75
ord_01421,debit_card,1,1190.26
ord_01422,credit_card,1,424.34
ord_01423,cod,1,10009.44
ord_01424,credit_card,6,14060.58
ord_01425,wallet,1,5043.47
ord_01426,debit_card,1,6552.89
ord_01427,upi,1,6991.0
ord_01428,cod,1,1932.29
ord_01429,debit_card,1,2228.69
ord_01430,upi,1,2393.07
ord_01431,debit_card,1,4911.22
ord_01432,credit_card,4,1043.22
ord_01433,upi,1,1528.63
ord_01434,wallet,1,763.54
ord_01435,upi,1,1569.26
ord_01436,wallet,1,2967.97
ord_01437,upi,1,1057.33
ord_01438,wallet,1,1703.97
ord_01439,upi,1,17203.06
ord_01440,upi,1,797.91
ord_01441,upi,1,679.13
ord_01442,upi,1,3692.34
ord_01443,credit_card,1,5865.28
ord_01444,credit_card,4,1539.57
ord_01445,debit_card,1,1705.65
ord_01446,debit_card,1,740.73
ord_01447,cod,1,894.02
ord_01448,credit_card,1,1587.66
ord_01449,credit_card,2,688.79
ord_01450,upi,1,6490.15
ord_01451,upi,1,1700.71
ord_01452,credit_card,3,410.69
ord_01453,upi,1,1056.13
ord_01454,cod,1,3535.36
ord_01455,credit_card,1,8710.38
ord_01456,upi,1,387.12
ord_01457,credit_card,6,727.5
ord_01458,upi,1,566.03
ord_01459,credit_card,5,1184.08
ord_01460,cod,1,835.96
ord_01461,upi,1,1231.93
ord_01462,upi,1,1864.82
ord_01463,upi,1,14047.35
ord_01464,credit_card,3,2035.79
ord_01465,upi,1,1633.88
ord_01466,upi,1,878.09
ord_01467,upi,1,826.97
ord_01468,debit_card,1,6003.97
ord_01469,credit_card,6,4065.78
ord_01470,upi,1,11830.37
ord_01471,credit_card,4,10791.1
ord_01472,wallet,1,1791.7
ord_01473,debit_card,1,745.24
ord_01474,wallet,1,2026.76
ord_01475,cod,1,1808.64
ord_01476,debit_card,1,10349.54
ord_01477,credit_card,6,1218.88
ord_01478,credit_card,3,1228.36
ord_01479,cod,1,2336.2
ord_01480,credit_card,6,1913.38
ord_01481,upi,1,5915.71
ord_01482,wallet,1,3043.24
ord_01483,upi,1,2688.97
ord_01484,upi,1,1561.1
ord_01485,upi,1,1563.77
ord_01486,debit_card,1,1339.14
ord_01487,wallet,1,10485.58
ord_01488,wallet,1,342.73
ord_01489,credit_card,3,1183.22
ord_01490,debit_card,1,11979.24
ord_01491,upi,1,7416.11
ord_01492,credit_card,1,429.32
ord_01493,cod,1,204.29
ord_01494,cod,1,3902.6
ord_01495,wallet,1,8354.93
ord_01496,cod,1,397.06
ord_01497,upi,1,788.55
ord_01498,cod,1,10521.51
ord_01499,credit_card,6,627.34
ord_01500,credit_card,1,465.51
ord_01501,credit_card,4,1961.6
ord_01502,upi,1,7363.44
ord_01503,upi,1,529.91
ord_01504,debit_card,1,16398.87
ord_01505,upi,1,3168.64
ord_01506,wallet,1,845.18
ord_01507,credit_card,5,2659.66
ord_01508,wallet,1,6251.84
ord_01509,debit_card,1,727.9
ord_01510,upi,1,1878.8
ord_01511,upi,1,3492.42
ord_01512,upi,1,4028.68
ord_01513,upi,1,1853.41
ord_01514,credit_card,3,399.15
ord_01515,wallet,1,894.65
ord_01516,credit_card,3,18465.76
ord_01517,wallet,1,986.66
ord_01518,credit_card,2,1199.73
ord_01519,credit_card,5,6840.25
ord_01520,debit_card,1,851.09
ord_01521,upi,1,2463.09
ord_01522,credit_card,6,2433.31
ord_01523,upi,1,6483.57
ord_01524,credit_card,6,9623.82
ord_01525,cod,1,1594.89
ord_01526,upi,1,6784.68
ord_01527,debit_card,1,5403.24
ord_01528,debit_card,1,6173.47
ord_01529,debit_card,1,820.26
ord_01530,upi,1,461.45
ord_01531,upi,1,4734.49
ord_01532,credit_card,1,3596.77
ord_01533,upi,1,359.04
ord_01534,upi,1,1310.33
ord_01535,cod,1,1177.0
ord_01536,credit_card,2,751.93
ord_01537,upi,1,7718.88
ord_01538,debit_card,1,529.72
ord_01539,credit_card,2,2125.41
ord_01540,wallet,1,10876.86
ord_01541,upi,1,18172.28
ord_01542,credit_card,1,9552.54
ord_01543,upi,1,6946.12
ord_01544,credit_card,4,419.97
ord_01545,cod,1,5535.59
ord_01546,credit_card,2,2105.46
ord_01547,upi,1,10185.75
ord_01548,credit_card,6,2216.19
ord_01549,upi,1,470.62
ord_01550,cod,1,1088.16
ord_01551,upi,1,8277.94
ord_01552,credit_card,1,1659.2
ord_01553,credit_card,6,562.78
ord_01554,upi,1,9224.39
ord_01555,upi,1,5581.22
ord_01556,debit_card,1,1808.22
ord_01557,wallet,1,1832.55
ord_01558,credit_card,1,561.76
ord_01559,debit_card,1,9815.74
ord_01560,wallet,1,2015.76
ord_01561,credit_card,4,6550.83
ord_01562,credit_card,2,3506.19
ord_01563,cod,1,6929.17
ord_01564,credit_card,4,7092.42
ord_01565,upi,1,8863.77
ord_01566,cod,1,9216.59
ord_01567,cod,1,1521.83
ord_01568,credit_card,1,818.78
ord_01569,credit_card,2,1792.2
ord_01570,debit_card,1,2829.55
ord_01571,wallet,1,2644.68
ord_01572,upi,1,872.19
ord_01573,credit_card,3,3308.29
ord_01574,credit_card,3,2640.53
ord_01575,upi,1,3646.57
ord_01576,credit_card,2,11676.23
ord_01577,upi,1,1244.67
ord_01578,wallet,1,4710.7
ord_01579,credit_card,5,4379.98
ord_01580,credit_card,5,1022.8
ord_01581,upi,1,11182.88
ord_01582,upi,1,16473.81
ord_01583,upi,1,1277.08
ord_01584,credit_card,1,1604.6
ord_01585,debit_card,1,11160.41
ord_01586,upi,1,4144.69
ord_01587,credit_card,1,2015.88
ord_01588,upi,1,6664.99
ord_01589,upi,1,648.21
ord_01590,debit_card,1,917.07
ord_01591,debit_card,1,1382.11
ord_01592,upi,1,4462.69
ord_01593,cod,1,10804.32
ord_01594,upi,1,1303.89
ord_01595,credit_card,1,13622.18
ord_01596,debit_card,1,8944.51
ord_01597,upi,1,7195.86
ord_01598,credit_card,4,7955.42
ord_01599,credit_card,5,9496.74
ord_01600,upi,1,488.81
ord_01601,cod,1,654.07
ord_01602,upi,1,2324.42
ord_01603,wallet,1,8146.72
ord_01604,credit_card,5,842.44
ord_01605,upi,1,9946.65
ord_01606,credit_card,6,726.81
ord_01607,cod,1,663.0
ord_01608,upi,1,535.03
ord_01609,credit_card,4,12308.3
ord_01610,wallet,1,1948.63
ord_01611,upi,1,6602.37
ord_01612,upi,1,1889.92
ord_01613,debit_card,1,8457.76
ord_01614,debit_card,1,5676.53
ord_01615,debit_card,1,171.6
ord_01616,credit_card,4,5993.02
ord_01617,cod,1,472.31
ord_01618,upi,1,1749.82
ord_01619,upi,1,499.71
ord_01620,credit_card,1,2571.39
ord_01621,debit_card,1,3999.18
ord_01622,upi,1,1228.24
ord_01623,cod,1,1197.31
ord_01624,upi,1,432.58
ord_01625,upi,1,2394.57
ord_01626,wallet,1,9033.96
ord_01627,upi,1,3788.87
ord_01628,upi,1,3288.01
ord_01629,debit_card,1,1554.38
ord_01630,credit_card,2,4650.11
ord_01631,upi,1,1935.7
ord_01632,wallet,1,1654.64
ord_01633,upi,1,502.34
ord_01634,credit_card,2,4334.52
ord_01635,credit_card,4,1320.81
ord_01636,upi,1,1522.67
ord_01637,debit_card,1,11922.4
ord_01638,debit_card,1,887.75
ord_01639,wallet,1,1360.77
ord_01640,debit_card,1,680.18
ord_01641,debit_card,1,1899.4
ord_01642,wallet,1,478.05
ord_01643,debit_card,1,3386.18
ord_01644,debit_card,1,2631.66
ord_01645,upi,1,4318.85
ord_01646,cod,1,4227.16
ord_01647,upi,1,745.94
ord_01648,credit_card,2,441.56
ord_01649,upi,1,1455.8
ord_01650,upi,1,239.4
ord_01651,credit_card,1,1464.19
ord_01652,upi,1,3154.08
ord_01653,upi,1,7601.91
ord_01654,credit_card,6,988.9
ord_01655,credit_card,5,3958.57
ord_01656,credit_card,2,9354.75
ord_01657,upi,1,2336.08
ord_01658,credit_card,2,1108.18
ord_01659,credit_card,6,5162.25
ord_01660,upi,1,13878.99
ord_01661,cod,1,864.6
ord_01662,cod,1,2844.35
ord_01663,upi,1,2192.69
ord_01664,credit_card,6,2532.96
ord_01665,credit_card,3,15715.3
ord_01666,credit_card,6,5502.84
ord_01667,upi,1,450.34
ord_01668,upi,1,8820.34
ord_01669,wallet,1,8150.28
ord_01670,wallet,1,8344.69
ord_01671,credit_card,6,8379.78
ord_01672,debit_card,1,5544.96
ord_01673,cod,1,3328.16
ord_01674,debit_card,1,1552.62
ord_01675,wallet,1,974.13
ord_01676,debit_card,1,1957.85
ord_01677,wallet,1,2006.05
ord_01678,credit_card,4,485.09
ord_01679,credit_card,4,3788.16
ord_01680,upi,1,6982.79
ord_01681,upi,1,3688.12
ord_01682,credit_card,6,650.81
ord_01683,credit_card,3,1903.1
ord_01684,upi,1,11654.25
ord_01685,upi,1,6471.91
ord_01686,upi,1,5445.1
ord_01687,upi,1,15384.42
ord_01688,debit_card,1,678.28
ord_01689,wallet,1,6824.86
ord_01690,credit_card,2,737.12
ord_01691,upi,1,910.79
ord_01692,credit_card,2,1795.13
ord_01693,upi,1,498.16
ord_01694,upi,1,10242.94
ord_01695,cod,1,2955.81
ord_01696,cod,1,1282.45
ord_01697,credit_card,6,12340.63
ord_01698,upi,1,1653.02
ord_01699,debit_card,1,675.61
ord_01700,wallet,1,8437.47
ord_01701,upi,1,16738.05
ord_01702,upi,1,1825.89
ord_01703,credit_card,6,2595.16
ord_01704,cod,1,4996.21
ord_01705,debit_card,1,843.7
ord_01706,upi,1,2305.46
ord_01707,debit_card,1,1206.93
ord_01708,credit_card,4,5764.64
ord_01709,wallet,1,927.53
ord_01710,upi,1,513.74
ord_01711,upi,1,12084.88
ord_01712,upi,1,9317.83
ord_01713,debit_card,1,20725.16
ord_01714,cod,1,1086.78
ord_01715,upi,1,516.51
ord_01716,credit_card,2,3653.8
ord_01717,wallet,1,3252.87
ord_01718,upi,1,963.49
ord_01719,cod,1,550.1
ord_01720,credit_card,4,2322.04
ord_01721,credit_card,4,7393.29
ord_01722,upi,1,1775.3
ord_01723,debit_card,1,1155.36
ord_01724,credit_card,6,1522.86
ord_01725,wallet,1,2197.03
ord_01726,upi,1,7721.56
ord_01727,wallet,1,7696.33
ord_01728,upi,1,611.39
ord_01729,upi,1,13443.36
ord_01730,debit_card,1,1152.27
ord_01731,credit_card,1,6779.49
ord_01732,credit_card,6,17307.56
ord_01733,credit_card,3,835.55
ord_01734,cod,1,7312.96
ord_01735,upi,1,605.11
ord_01736,upi,1,6049.87
ord_01737,credit_card,3,617.96
ord_01738,wallet,1,13620.08
ord_01739,upi,1,4955.55
ord_01740,wallet,1,9465.53
ord_01741,credit_card,4,1013.23
ord_01742,cod,1,3142.66
ord_01743,upi,1,10332.66
ord_01744,upi,1,12015.79
ord_01745,upi,1,5752.31
ord_01746,upi,1,4322.1
ord_01747,debit_card,1,3110.51
ord_01748,upi,1,952.57
ord_01749,credit_card,3,1739.83
ord_01750,credit_card,3,625.29
ord_01751,upi,1,5669.65
ord_01752,wallet,1,2768.76
ord_01753,upi,1,5208.49
ord_01754,upi,1,2288.24
ord_01755,upi,1,1712.08
ord_01756,debit_card,1,14427.27
ord_01757,debit_card,1,12056.47
ord_01758,wallet,1,4103.23
ord_01759,upi,1,1469.68
ord_01760,cod,1,1047.56
ord_01761,upi,1,6719.66
ord_01762,debit_card,1,5213.68
ord_01763,debit_card,1,8365.55
ord_01764,credit_card,3,1121.11
ord_01765,debit_card,1,770.09
ord_01766,upi,1,2651.9
ord_01767,wallet,1,1661.51
ord_01768,upi,1,2150.95
ord_01769,cod,1,1568.17
ord_01770,credit_card,5,1157.97
ord_01771,wallet,1,2923.38
ord_01772,credit_card,5,1415.87
ord_01773,upi,1,6823.33
ord_01774,upi,1,3134.08
ord_01775,cod,1,4191.42
ord_01776,cod,1,3475.27
ord_01777,cod,1,1750.85
ord_01778,upi,1,711.37
ord_01779,upi,1,12843.38
ord_01780,credit_card,6,449.16
ord_01781,wallet,1,289.43
ord_01782,cod,1,512.44
ord_01783,credit_card,2,1255.04
ord_01784,upi,1,750.1
ord_01785,wallet,1,7125.27
ord_01786,wallet,1,729.45
ord_01787,upi,1,1758.63
ord_01788,credit_card,2,1165.89
ord_01789,upi,1,7207.69
ord_01790,upi,1,795.59
ord_01791,credit_card,5,1073.28
ord_01792,upi,1,9208.6
ord_01793,upi,1,948.35
ord_01794,credit_card,1,1768.5
ord_01795,upi,1,8984.21
ord_01796,credit_card,3,1004.04
ord_01797,debit_card,1,5575.17
ord_01798,upi,1,796.9
ord_01799,wallet,1,2849.64
ord_01800,credit_card,2,11409.2
ord_01801,upi,1,2706.3
ord_01802,cod,1,2229.97
ord_01803,upi,1,7164.22
ord_01804,upi,1,356.73
ord_01805,upi,1,5121.46
ord_01806,upi,1,7934.2
ord_01807,upi,1,2943.96
ord_01808,debit_card,1,3173.31
ord_01809,credit_card,5,3031.03
ord_01810,upi,1,9100.64
ord_01811,debit_card,1,2232.74
ord_01812,credit_card,1,812.03
ord_01813,upi,1,814.94
ord_01814,upi,1,6719.81
ord_01815,wallet,1,3012.96
ord_01816,upi,1,7549.97
ord_01817,debit_card,1,2128.45
ord_01818,upi,1,2123.92
ord_01819,upi,1,14094.02
ord_01820,upi,1,8803.04
ord_01821,credit_card,6,3125.31
ord_01822,wallet,1,4911.61
ord_01823,debit_card,1,2150.33
ord_01824,upi,1,5601.93
ord_01825,cod,1,574.96
ord_01826,upi,1,1880.38
ord_01827,debit_card,1,706.89
ord_01828,credit_card,3,12347.56
ord_01829,credit_card,1,9676.84
ord_01830,upi,1,745.16
ord_01831,upi,1,355.91
ord_01832,credit_card,1,1350.98
ord_01833,debit_card,1,3277.1
ord_01834,cod,1,9738.69
ord_01835,wallet,1,3060.86
ord_01836,credit_card,3,10294.92
ord_01837,upi,1,12538.69
ord_01838,upi,1,4191.87
ord_01839,cod,1,1963.98
ord_01840,wallet,1,12645.9
ord_01841,upi,1,776.2
ord_01842,credit_card,6,937.91
ord_01843,cod,1,2274.49
ord_01844,upi,1,1812.21
ord_01845,wallet,1,13389.42
ord_01846,upi,1,3064.29
ord_01847,upi,1,1169.73
ord_01848,credit_card,1,1484.99
ord_01849,cod,1,1622.37
ord_01850,cod,1,438.17
ord_01851,credit_card,6,543.87
ord_01852,credit_card,5,1829.55
ord_01853,wallet,1,1757.62
ord_01854,upi,1,1287.5
ord_01855,credit_card,4,1387.68
ord_01856,upi,1,910.71
ord_01857,upi,1,2742.76
ord_01858,credit_card,4,971.71
ord_01859,debit_card,1,1472.87
ord_01860,debit_card,1,1840.64
ord_01861,upi,1,980.34
ord_01862,debit_card,1,817.09
ord_01863,upi,1,11351.28
ord_01864,cod,1,700.35
ord_01865,upi,1,1449.32
ord_01866,upi,1,9382.79
ord_01867,credit_card,3,5201.73
ord_01868,credit_card,1,9361.5
ord_01869,upi,1,876.59
ord_01870,credit_card,4,643.27
ord_01871,credit_card,3,433.38
ord_01872,wallet,1,1337.13
ord_01873,upi,1,10797.43
ord_01874,upi,1,851.88
ord_01875,cod,1,21989.52
ord_01876,wallet,1,1451.74
ord_01877,credit_card,6,1757.28
ord_01878,debit_card,1,8994.04
ord_01879,upi,1,13267.58
ord_01880,credit_card,4,714.01
ord_01881,credit_card,2,10487.52
ord_01882,upi,1,6357.94
ord_01883,debit_card,1,1798.38
ord_01884,credit_card,1,7817.84
ord_01885,credit_card,6,1065.17
ord_01886,credit_card,1,2833.41
ord_01887,debit_card,1,8209.15
ord_01888,debit_card,1,2199.74
ord_01889,debit_card,1,8014.21
ord_01890,upi,1,4694.92
ord_01891,credit_card,4,1187.29
ord_01892,upi,1,13665.6
ord_01893,credit_card,1,5812.62
ord_01894,upi,1,1765.21
ord_01895,credit_card,2,13763.46
ord_01896,credit_card,2,1790.0
ord_01897,debit_card,1,2177.45
ord_01898,wallet,1,10378.95
ord_01899,upi,1,1852.33
ord_01900,upi,1,17808.89
ord_01901,credit_card,3,784.96
ord_01902,credit_card,2,1257.19
ord_01903,upi,1,7625.56
ord_01904,credit_card,6,14554.86
ord_01905,cod,1,3943.7
ord_01906,wallet,1,2797.04
ord_01907,credit_card,6,389.68
ord_01908,upi,1,2639.31
ord_01909,upi,1,449.01
ord_01910,credit_card,4,1147.58
ord_01911,debit_card,1,6604.45
ord_01912,debit_card,1,2240.73
ord_01913,upi,1,5727.5
ord_01914,wallet,1,347.23
ord_01915,upi,1,7686.53
ord_01916,upi,1,13000.22
ord_01917,upi,1,978.23
ord_01918,credit_card,6,2002.86
ord_01919,upi,1,1673.64
ord_01920,credit_card,1,2082.53
ord_01921,upi,1,2119.06
ord_01922,credit_card,5,867.46
ord_01923,credit_card,6,1318.74
ord_01924,credit_card,6,903.42
ord_01925,cod,1,774.64
ord_01926,wallet,1,13565.7
ord_01927,debit_card,1,9445.79
ord_01928,credit_card,1,3378.79
ord_01929,debit_card,1,3195.67
ord_01930,cod,1,6429.4
ord_01931,upi,1,7027.73
ord_01932,wallet,1,2635.85
ord_01933,cod,1,1049.62
ord_01934,credit_card,1,1444.41
ord_01935,upi,1,1911.67
ord_01936,credit_card,4,10413.58
ord_01937,upi,1,5885.53
ord_01938,wallet,1,2161.76
ord_01939,upi,1,6356.51
ord_01940,cod,1,6326.82
ord_01941,wallet,1,2533.62
ord_01942,upi,1,8285.54
ord_01943,cod,1,15556.59
ord_01944,upi,1,8004.4
ord_01945,upi,1,9688.22
ord_01946,cod,1,9069.36
ord_01947,credit_card,2,2378.48
ord_01948,upi,1,3501.5
ord_01949,credit_card,1,1265.87
ord_01950,debit_card,1,3434.02
ord_01951,wallet,1,9171.22
ord_01952,debit_card,1,3192.52
ord_01953,upi,1,19739.85
ord_01954,wallet,1,2599.9
ord_01955,credit_card,4,6429.89
ord_01956,upi,1,684.76
ord_01957,wallet,1,449.75
ord_01958,upi,1,8018.9
ord_01959,wallet,1,7774.17
ord_01960,upi,1,7229.6
ord_01961,upi,1,16502.33
ord_01962,upi,1,9287.11
ord_01963,upi,1,5400.51
ord_01964,credit_card,5,13311.7
ord_01965,credit_card,5,1016.81
ord_01966,credit_card,5,1620.9
ord_01967,cod,1,581.87
ord_01968,upi,1,535.2
ord_01969,upi,1,3272.97
ord_01970,credit_card,5,671.41
ord_01971,credit_card,5,4019.81
ord_01972,upi,1,2291.67
ord_01973,credit_card,5,2379.27
ord_01974,credit_card,2,455.69
ord_01975,upi,1,10345.28
ord_01976,cod,1,20884.18
ord_01977,upi,1,1203.3
ord_01978,cod,1,3194.73
ord_01979,credit_card,4,1497.81
ord_01980,cod,1,7531.3
ord_01981,cod,1,8098.27
ord_01982,credit_card,6,10013.83
ord_01983,debit_card,1,10629.52
ord_01984,upi,1,1612.82
ord_01985,credit_card,4,7187.23
ord_01986,debit_card,1,1194.31
ord_01987,credit_card,1,1205.42
ord_01988,credit_card,2,14638.02
ord_01989,upi,1,9908.86
ord_01990,cod,1,474.34
ord_01991,upi,1,976.15
ord_01992,cod,1,1990.81
ord_01993,upi,1,863.71
ord_01994,cod,1,3098.09
ord_01995,wallet,1,3604.32
ord_01996,upi,1,13328.49
ord_01997,upi,1,1027.02
ord_01998,cod,1,9903.33
ord_01999,wallet,1,1282.38
ord_02000,upi,1,5484.51
ord_02001,upi,1,749.37
ord_02002,credit_card,5,6995.38
ord_02003,upi,1,3747.12
ord_02004,upi,1,1646.4
ord_02005,upi,1,9943.6
ord_02006,credit_card,6,8383.77
ord_02007,upi,1,6122.73
ord_02008,upi,1,456.06
ord_02009,upi,1,2791.04
ord_02010,credit_card,3,1215.23
ord_02011,credit_card,6,5711.05
ord_02012,upi,1,2206.26
ord_02013,upi,1,1949.07
ord_02014,upi,1,905.06
ord_02015,credit_card,3,581.9
ord_02016,upi,1,2734.73
ord_02017,credit_card,4,4176.55
ord_02018,upi,1,6870.73
ord_02019,upi,1,1993.61
ord_02020,credit_card,2,4262.66
ord_02021,upi,1,7024.42
ord_02022,debit_card,1,5052.29
ord_02023,upi,1,518.55
ord_02024,upi,1,4431.07
ord_02025,upi,1,2792.51
ord_02026,debit_card,1,7520.32
ord_02027,credit_card,4,786.38
ord_02028,upi,1,1746.14
ord_02029,upi,1,9019.5
ord_02030,upi,1,7752.31
ord_02031,upi,1,4257.27
ord_02032,wallet,1,8376.89
ord_02033,credit_card,5,9026.85
ord_02034,credit_card,4,3845.74
ord_02035,upi,1,2453.44
ord_02036,cod,1,7096.75
ord_02037,upi,1,14854.39
ord_02038,credit_card,2,7781.75
ord_02039,credit_card,6,11960.85
ord_02040,upi,1,7533.99
ord_02041,credit_card,6,5399.48
ord_02042,credit_card,6,5961.98
ord_02043,wallet,1,7705.73
ord_02044,credit_card,6,2847.56
ord_02045,credit_card,5,3249.91
ord_02046,credit_card,2,7257.44
ord_02047,upi,1,5021.41
ord_02048,upi,1,8545.98
ord_02049,cod,1,8237.08
ord_02050,upi,1,11560.64
ord_02051,credit_card,6,1327.71
ord_02052,credit_card,6,3052.49
ord_02053,upi,1,1697.3
ord_02054,wallet,1,6439.65
ord_02055,debit_card,1,5421.35
ord_02056,credit_card,3,7423.81
ord_02057,upi,1,1683.39
ord_02058,upi,1,2090.68
ord_02059,upi,1,6614.38
ord_02060,upi,1,5489.99
ord_02061,upi,1,1051.46
ord_02062,credit_card,2,2716.34
ord_02063,upi,1,6234.66
ord_02064,debit_card,1,4098.92
ord_02065,upi,1,2364.26
ord_02066,upi,1,2624.13
ord_02067,upi,1,8109.28
ord_02068,cod,1,8568.32
ord_02069,credit_card,3,2993.1
ord_02070,upi,1,1303.0
ord_02071,upi,1,760.34
ord_02072,cod,1,8937.99
ord_02073,credit_card,5,2894.81
ord_02074,debit_card,1,7656.96
ord_02075,credit_card,1,6878.03
ord_02076,upi,1,14355.78
ord_02077,upi,1,2402.48
ord_02078,debit_card,1,5714.64
ord_02079,upi,1,495.67
ord_02080,credit_card,5,11546.03
ord_02081,debit_card,1,9900.88
ord_02082,upi,1,2228.88
ord_02083,credit_card,5,8605.83
ord_02084,debit_card,1,771.55
ord_02085,credit_card,3,7094.92
ord_02086,upi,1,3267.85
ord_02087,upi,1,7537.22
ord_02088,debit_card,1,709.99
ord_02089,upi,1,1565.57
ord_02090,wallet,1,6065.85
ord_02091,cod,1,6450.22
ord_02092,wallet,1,2676.13
ord_02093,cod,1,479.38
ord_02094,upi,1,2588.64
ord_02095,upi,1,12789.0
ord_02096,cod,1,9808.87
ord_02097,credit_card,5,386.54
ord_02098,credit_card,5,1056.36
ord_02099,upi,1,731.71
ord_02100,upi,1,2962.0
ord_02101,credit_card,3,5883.48
ord_02102,upi,1,8187.94
ord_02103,debit_card,1,604.08
ord_02104,credit_card,5,3011.27
ord_02105,credit_card,6,2094.27
ord_02106,upi,1,1586.94
ord_02107,cod,1,441.47
ord_02108,credit_card,1,902.95
ord_02109,upi,1,411.33
ord_02110,credit_card,3,217.31
ord_02111,upi,1,597.59
ord_02112,credit_card,3,8029.45
ord_02113,cod,1,3249.1
ord_02114,credit_card,5,1906.14
ord_02115,upi,1,9531.17
ord_02116,credit_card,5,3117.77
ord_02117,debit_card,1,9098.0
ord_02118,upi,1,504.13
ord_02119,cod,1,5818.92
ord_02120,wallet,1,772.39
ord_02121,upi,1,2135.8
ord_02122,upi,1,295.74
ord_02123,debit_card,1,6760.9
ord_02124,cod,1,1902.85
ord_02125,credit_card,2,2981.94
ord_02126,upi,1,8095.26
ord_02127,credit_card,4,2770.54
ord_02128,upi,1,3413.8
ord_02129,cod,1,2102.03
ord_02130,upi,1,439.09
ord_02131,credit_card,3,1185.84
ord_02132,wallet,1,4718.15
ord_02133,debit_card,1,1597.99
ord_02134,credit_card,2,663.75
ord_02135,credit_card,1,16035.61
ord_02136,cod,1,4707.66
ord_02137,cod,1,1119.02
ord_02138,upi,1,1597.55
ord_02139,credit_card,4,1109.36
ord_02140,wallet,1,7163.87
ord_02141,upi,1,1123.45
ord_02142,upi,1,1694.37
ord_02143,upi,1,3383.01
ord_02144,credit_card,5,3254.66
ord_02145,credit_card,1,2433.69
ord_02146,credit_card,4,10969.91
ord_02147,upi,1,13659.81
ord_02148,cod,1,1265.59
ord_02149,credit_card,4,7845.33
ord_02150,credit_card,2,4325.05
ord_02151,wallet,1,4782.08
ord_02152,credit_card,4,2203.15
ord_02153,debit_card,1,8793.11
ord_02154,upi,1,458.54
ord_02155,credit_card,1,2151.49
ord_02156,upi,1,5414.43
ord_02157,credit_card,3,2935.75
ord_02158,upi,1,1245.07
ord_02159,credit_card,2,378.47
ord_02160,upi,1,15411.57
ord_02161,upi,1,10756.44
ord_02162,upi,1,1139.09
ord_02163,credit_card,4,2194.45
ord_02164,upi,1,5095.71
ord_02165,credit_card,1,6720.18
ord_02166,upi,1,2672.67
ord_02167,upi,1,7535.87
ord_02168,upi,1,228.41
ord_02169,upi,1,9647.41
ord_02170,upi,1,9037.53
ord_02171,upi,1,5842.31
ord_02172,cod,1,10987.91
ord_02173,wallet,1,9642.54
ord_02174,cod,1,5235.93
ord_02175,debit_card,1,829.98
ord_02176,debit_card,1,3507.82
ord_02177,upi,1,6533.03
ord_02178,credit_card,3,1209.48
ord_02179,upi,1,1813.25
ord_02180,upi,1,634.84
ord_02181,upi,1,12610.85
ord_02182,credit_card,1,763.51
ord_02183,upi,1,736.08
ord_02184,upi,1,1735.69
ord_02185,cod,1,1316.03
ord_02186,debit_card,1,5997.78
ord_02187,upi,1,2123.58
ord_02188,credit_card,6,17060.98
ord_02189,credit_card,6,1166.15
ord_02190,debit_card,1,2813.52
ord_02191,credit_card,4,1473.21
ord_02192,credit_card,1,11717.96
ord_02193,upi,1,9636.15
ord_02194,upi,1,2275.46
ord_02195,credit_card,5,1468.39
ord_02196,credit_card,6,7740.65
ord_02197,upi,1,2464.68
ord_02198,upi,1,8207.4
ord_02199,credit_card,4,589.85
ord_02200,debit_card,1,3395.63
ord_02201,upi,1,2136.04
ord_02202,credit_card,1,4057.17
ord_02203,credit_card,3,8885.37
ord_02204,upi,1,2354.97
ord_02205,wallet,1,20067.23
ord_02206,cod,1,490.78
ord_02207,credit_card,6,661.81
ord_02208,credit_card,5,4599.42
ord_02209,wallet,1,1869.26
ord_02210,wallet,1,8795.9
ord_02211,upi,1,7364.57
ord_02212,upi,1,1247.52
ord_02213,cod,1,14435.61
ord_02214,debit_card,1,6143.03
ord_02215,upi,1,2771.24
ord_02216,credit_card,3,7061.38
ord_02217,upi,1,845.04
ord_02218,upi,1,539.43
ord_02219,wallet,1,7449.05
ord_02220,cod,1,2496.32
ord_02221,upi,1,6886.35
ord_02222,upi,1,772.76
ord_02223,upi,1,946.21
ord_02224,debit_card,1,1755.63
ord_02225,upi,1,167.91
ord_02226,wallet,1,4000.96
ord_02227,upi,1,1090.62
ord_02228,credit_card,2,577.03
ord_02229,cod,1,9180.15
ord_02230,credit_card,1,1507.45
ord_02231,upi,1,6356.43
ord_02232,upi,1,1043.17
ord_02233,upi,1,3719.25
ord_02234,upi,1,504.02
ord_02235,upi,1,1169.99
ord_02236,wallet,1,13198.4
ord_02237,upi,1,1567.83
ord_02238,debit_card,1,1120.99
ord_02239,wallet,1,8840.91
ord_02240,upi,1,1546.0
ord_02241,upi,1,7489.6
ord_02242,credit_card,2,918.01
ord_02243,debit_card,1,443.76
ord_02244,upi,1,8585.66
ord_02245,credit_card,3,14079.34
ord_02246,cod,1,598.86
ord_02247,credit_card,5,11481.57
ord_02248,upi,1,1292.88
ord_02249,upi,1,14458.41
ord_02250,upi,1,8049.12
ord_02251,credit_card,5,11065.59
ord_02252,upi,1,18070.58
ord_02253,upi,1,2732.58
ord_02254,cod,1,1831.38
ord_02255,debit_card,1,1012.33
ord_02256,upi,1,6124.99
ord_02257,upi,1,809.07
ord_02258,upi,1,5408.16
ord_02259,upi,1,2768.38
ord_02260,cod,1,4210.51
ord_02261,cod,1,721.92
ord_02262,upi,1,4504.48
ord_02263,credit_card,1,4112.51
ord_02264,debit_card,1,444.74
ord_02265,upi,1,1785.9
ord_02266,wallet,1,5748.11
ord_02267,wallet,1,1853.63
ord_02268,upi,1,2742.12
ord_02269,credit_card,1,8838.61
ord_02270,debit_card,1,13408.66
ord_02271,wallet,1,5643.66
ord_02272,upi,1,940.86
ord_02273,upi,1,8278.4
ord_02274,upi,1,1628.05
ord_02275,credit_card,2,2903.21
ord_02276,credit_card,1,3063.84
ord_02277,credit_card,2,2169.03
ord_02278,debit_card,1,1142.63
ord_02279,upi,1,5712.84
ord_02280,upi,1,10486.29
ord_02281,upi,1,2293.5
ord_02282,wallet,1,5783.11
ord_02283,upi,1,3643.81
ord_02284,upi,1,8002.39
ord_02285,wallet,1,3056.97
ord_02286,credit_card,6,1986.46
ord_02287,credit_card,6,1588.17
ord_02288,upi,1,12403.14
ord_02289,upi,1,12390.66
ord_02290,upi,1,9030.97
ord_02291,cod,1,2018.8
ord_02292,wallet,1,2228.66
ord_02293,cod,1,797.31
ord_02294,upi,1,1384.8
ord_02295,credit_card,6,1247.36
ord_02296,upi,1,1071.04
ord_02297,credit_card,6,15992.44
ord_02298,credit_card,3,6621.54
ord_02299,credit_card,2,12693.74
ord_02300,upi,1,2744.17
ord_02301,credit_card,1,929.35
ord_02302,credit_card,4,2853.39
ord_02303,credit_card,6,1211.34
ord_02304,credit_card,4,4483.91
ord_02305,credit_card,3,4234.31
ord_02306,credit_card,2,5750.68
ord_02307,upi,1,2643.34
ord_02308,upi,1,8576.76
ord_02309,upi,1,14174.71
ord_02310,credit_card,5,2320.04
ord_02311,credit_card,2,2680.96
ord_02312,upi,1,1670.85
ord_02313,credit_card,6,977.79
ord_02314,credit_card,4,424.38
ord_02315,upi,1,1156.65
ord_02316,wallet,1,13764.87
ord_02317,credit_card,1,2730.44
ord_02318,upi,1,1038.23
ord_02319,upi,1,3474.79
ord_02320,upi,1,8865.78
ord_02321,credit_card,3,1498.18
ord_02322,upi,1,5833.8
ord_02323,cod,1,9504.27
ord_02324,upi,1,5664.31
ord_02325,upi,1,1407.24
ord_02326,debit_card,1,8020.44
ord_02327,upi,1,7681.92
ord_02328,cod,1,3529.3
ord_02329,credit_card,2,1982.7
ord_02330,wallet,1,8947.12
ord_02331,credit_card,6,935.11
ord_02332,wallet,1,2880.23
ord_02333,wallet,1,799.49
ord_02334,credit_card,6,2145.65
ord_02335,upi,1,15380.76
ord_02336,debit_card,1,2714.58
ord_02337,upi,1,3557.26
ord_02338,upi,1,9380.46
ord_02339,upi,1,530.91
ord_02340,credit_card,5,3004.99
ord_02341,upi,1,1374.32
ord_02342,credit_card,2,436.07
ord_02343,upi,1,11921.65
ord_02344,upi,1,1542.25
ord_02345,wallet,1,12012.73
ord_02346,wallet,1,1193.23
ord_02347,debit_card,1,1464.26
ord_02348,cod,1,2735.52
ord_02349,wallet,1,7623.05
ord_02350,upi,1,789.3
ord_02351,debit_card,1,8510.13
ord_02352,cod,1,1564.61
ord_02353,debit_card,1,864.43
ord_02354,cod,1,1488.49
ord_02355,upi,1,2741.26
ord_02356,upi,1,10350.14
ord_02357,debit_card,1,1491.67
ord_02358,credit_card,3,10584.75
ord_02359,cod,1,6421.85
ord_02360,debit_card,1,3328.42
ord_02361,cod,1,988.72
ord_02362,upi,1,942.34
ord_02363,cod,1,888.16
ord_02364,upi,1,735.36
ord_02365,upi,1,1315.08
ord_02366,credit_card,6,1774.43
ord_02367,credit_card,4,1414.92
ord_02368,upi,1,2034.23
ord_02369,upi,1,3166.88
ord_02370,credit_card,4,2716.1
ord_02371,upi,1,895.63
ord_02372,upi,1,877.43
ord_02373,credit_card,6,2367.94
ord_02374,wallet,1,1035.71
ord_02375,credit_card,3,443.42
ord_02376,wallet,1,496.21
ord_02377,credit_card,1,2109.3
ord_02378,upi,1,3265.45
ord_02379,upi,1,12125.48
ord_02380,upi,1,4004.1
ord_02381,credit_card,6,1202.48
ord_02382,upi,1,5477.56
ord_02383,cod,1,2341.56
ord_02384,upi,1,1150.55
ord_02385,wallet,1,1081.23
ord_02386,credit_card,2,17283.32
ord_02387,upi,1,1964.61
ord_02388,credit_card,1,532.9
ord_02389,credit_card,2,322.82
ord_02390,credit_card,4,721.54
ord_02391,wallet,1,7878.95
ord_02392,upi,1,11840.69
ord_02393,credit_card,5,1515.5
ord_02394,credit_card,4,8275.2
ord_02395,credit_card,3,4757.43
ord_02396,wallet,1,8194.23
ord_02397,upi,1,8996.86
ord_02398,credit_card,1,2939.21
ord_02399,upi,1,757.93
ord_02400,credit_card,2,2231.89
ord_02401,upi,1,787.27
ord_02402,credit_card,3,1414.57
ord_02403,upi,1,337.15
ord_02404,upi,1,675.95
ord_02405,upi,1,3945.24
ord_02406,wallet,1,842.91
ord_02407,wallet,1,883.89
ord_02408,credit_card,4,2067.25
ord_02409,cod,1,1297.98
ord_02410,upi,1,809.28
ord_02411,upi,1,876.34
ord_02412,upi,1,7317.19
ord_02413,wallet,1,5710.9
ord_02414,cod,1,11278.41
ord_02415,cod,1,8752.12
ord_02416,upi,1,1024.41
ord_02417,cod,1,2109.85
ord_02418,credit_card,3,2310.77
ord_02419,credit_card,1,6432.55
ord_02420,upi,1,812.63
ord_02421,debit_card,1,198.73
ord_02422,upi,1,1953.12
ord_02423,upi,1,328.66
ord_02424,cod,1,7984.14
ord_02425,upi,1,542.65
ord_02426,credit_card,2,2033.33
ord_02427,credit_card,5,7052.09
ord_02428,upi,1,4284.04
ord_02429,upi,1,9250.88
ord_02430,upi,1,191.34
ord_02431,upi,1,247.07
ord_02432,upi,1,8383.03
ord_02433,credit_card,5,1984.38
ord_02434,upi,1,999.04
ord_02435,credit_card,5,4294.85
ord_02436,credit_card,2,1897.18
ord_02437,credit_card,3,4956.62
ord_02438,credit_card,4,1542.91
ord_02439,debit_card,1,7053.13
ord_02440,upi,1,6885.02
ord_02441,upi,1,2475.94
ord_02442,credit_card,1,2079.43
ord_02443,wallet,1,1159.58
ord_02444,upi,1,2401.56
ord_02445,wallet,1,5769.35
ord_02446,upi,1,5579.3
ord_02447,wallet,1,1484.28
ord_02448,credit_card,2,11674.29
ord_02449,credit_card,3,1223.61
ord_02450,wallet,1,8735.52
ord_02451,credit_card,3,14276.57
ord_02452,upi,1,7350.06
ord_02453,credit_card,1,1194.27
ord_02454,wallet,1,489.56
ord_02455,upi,1,1207.43
ord_02456,upi,1,1636.15
ord_02457,upi,1,11264.48
ord_02458,credit_card,1,10173.69
ord_02459,cod,1,7695.65
ord_02460,wallet,1,4559.88
ord_02461,upi,1,1562.89
ord_02462,upi,1,1986.87
ord_02463,upi,1,1922.27
ord_02464,upi,1,8025.93
ord_02465,upi,1,14595.24
ord_02466,upi,1,4961.45
ord_02467,debit_card,1,5713.51
ord_02468,credit_card,1,18035.66
ord_02469,credit_card,2,20067.74
ord_02470,credit_card,2,1640.89
ord_02471,credit_card,6,1302.95
ord_02472,credit_card,6,772.21
ord_02473,cod,1,5953.89
ord_02474,upi,1,680.81
ord_02475,credit_card,5,8106.3
ord_02476,cod,1,507.83
ord_02477,debit_card,1,3624.33
ord_02478,cod,1,15679.26
ord_02479,credit_card,6,5809.37
ord_02480,credit_card,2,11773.07
ord_02481,upi,1,2055.54
ord_02482,upi,1,1033.32
ord_02483,upi,1,11044.72
ord_02484,cod,1,2008.83
ord_02485,debit_card,1,970.63
ord_02486,upi,1,12661.64
ord_02487,upi,1,8321.93
ord_02488,cod,1,10227.24
ord_02489,credit_card,2,1994.61
ord_02490,credit_card,6,6875.49
ord_02491,upi,1,594.78
ord_02492,wallet,1,3521.79
ord_02493,credit_card,1,1279.27
ord_02494,cod,1,12418.09
ord_02495,credit_card,4,956.53
ord_02496,credit_card,5,637.78
ord_02497,credit_card,3,7878.79
ord_02498,cod,1,8434.05
ord_02499,upi,1,7397.45
ord_02500,debit_card,1,619.46
ord_02501,upi,1,913.98
ord_02502,upi,1,427.63
ord_02503,wallet,1,2006.19
ord_02504,upi,1,6828.95
ord_02505,debit_card,1,1095.98
ord_02506,upi,1,7210.98
ord_02507,cod,1,1374.26
ord_02508,credit_card,1,7208.05
ord_02509,credit_card,3,4616.34
ord_02510,credit_card,5,2228.76
ord_02511,credit_card,3,15368.51
ord_02512,credit_card,4,1075.87
ord_02513,upi,1,2028.54
ord_02514,upi,1,4016.23
ord_02515,upi,1,3369.66
ord_02516,cod,1,6132.02
ord_02517,cod,1,6914.65
ord_02518,wallet,1,2058.57
ord_02519,upi,1,6648.51
ord_02520,debit_card,1,6456.09
ord_02521,wallet,1,3816.48
ord_02522,debit_card,1,1401.86
ord_02523,cod,1,2970.28
ord_02524,wallet,1,445.24
ord_02525,upi,1,13381.1
ord_02526,credit_card,1,8749.5
ord_02527,upi,1,2967.85
ord_02528,credit_card,6,4520.64
ord_02529,credit_card,6,1399.55
ord_02530,upi,1,1672.64
ord_02531,wallet,1,1816.56
ord_02532,debit_card,1,946.53
ord_02533,cod,1,10447.25
ord_02534,debit_card,1,7549.57
ord_02535,upi,1,10604.14
ord_02536,upi,1,1528.63
ord_02537,upi,1,1972.72
ord_02538,credit_card,5,1301.72
ord_02539,wallet,1,7725.76
ord_02540,upi,1,765.33
ord_02541,upi,1,1563.28
ord_02542,credit_card,5,1068.83
ord_02543,cod,1,1603.95
ord_02544,credit_card,2,10046.75
ord_02545,upi,1,1183.86
ord_02546,wallet,1,3642.12
ord_02547,upi,1,1913.0
ord_02548,wallet,1,3559.06
ord_02549,wallet,1,13481.73
ord_02550,credit_card,5,1205.8
ord_02551,upi,1,7999.49
ord_02552,debit_card,1,2858.07
ord_02553,debit_card,1,7876.21
ord_02554,wallet,1,569.79
ord_02555,upi,1,1279.44
ord_02556,wallet,1,1342.51
ord_02557,upi,1,522.79
ord_02558,cod,1,1433.83
ord_02559,cod,1,6917.2
ord_02560,debit_card,1,493.25
ord_02561,upi,1,6811.68
ord_02562,wallet,1,2434.39
ord_02563,cod,1,944.77
ord_02564,cod,1,1782.88
ord_02565,credit_card,2,15516.01
ord_02566,credit_card,3,434.36
ord_02567,credit_card,3,13189.32
ord_02568,cod,1,11350.12
ord_02569,cod,1,9892.84
ord_02570,debit_card,1,3697.28
ord_02571,credit_card,3,671.27
ord_02572,upi,1,1609.73
ord_02573,upi,1,5026.18
ord_02574,wallet,1,2979.93
ord_02575,upi,1,12019.23
ord_02576,credit_card,6,2127.51
ord_02577,credit_card,2,9972.52
ord_02578,credit_card,1,7247.68
ord_02579,wallet,1,2233.22
ord_02580,upi,1,1661.17
ord_02581,cod,1,7891.81
ord_02582,upi,1,4346.94
ord_02583,upi,1,7334.87
ord_02584,upi,1,3556.59
ord_02585,upi,1,6904.08
ord_02586,upi,1,1352.05
ord_02587,upi,1,2322.73
ord_02588,upi,1,5407.76
ord_02589,credit_card,4,885.71
ord_02590,wallet,1,17678.34
ord_02591,cod,1,1166.61
ord_02592,upi,1,3854.82
ord_02593,wallet,1,1153.52
ord_02594,wallet,1,7992.39
ord_02595,credit_card,5,1400.55
ord_02596,upi,1,13727.18
ord_02597,upi,1,2889.72
ord_02598,upi,1,428.47
ord_02599,cod,1,747.33
ord_02600,credit_card,3,915.67
ord_02601,upi,1,12539.15
ord_02602,credit_card,4,10501.78
ord_02603,debit_card,1,5917.23
ord_02604,upi,1,973.49
ord_02605,debit_card,1,9671.97
ord_02606,upi,1,1479.78
ord_02607,upi,1,1050.49
ord_02608,upi,1,3842.79
ord_02609,credit_card,3,2469.03
ord_02610,upi,1,2640.35
ord_02611,upi,1,2255.55
ord_02612,credit_card,1,689.99
ord_02613,cod,1,2628.05
ord_02614,cod,1,3256.43
ord_02615,upi,1,6618.04
ord_02616,credit_card,6,1869.56
ord_02617,credit_card,5,446.97
ord_02618,cod,1,428.62
ord_02619,upi,1,8416.47
ord_02620,upi,1,10886.45
ord_02621,upi,1,6526.07
ord_02622,credit_card,4,2895.31
ord_02623,credit_card,3,1070.22
ord_02624,cod,1,7300.36
ord_02625,upi,1,8432.55
ord_02626,upi,1,1624.94
ord_02627,upi,1,9875.35
ord_02628,cod,1,16037.99
ord_02629,credit_card,2,1770.85
ord_02630,upi,1,2345.05
ord_02631,cod,1,8885.36
ord_02632,upi,1,8220.9
ord_02633,upi,1,7981.74
ord_02634,cod,1,882.48
ord_02635,wallet,1,8768.97
ord_02636,upi,1,11551.93
ord_02637,upi,1,916.82
ord_02638,upi,1,7469.48
ord_02639,upi,1,8419.73
ord_02640,upi,1,11877.76
ord_02641,credit_card,2,1721.93
ord_02642,upi,1,8141.51
ord_02643,upi,1,12508.43
ord_02644,upi,1,7081.81
ord_02645,credit_card,2,859.38
ord_02646,cod,1,1319.59
ord_02647,upi,1,3209.63
ord_02648,upi,1,5706.92
ord_02649,cod,1,2241.41
ord_02650,credit_card,6,1835.87
ord_02651,cod,1,1869.14
ord_02652,credit_card,1,4378.98
ord_02653,upi,1,4844.89
ord_02654,upi,1,714.92
ord_02655,wallet,1,3471.31
ord_02656,wallet,1,1897.94
ord_02657,upi,1,983.58
ord_02658,upi,1,6237.75
ord_02659,debit_card,1,1894.38
ord_02660,credit_card,2,3568.82
ord_02661,upi,1,724.78
ord_02662,credit_card,5,262.45
ord_02663,wallet,1,2156.5
ord_02664,cod,1,8172.45
ord_02665,wallet,1,9821.13
ord_02666,credit_card,2,9404.75
ord_02667,upi,1,2525.91
ord_02668,credit_card,3,774.12
ord_02669,credit_card,5,1624.29
ord_02670,credit_card,6,630.58
ord_02671,wallet,1,1078.16
ord_02672,credit_card,1,718.19
ord_02673,upi,1,6790.54
ord_02674,credit_card,1,1187.25
ord_02675,credit_card,4,1045.55
ord_02676,wallet,1,2430.75
ord_02677,credit_card,3,4762.01
ord_02678,credit_card,6,452.85
ord_02679,credit_card,5,12468.43
ord_02680,wallet,1,7496.88
ord_02681,wallet,1,463.98
ord_02682,credit_card,3,1195.24
ord_02683,cod,1,687.48
ord_02684,debit_card,1,14117.35
ord_02685,debit_card,1,2320.96
ord_02686,credit_card,4,1771.01
ord_02687,credit_card,6,6708.95
ord_02688,credit_card,6,11875.74
ord_02689,credit_card,6,1141.69
ord_02690,credit_card,1,13933.09
ord_02691,credit_card,1,5931.39
ord_02692,wallet,1,3260.83
ord_02693,credit_card,1,1152.37
ord_02694,upi,1,10129.66
ord_02695,credit_card,6,2133.09
ord_02696,upi,1,360.99
ord_02697,credit_card,6,7376.22
ord_02698,wallet,1,5874.96
ord_02699,upi,1,615.92
ord_02700,upi,1,7102.66
ord_02701,wallet,1,1507.86
ord_02702,wallet,1,1314.63
ord_02703,upi,1,2473.57
ord_02704,debit_card,1,17119.46
ord_02705,debit_card,1,9907.43
ord_02706,wallet,1,2896.39
ord_02707,upi,1,2404.16
ord_02708,upi,1,1386.04
ord_02709,upi,1,1888.97
ord_02710,credit_card,2,505.12
ord_02711,credit_card,6,1431.65
ord_02712,wallet,1,4156.16
ord_02713,upi,1,8155.95
ord_02714,debit_card,1,8156.98
ord_02715,wallet,1,6518.94
ord_02716,debit_card,1,996.54
ord_02717,credit_card,4,856.16
ord_02718,upi,1,443.74
ord_02719,debit_card,1,2216.41
ord_02720,upi,1,4051.56
ord_02721,upi,1,455.99
ord_02722,credit_card,1,3122.31
ord_02723,credit_card,4,5536.88
ord_02724,cod,1,5338.94
ord_02725,cod,1,8674.86
ord_02726,credit_card,2,8238.45
ord_02727,upi,1,2111.44
ord_02728,credit_card,5,817.29
ord_02729,credit_card,5,1479.97
ord_02730,debit_card,1,934.1
ord_02731,upi,1,2151.13
ord_02732,debit_card,1,1081.67
ord_02733,credit_card,6,7409.54
ord_02734,upi,1,9478.36
ord_02735,debit_card,1,2025.62
ord_02736,cod,1,1144.99
ord_02737,upi,1,10589.72
ord_02738,debit_card,1,1121.84
ord_02739,credit_card,6,1391.11
ord_02740,credit_card,6,6775.63
ord_02741,upi,1,16914.81
ord_02742,wallet,1,5826.56
ord_02743,cod,1,12008.23
ord_02744,upi,1,968.84
ord_02745,upi,1,1106.17
ord_02746,upi,1,1372.77
ord_02747,credit_card,1,609.55
ord_02748,credit_card,5,1156.94
ord_02749,credit_card,6,7953.35
ord_02750,upi,1,16471.34
ord_02751,upi,1,8027.85
ord_02752,credit_card,6,5732.3
ord_02753,upi,1,15877.52
ord_02754,upi,1,860.29
ord_02755,upi,1,2876.22
ord_02756,upi,1,968.35
ord_02757,wallet,1,10034.0
ord_02758,credit_card,1,2062.25
ord_02759,debit_card,1,4716.68
ord_02760,debit_card,1,22486.94
ord_02761,debit_card,1,386.89
ord_02762,debit_card,1,680.61
ord_02763,credit_card,3,2340.53
ord_02764,credit_card,6,217.4
ord_02765,cod,1,2605.42
ord_02766,wallet,1,3380.86
ord_02767,debit_card,1,6510.36
ord_02768,credit_card,2,975.25
ord_02769,wallet,1,1246.69
ord_02770,wallet,1,361.48
ord_02771,credit_card,3,304.48
ord_02772,upi,1,1598.03
ord_02773,credit_card,4,2950.98
ord_02774,cod,1,4309.13
ord_02775,cod,1,1327.92
ord_02776,wallet,1,2714.51
ord_02777,credit_card,1,810.72
ord_02778,credit_card,5,1061.29
ord_02779,credit_card,5,7170.98
ord_02780,debit_card,1,8202.85
ord_02781,debit_card,1,880.45
ord_02782,credit_card,2,2852.31
ord_02783,upi,1,7684.59
ord_02784,upi,1,3807.83
ord_02785,upi,1,470.88
ord_02786,cod,1,4440.94
ord_02787,upi,1,1172.08
ord_02788,debit_card,1,1465.18
ord_02789,upi,1,8043.08
ord_02790,credit_card,3,1429.27
ord_02791,upi,1,816.51
ord_02792,debit_card,1,1070.44
ord_02793,upi,1,2481.52
ord_02794,debit_card,1,5818.18
ord_02795,credit_card,3,5646.11
ord_02796,upi,1,2646.71
ord_02797,debit_card,1,12331.54
ord_02798,upi,1,2726.97
ord_02799,credit_card,2,1747.6
ord_02800,upi,1,3064.99
ord_02801,wallet,1,11049.83
ord_02802,credit_card,4,825.03
ord_02803,cod,1,15035.08
ord_02804,upi,1,2469.65
ord_02805,cod,1,1326.56
ord_02806,credit_card,4,3998.24
ord_02807,cod,1,17469.71
ord_02808,wallet,1,898.29
ord_02809,debit_card,1,2598.3
ord_02810,upi,1,2141.23
ord_02811,credit_card,6,3263.89
ord_02812,credit_card,2,18571.54
ord_02813,upi,1,5741.98
ord_02814,credit_card,1,2321.5
ord_02815,credit_card,5,498.66
ord_02816,cod,1,2475.51
ord_02817,upi,1,704.27
ord_02818,wallet,1,7975.55
ord_02819,upi,1,1499.75
ord_02820,cod,1,474.86
ord_02821,upi,1,4549.58
ord_02822,credit_card,3,1277.93
ord_02823,upi,1,1381.55
ord_02824,upi,1,3987.08
ord_02825,debit_card,1,500.91
ord_02826,wallet,1,2041.02
ord_02827,upi,1,1911.32
ord_02828,cod,1,12514.23
ord_02829,cod,1,8233.41
ord_02830,credit_card,4,6666.13
ord_02831,debit_card,1,7883.13
ord_02832,upi,1,8141.48
ord_02833,wallet,1,6340.14
ord_02834,credit_card,5,1423.27
ord_02835,credit_card,2,5953.26
ord_02836,credit_card,2,8952.68
ord_02837,credit_card,6,1115.96
ord_02838,upi,1,2062.07
ord_02839,cod,1,2410.62
ord_02840,upi,1,2407.62
ord_02841,cod,1,880.22
ord_02842,credit_card,4,11057.28
ord_02843,credit_card,1,585.28
ord_02844,credit_card,6,1544.6
ord_02845,credit_card,5,12713.37
ord_02846,cod,1,363.73
ord_02847,debit_card,1,1380.06
ord_02848,credit_card,2,3786.95
ord_02849,upi,1,602.36
ord_02850,upi,1,2266.41
ord_02851,debit_card,1,1010.11
ord_02852,upi,1,904.06
ord_02853,upi,1,1227.35
ord_02854,upi,1,1296.54
ord_02855,upi,1,2984.4
ord_02856,cod,1,4543.75
ord_02857,credit_card,5,5137.35
ord_02858,upi,1,1536.81
ord_02859,upi,1,5018.84
ord_02860,credit_card,4,1525.9
ord_02861,cod,1,956.82
ord_02862,upi,1,487.0
ord_02863,credit_card,3,6969.99
ord_02864,upi,1,2663.31
ord_02865,credit_card,5,1079.25
ord_02866,upi,1,2953.53
ord_02867,debit_card,1,10744.07
ord_02868,credit_card,1,1415.52
ord_02869,debit_card,1,6622.79
ord_02870,debit_card,1,1608.9
ord_02871,wallet,1,2880.92
ord_02872,credit_card,6,989.47
ord_02873,credit_card,3,2335.73
ord_02874,upi,1,2562.96
ord_02875,cod,1,11359.02
ord_02876,credit_card,3,6423.11
ord_02877,wallet,1,605.49
ord_02878,upi,1,8338.26
ord_02879,cod,1,3056.2
ord_02880,upi,1,1508.85
ord_02881,upi,1,210.38
ord_02882,debit_card,1,12452.45
ord_02883,wallet,1,3110.82
ord_02884,cod,1,465.81
ord_02885,upi,1,1636.45
ord_02886,debit_card,1,15791.9
ord_02887,credit_card,3,7265.36
ord_02888,upi,1,11146.03
ord_02889,credit_card,2,13035.7
ord_02890,upi,1,2395.65
ord_02891,upi,1,5236.06
ord_02892,cod,1,926.28
ord_02893,upi,1,16129.8
ord_02894,credit_card,3,8515.76
ord_02895,upi,1,7050.88
ord_02896,wallet,1,2052.6
ord_02897,upi,1,844.62
ord_02898,upi,1,7359.27
ord_02899,debit_card,1,7317.66
ord_02900,upi,1,10459.2
ord_02901,cod,1,651.69
ord_02902,wallet,1,7152.42
ord_02903,wallet,1,13012.46
ord_02904,upi,1,4230.43
ord_02905,wallet,1,1156.99
ord_02906,upi,1,9071.92
ord_02907,credit_card,6,822.06
ord_02908,debit_card,1,225.11
ord_02909,upi,1,446.28
ord_02910,cod,1,556.1
ord_02911,upi,1,2805.73
ord_02912,upi,1,2585.56
ord_02913,upi,1,1022.07
ord_02914,credit_card,2,9102.53
ord_02915,credit_card,1,1241.58
ord_02916,credit_card,6,17015.58
ord_02917,credit_card,1,5900.85
ord_02918,cod,1,7398.11
ord_02919,credit_card,4,3184.91
ord_02920,cod,1,673.16
ord_02921,credit_card,3,1565.31
ord_02922,debit_card,1,8399.8
ord_02923,credit_card,4,3314.37
ord_02924,credit_card,2,399.68
ord_02925,upi,1,1454.19
ord_02926,wallet,1,2483.53
ord_02927,credit_card,3,909.98
ord_02928,wallet,1,12384.76
ord_02929,upi,1,18628.12
ord_02930,upi,1,7559.21
ord_02931,credit_card,6,492.81
ord_02932,upi,1,1224.05
ord_02933,upi,1,18916.83
ord_02934,wallet,1,7298.15
ord_02935,credit_card,5,647.42
ord_02936,credit_card,2,273.63
ord_02937,cod,1,8407.31
ord_02938,upi,1,3754.23
ord_02939,credit_card,1,1818.17
ord_02940,cod,1,7260.16
ord_02941,upi,1,671.94
ord_02942,debit_card,1,953.0
ord_02943,credit_card,4,11142.1
ord_02944,upi,1,19089.35
ord_02945,wallet,1,2010.78
ord_02946,credit_card,5,3857.63
ord_02947,wallet,1,4548.41
ord_02948,upi,1,16076.32
ord_02949,upi,1,6244.6
ord_02950,debit_card,1,1131.46
ord_02951,upi,1,8129.64
ord_02952,upi,1,2495.22
ord_02953,cod,1,2813.08
ord_02954,upi,1,2019.05
ord_02955,credit_card,2,5910.44
ord_02956,upi,1,2936.48
ord_02957,upi,1,2754.27
ord_02958,cod,1,8447.56
ord_02959,debit_card,1,8810.52
ord_02960,debit_card,1,3188.27
ord_02961,upi,1,1150.86
ord_02962,upi,1,3083.58
ord_02963,upi,1,9966.47
ord_02964,cod,1,2169.75
ord_02965,credit_card,3,1271.62
ord_02966,upi,1,7578.89
ord_02967,upi,1,12831.13
ord_02968,credit_card,2,368.63
ord_02969,upi,1,1411.04
ord_02970,wallet,1,12778.86
ord_02971,upi,1,2837.9
ord_02972,debit_card,1,1186.43
ord_02973,upi,1,14257.88
ord_02974,upi,1,20586.3
ord_02975,upi,1,1601.5
ord_02976,upi,1,1609.4
ord_02977,upi,1,437.79
ord_02978,upi,1,9684.52
ord_02979,credit_card,1,4542.44
ord_02980,wallet,1,25445.43
ord_02981,credit_card,6,2400.95
ord_02982,credit_card,1,13717.14
ord_02983,upi,1,1264.35
ord_02984,wallet,1,934.51
ord_02985,cod,1,3354.89
ord_02986,debit_card,1,3337.8
ord_02987,credit_card,5,1082.97
ord_02988,cod,1,11174.31
ord_02989,credit_card,2,7557.59
ord_02990,cod,1,3788.27
ord_02991,upi,1,7211.85
ord_02992,debit_card,1,8076.19
ord_02993,credit_card,2,1338.85
ord_02994,credit_card,6,5071.5
ord_02995,debit_card,1,7259.21
ord_02996,credit_card,4,1076.01
ord_02997,credit_card,3,1370.83
ord_02998,upi,1,4683.14
ord_02999,cod,1,5137.42
ord_03000,upi,1,414.97
ord_03001,wallet,1,1277.98
ord_03002,credit_card,4,880.08
ord_03003,credit_card,3,1047.51
ord_03004,debit_card,1,2347.39
ord_03005,cod,1,664.5
ord_03006,credit_card,2,1035.18
ord_03007,credit_card,4,2123.73
ord_03008,debit_card,1,10582.44
ord_03009,credit_card,4,1822.2
ord_03010,upi,1,592.54
ord_03011,credit_card,4,8798.23
ord_03012,upi,1,399.66
ord_03013,wallet,1,295.02
ord_03014,credit_card,2,1164.89
ord_03015,debit_card,1,1829.76
ord_03016,credit_card,6,15582.02
ord_03017,upi,1,8075.29
ord_03018,credit_card,1,2073.92
ord_03019,upi,1,7792.7
ord_03020,debit_card,1,4693.58
ord_03021,upi,1,1199.42
ord_03022,wallet,1,1209.65
ord_03023,wallet,1,626.54
ord_03024,wallet,1,15359.13
ord_03025,credit_card,5,942.39
ord_03026,upi,1,733.28
ord_03027,cod,1,7228.3
ord_03028,cod,1,9275.68
ord_03029,upi,1,4068.75
ord_03030,credit_card,6,946.61
ord_03031,debit_card,1,6836.25
ord_03032,wallet,1,2196.34
ord_03033,upi,1,13126.99
ord_03034,upi,1,5885.97
ord_03035,cod,1,6167.09
ord_03036,debit_card,1,6952.79
ord_03037,upi,1,2505.91
ord_03038,upi,1,6391.35
ord_03039,credit_card,1,809.31
ord_03040,upi,1,1929.67
ord_03041,upi,1,6326.7
ord_03042,debit_card,1,10640.29
ord_03043,credit_card,1,13579.71
ord_03044,wallet,1,372.6
ord_03045,credit_card,5,13319.76
ord_03046,upi,1,17638.23
ord_03047,upi,1,9918.1
ord_03048,credit_card,1,3701.15
ord_03049,upi,1,5315.85
ord_03050,upi,1,7611.18
ord_03051,upi,1,923.44
ord_03052,upi,1,2149.97
ord_03053,cod,1,2100.89
ord_03054,credit_card,3,1093.79
ord_03055,upi,1,3311.42
ord_03056,credit_card,4,6955.01
ord_03057,upi,1,1098.46
ord_03058,upi,1,3724.62
ord_03059,upi,1,498.59
ord_03060,upi,1,1270.63
ord_03061,upi,1,2812.02
ord_03062,upi,1,11126.86
ord_03063,credit_card,1,811.2
ord_03064,credit_card,1,2396.72
ord_03065,cod,1,482.53
ord_03066,credit_card,1,1689.45
ord_03067,credit_card,4,8411.17
ord_03068,cod,1,2110.58
ord_03069,upi,1,9176.99
ord_03070,debit_card,1,3733.11
ord_03071,debit_card,1,812.18
ord_03072,debit_card,1,5539.69
ord_03073,upi,1,8318.86
ord_03074,credit_card,2,2578.01
ord_03075,upi,1,654.48
ord_03076,upi,1,5053.82
ord_03077,upi,1,1506.44
ord_03078,upi,1,687.15
ord_03079,credit_card,3,2436.01
ord_03080,credit_card,1,331.81
ord_03081,wallet,1,246.91
ord_03082,wallet,1,6315.86
ord_03083,upi,1,8509.3
ord_03084,upi,1,932.66
ord_03085,wallet,1,16098.52
ord_03086,debit_card,1,9451.23
ord_03087,credit_card,1,3203.33
ord_03088,upi,1,1988.31
ord_03089,cod,1,2740.83
ord_03090,upi,1,4140.79
ord_03091,upi,1,5403.43
ord_03092,upi,1,12301.29
ord_03093,upi,1,10496.73
ord_03094,upi,1,2194.93
ord_03095,cod,1,8973.48
ord_03096,upi,1,613.54
ord_03097,credit_card,2,364.23
ord_03098,upi,1,3066.37
ord_03099,upi,1,5734.13
ord_03100,upi,1,10085.18
ord_03101,debit_card,1,8394.6
ord_03102,credit_card,4,13882.27
ord_03103,upi,1,8271.34
ord_03104,wallet,1,5613.72
ord_03105,upi,1,2553.59
ord_03106,wallet,1,1180.9
ord_03107,upi,1,2252.32
ord_03108,debit_card,1,6588.4
ord_03109,credit_card,2,709.81
ord_03110,debit_card,1,3297.68
ord_03111,debit_card,1,4806.64
ord_03112,credit_card,5,4002.4
ord_03113,upi,1,3526.32
ord_03114,upi,1,2412.66
ord_03115,debit_card,1,10247.78
ord_03116,wallet,1,12832.2
ord_03117,credit_card,4,1425.08
ord_03118,upi,1,1478.6
ord_03119,debit_card,1,852.02
ord_03120,wallet,1,10723.09
ord_03121,upi,1,13448.61
ord_03122,debit_card,1,3923.81
ord_03123,credit_card,5,1092.92
ord_03124,debit_card,1,1133.92
ord_03125,upi,1,1235.26
ord_03126,cod,1,1928.6
ord_03127,wallet,1,3650.75
ord_03128,credit_card,4,2950.31
ord_03129,cod,1,686.68
ord_03130,debit_card,1,591.82
ord_03131,cod,1,2093.67
ord_03132,credit_card,1,1063.11
ord_03133,upi,1,13924.07
ord_03134,upi,1,2265.24
ord_03135,upi,1,3668.4
ord_03136,wallet,1,11977.81
ord_03137,wallet,1,947.38
ord_03138,upi,1,1696.9
ord_03139,wallet,1,2412.91
ord_03140,upi,1,1187.47
ord_03141,upi,1,2714.91
ord_03142,upi,1,2139.93
ord_03143,upi,1,819.56
ord_03144,credit_card,3,6787.81
ord_03145,credit_card,2,1529.15
ord_03146,credit_card,6,7816.5
ord_03147,cod,1,7658.14
ord_03148,debit_card,1,6810.15
ord_03149,credit_card,5,1400.75
ord_03150,upi,1,16511.66
ord_03151,upi,1,761.01
ord_03152,credit_card,5,7824.49
ord_03153,wallet,1,8038.76
ord_03154,upi,1,10647.91
ord_03155,credit_card,5,2516.61
ord_03156,cod,1,2542.12
ord_03157,debit_card,1,2075.49
ord_03158,upi,1,9952.21
ord_03159,debit_card,1,6192.89
ord_03160,cod,1,1324.89
ord_03161,upi,1,8768.31
ord_03162,upi,1,9928.93
ord_03163,cod,1,1380.49
ord_03164,credit_card,3,5771.72
ord_03165,wallet,1,1225.47
ord_03166,debit_card,1,561.68
ord_03167,credit_card,4,3194.42
ord_03168,debit_card,1,3746.25
ord_03169,upi,1,9972.44
ord_03170,cod,1,14015.07
ord_03171,credit_card,5,2694.75
ord_03172,upi,1,11668.69
ord_03173,credit_card,3,1789.76
ord_03174,upi,1,989.81
ord_03175,upi,1,6298.86
ord_03176,upi,1,2331.54
ord_03177,upi,1,1331.29
ord_03178,credit_card,1,13208.9
ord_03179,credit_card,4,1147.12
ord_03180,debit_card,1,7108.39
ord_03181,upi,1,929.3
ord_03182,credit_card,4,3826.53
ord_03183,upi,1,1211.44
ord_03184,upi,1,611.08
ord_03185,debit_card,1,774.67
ord_03186,credit_card,6,3208.64
ord_03187,cod,1,12204.17
ord_03188,credit_card,2,19950.28
ord_03189,upi,1,4847.22
ord_03190,credit_card,3,1232.9
ord_03191,credit_card,1,6373.14
ord_03192,upi,1,1301.46
ord_03193,upi,1,755.17
ord_03194,credit_card,4,4571.31
ord_03195,upi,1,2407.9
ord_03196,upi,1,747.38
ord_03197,debit_card,1,1504.64
ord_03198,cod,1,501.24
ord_03199,credit_card,5,2670.46
ord_03200,upi,1,3211.5
ord_03201,upi,1,1050.92
ord_03202,credit_card,2,941.93
ord_03203,credit_card,2,3185.55
ord_03204,credit_card,6,301.83
ord_03205,cod,1,3873.68
ord_03206,upi,1,1398.04
ord_03207,credit_card,2,6540.78
ord_03208,upi,1,18706.18
ord_03209,debit_card,1,12586.0
ord_03210,upi,1,4680.65
ord_03211,debit_card,1,7242.45
ord_03212,upi,1,619.78
ord_03213,cod,1,1343.23
ord_03214,debit_card,1,15103.48
ord_03215,upi,1,2946.16
ord_03216,credit_card,6,924.14
ord_03217,debit_card,1,3241.11
ord_03218,upi,1,1567.63
ord_03219,cod,1,1293.02
ord_03220,upi,1,1043.71
ord_03221,upi,1,6107.67
ord_03222,cod,1,2812.96
ord_03223,upi,1,1145.33
ord_03224,upi,1,1132.92
ord_03225,wallet,1,9890.72
ord_03226,upi,1,3498.26
ord_03227,debit_card,1,1084.12
ord_03228,debit_card,1,8485.52
ord_03229,upi,1,1699.7
ord_03230,debit_card,1,601.53
ord_03231,wallet,1,1733.69
ord_03232,credit_card,4,405.67
ord_03233,credit_card,3,212.71
ord_03234,credit_card,3,3565.64
ord_03235,debit_card,1,1146.11
ord_03236,credit_card,6,12837.84
ord_03237,upi,1,729.11
ord_03238,credit_card,4,1305.26
ord_03239,wallet,1,6817.34
ord_03240,credit_card,3,2763.37
ord_03241,upi,1,3163.37
ord_03242,debit_card,1,3122.61
ord_03243,upi,1,2781.17
ord_03244,upi,1,5531.99
ord_03245,wallet,1,699.94
ord_03246,credit_card,5,7650.62
ord_03247,upi,1,7388.86
ord_03248,upi,1,544.57
ord_03249,debit_card,1,6585.52
ord_03250,upi,1,2720.45
ord_03251,debit_card,1,1339.9
ord_03252,credit_card,1,1519.74
ord_03253,upi,1,3005.92
ord_03254,upi,1,1865.85
ord_03255,upi,1,8744.38
ord_03256,cod,1,6576.36
ord_03257,credit_card,2,3612.1
ord_03258,cod,1,566.74
ord_03259,credit_card,1,2950.84
ord_03260,credit_card,4,11653.08
ord_03261,credit_card,6,3045.6
ord_03262,wallet,1,1433.75
ord_03263,credit_card,2,1205.16
ord_03264,credit_card,1,9577.45
ord_03265,credit_card,6,5431.27
ord_03266,wallet,1,1580.17
ord_03267,upi,1,1831.19
ord_03268,credit_card,1,2671.23
ord_03269,credit_card,1,627.02
ord_03270,cod,1,537.34
ord_03271,credit_card,2,654.11
ord_03272,wallet,1,12457.21
ord_03273,upi,1,1141.58
ord_03274,debit_card,1,3119.24
ord_03275,credit_card,4,2994.69
ord_03276,wallet,1,6478.45
ord_03277,upi,1,1460.44
ord_03278,upi,1,1650.32
ord_03279,cod,1,442.23
ord_03280,upi,1,9980.66
ord_03281,wallet,1,2900.42
ord_03282,credit_card,2,2150.5
ord_03283,debit_card,1,11825.99
ord_03284,wallet,1,10565.94
ord_03285,upi,1,3443.26
ord_03286,cod,1,2371.3
ord_03287,credit_card,2,3372.12
ord_03288,upi,1,6461.53
ord_03289,upi,1,2977.45
ord_03290,upi,1,7444.38
ord_03291,debit_card,1,7868.61
ord_03292,upi,1,2390.79
ord_03293,credit_card,6,6771.18
ord_03294,credit_card,1,5183.51
ord_03295,credit_card,1,2630.81
ord_03296,upi,1,4480.24
ord_03297,debit_card,1,10909.77
ord_03298,upi,1,4340.94
ord_03299,wallet,1,1407.04
ord_03300,upi,1,1081.99
ord_03301,credit_card,5,2189.23
ord_03302,upi,1,6251.55
ord_03303,upi,1,884.93
ord_03304,upi,1,17343.95
ord_03305,credit_card,2,15016.45
ord_03306,debit_card,1,4187.78
ord_03307,debit_card,1,635.83
ord_03308,credit_card,2,4115.59
ord_03309,debit_card,1,5724.79
ord_03310,upi,1,2405.56
ord_03311,cod,1,2945.2
ord_03312,upi,1,11590.31
ord_03313,credit_card,2,384.69
ord_03314,credit_card,2,7721.69
ord_03315,cod,1,3287.57
ord_03316,debit_card,1,511.84
ord_03317,wallet,1,10603.43
ord_03318,debit_card,1,1758.51
ord_03319,debit_card,1,1901.97
ord_03320,upi,1,987.83
ord_03321,upi,1,2303.44
ord_03322,upi,1,1435.58
ord_03323,credit_card,4,493.73
ord_03324,upi,1,1951.34
ord_03325,credit_card,3,2252.08
ord_03326,debit_card,1,10118.46
ord_03327,credit_card,6,552.87
ord_03328,upi,1,16910.24
ord_03329,cod,1,9498.42
ord_03330,credit_card,6,1251.9
ord_03331,upi,1,2194.54
ord_03332,wallet,1,705.54
ord_03333,debit_card,1,1470.07
ord_03334,upi,1,1143.17
ord_03335,upi,1,4284.53
ord_03336,debit_card,1,9899.6
ord_03337,wallet,1,906.35
ord_03338,upi,1,2870.28
ord_03339,credit_card,5,8560.26
ord_03340,upi,1,551.62
ord_03341,credit_card,3,4098.97
ord_03342,upi,1,619.53
ord_03343,upi,1,609.8
ord_03344,upi,1,8292.36
ord_03345,credit_card,6,11077.99
ord_03346,wallet,1,2968.36
ord_03347,upi,1,10557.14
ord_03348,upi,1,11969.67
ord_03349,wallet,1,12350.91
ord_03350,upi,1,14245.8
ord_03351,upi,1,2087.75
ord_03352,upi,1,1191.15
ord_03353,upi,1,2547.78
ord_03354,debit_card,1,1696.07
ord_03355,debit_card,1,16636.83
ord_03356,wallet,1,1432.4
ord_03357,wallet,1,1801.73
ord_03358,upi,1,2348.84
ord_03359,upi,1,11362.55
ord_03360,cod,1,664.22
ord_03361,credit_card,1,5373.77
ord_03362,credit_card,5,10671.79
ord_03363,upi,1,1827.01
ord_03364,credit_card,6,355.51
ord_03365,credit_card,6,819.68
ord_03366,cod,1,778.46
ord_03367,upi,1,10763.54
ord_03368,upi,1,7695.54
ord_03369,credit_card,3,10119.05
ord_03370,credit_card,5,4294.1
ord_03371,debit_card,1,1772.96
ord_03372,upi,1,5680.02
ord_03373,upi,1,18617.96
ord_03374,credit_card,2,433.8
ord_03375,cod,1,11870.82
ord_03376,cod,1,3931.05
ord_03377,debit_card,1,2237.3
ord_03378,credit_card,4,430.91
ord_03379,wallet,1,2052.63
ord_03380,cod,1,6929.47
ord_03381,wallet,1,8693.31
ord_03382,credit_card,3,1573.08
ord_03383,upi,1,992.55
ord_03384,wallet,1,2875.36
ord_03385,upi,1,1981.4
ord_03386,cod,1,1219.61
ord_03387,cod,1,373.95
ord_03388,upi,1,11904.82
ord_03389,upi,1,2327.44
ord_03390,credit_card,6,464.28
ord_03391,credit_card,3,8332.33
ord_03392,credit_card,6,646.81
ord_03393,credit_card,1,1096.97
ord_03394,cod,1,5103.68
ord_03395,cod,1,787.11
ord_03396,wallet,1,10472.43
ord_03397,upi,1,1766.77
ord_03398,upi,1,6078.43
ord_03399,upi,1,1364.54
ord_03400,cod,1,648.76
ord_03401,cod,1,247.39
ord_03402,cod,1,1050.52
ord_03403,upi,1,13381.15
ord_03404,wallet,1,1349.74
ord_03405,cod,1,9790.54
ord_03406,wallet,1,1509.63
ord_03407,wallet,1,593.58
ord_03408,debit_card,1,2425.21
ord_03409,upi,1,1259.63
ord_03410,credit_card,2,3112.79
ord_03411,upi,1,587.83
ord_03412,upi,1,408.68
ord_03413,upi,1,1632.56
ord_03414,debit_card,1,1179.12
ord_03415,credit_card,2,2054.7
ord_03416,credit_card,3,22478.42
ord_03417,credit_card,3,8426.14
ord_03418,upi,1,711.62
ord_03419,wallet,1,10451.89
ord_03420,credit_card,6,6798.6
ord_03421,upi,1,7210.67
ord_03422,upi,1,18680.49
ord_03423,debit_card,1,10286.67
ord_03424,upi,1,2985.69
ord_03425,credit_card,3,870.11
ord_03426,cod,1,1865.94
ord_03427,cod,1,1900.98
ord_03428,credit_card,5,4145.43
ord_03429,upi,1,1863.33
ord_03430,cod,1,483.31
ord_03431,upi,1,2837.25
ord_03432,upi,1,633.82
ord_03433,upi,1,1478.46
ord_03434,upi,1,10512.89
ord_03435,upi,1,523.38
ord_03436,upi,1,2296.74
ord_03437,upi,1,1549.4
ord_03438,wallet,1,896.71
ord_03439,credit_card,1,4031.89
ord_03440,credit_card,2,1165.7
ord_03441,credit_card,5,1540.43
ord_03442,credit_card,5,223.53
ord_03443,debit_card,1,3697.87
ord_03444,upi,1,14997.46
ord_03445,upi,1,4016.22
ord_03446,debit_card,1,1305.12
ord_03447,credit_card,1,710.84
ord_03448,upi,1,7620.26
ord_03449,upi,1,2196.86
ord_03450,credit_card,2,826.97
ord_03451,debit_card,1,1550.34
ord_03452,cod,1,6238.66
ord_03453,upi,1,2120.25
ord_03454,cod,1,7837.14
ord_03455,credit_card,3,9274.9
ord_03456,upi,1,500.91
ord_03457,upi,1,9575.18
ord_03458,debit_card,1,10657.72
ord_03459,wallet,1,15838.14
ord_03460,debit_card,1,1386.78
ord_03461,wallet,1,2787.74
ord_03462,upi,1,9275.15
ord_03463,credit_card,3,2538.49
ord_03464,upi,1,2557.54
ord_03465,upi,1,935.08
ord_03466,upi,1,8868.84
ord_03467,upi,1,10291.08
ord_03468,upi,1,3206.63
ord_03469,credit_card,3,3173.62
ord_03470,cod,1,1174.48
ord_03471,credit_card,3,891.57
ord_03472,upi,1,4582.53
ord_03473,upi,1,2055.98
ord_03474,upi,1,3227.29
ord_03475,upi,1,11628.26
ord_03476,credit_card,6,711.58
ord_03477,upi,1,3437.91
ord_03478,upi,1,6453.93
ord_03479,upi,1,3964.6
ord_03480,debit_card,1,6421.88
ord_03481,wallet,1,1764.84
ord_03482,debit_card,1,947.82
ord_03483,upi,1,6459.44
ord_03484,credit_card,5,2536.7
ord_03485,upi,1,7981.39
ord_03486,upi,1,3027.95
ord_03487,upi,1,3435.65
ord_03488,upi,1,2861.14
ord_03489,credit_card,6,466.29
ord_03490,upi,1,10583.63
ord_03491,upi,1,13434.27
ord_03492,cod,1,8419.28
ord_03493,upi,1,797.6
ord_03494,upi,1,4279.98
ord_03495,cod,1,10764.48
ord_03496,cod,1,1138.43
ord_03497,upi,1,3955.64
ord_03498,credit_card,2,940.11
ord_03499,upi,1,22982.18
ord_03500,credit_card,3,1470.44
ord_03501,cod,1,2932.11
ord_03502,cod,1,17088.11
ord_03503,wallet,1,9673.11
ord_03504,debit_card,1,1564.51
ord_03505,upi,1,4734.54
ord_03506,credit_card,6,7179.0
ord_03507,upi,1,11880.65
ord_03508,credit_card,4,1156.94
ord_03509,credit_card,6,19766.5
ord_03510,credit_card,4,15666.49
ord_03511,upi,1,1843.95
ord_03512,upi,1,512.61
ord_03513,credit_card,5,8055.17
ord_03514,upi,1,2603.35
ord_03515,cod,1,4963.73
ord_03516,credit_card,5,8805.21
ord_03517,upi,1,1107.66
ord_03518,upi,1,17690.0
ord_03519,upi,1,3492.38
ord_03520,credit_card,1,487.29
ord_03521,credit_card,2,1164.17
ord_03522,upi,1,817.22
ord_03523,wallet,1,2407.33
ord_03524,wallet,1,8846.66
ord_03525,upi,1,1271.89
ord_03526,wallet,1,492.36
ord_03527,debit_card,1,5794.05
ord_03528,upi,1,2298.29
ord_03529,upi,1,3681.58
ord_03530,credit_card,1,1821.42
ord_03531,upi,1,4375.99
ord_03532,upi,1,8434.96
ord_03533,wallet,1,8806.01
ord_03534,upi,1,14743.4
ord_03535,upi,1,9277.21
ord_03536,debit_card,1,6529.6
ord_03537,upi,1,2916.85
ord_03538,upi,1,10211.73
ord_03539,debit_card,1,1859.76
ord_03540,wallet,1,1963.24
ord_03541,cod,1,1013.94
ord_03542,credit_card,2,1071.65
ord_03543,upi,1,1255.03
ord_03544,wallet,1,7523.26
ord_03545,upi,1,6610.3
ord_03546,upi,1,5977.31
ord_03547,credit_card,2,1599.43
ord_03548,credit_card,2,4177.38
ord_03549,cod,1,598.13
ord_03550,upi,1,382.44
ord_03551,upi,1,805.6
ord_03552,upi,1,18739.8
ord_03553,credit_card,6,1546.54
ord_03554,upi,1,1503.88
ord_03555,credit_card,5,3709.0
ord_03556,upi,1,247.54
ord_03557,debit_card,1,8879.88
ord_03558,debit_card,1,22145.04
ord_03559,debit_card,1,5874.18
ord_03560,credit_card,6,2266.4
ord_03561,cod,1,2382.99
ord_03562,credit_card,2,1466.21
ord_03563,credit_card,4,7064.2
ord_03564,wallet,1,2829.63
ord_03565,upi,1,465.58
ord_03566,credit_card,2,8602.2
ord_03567,debit_card,1,688.62
ord_03568,upi,1,2849.47
ord_03569,cod,1,2095.48
ord_03570,upi,1,3392.08
ord_03571,upi,1,1243.64
ord_03572,wallet,1,6376.87
ord_03573,credit_card,1,380.08
ord_03574,upi,1,1019.42
ord_03575,credit_card,6,2482.85
ord_03576,debit_card,1,7831.99
ord_03577,upi,1,1852.98
ord_03578,wallet,1,613.53
ord_03579,upi,1,6747.23
ord_03580,credit_card,3,1174.98
ord_03581,upi,1,17335.73
ord_03582,credit_card,4,1952.91
ord_03583,cod,1,7184.76
ord_03584,credit_card,1,4581.91
ord_03585,upi,1,1817.49
ord_03586,upi,1,1092.47
ord_03587,cod,1,14322.36
ord_03588,cod,1,823.77
ord_03589,credit_card,6,8246.87
ord_03590,upi,1,5273.92
ord_03591,upi,1,1752.96
ord_03592,upi,1,475.53
ord_03593,upi,1,1712.72
ord_03594,credit_card,2,8025.92
ord_03595,upi,1,6356.46
ord_03596,upi,1,2289.86
ord_03597,credit_card,3,1300.48
ord_03598,wallet,1,5142.45
ord_03599,cod,1,3416.05
ord_03600,upi,1,307.98
ord_03601,cod,1,962.1
ord_03602,upi,1,771.35
ord_03603,upi,1,3977.47
ord_03604,upi,1,1081.87
ord_03605,credit_card,6,480.74
ord_03606,credit_card,4,1655.4
ord_03607,upi,1,3780.89
ord_03608,upi,1,1604.26
ord_03609,credit_card,6,11643.98
ord_03610,cod,1,1448.26
ord_03611,credit_card,2,1276.39
ord_03612,upi,1,18729.74
ord_03613,debit_card,1,7672.31
ord_03614,credit_card,5,1634.24
ord_03615,debit_card,1,4267.85
ord_03616,cod,1,6753.91
ord_03617,credit_card,5,774.02
ord_03618,upi,1,6621.52
ord_03619,wallet,1,864.04
ord_03620,upi,1,2098.21
ord_03621,upi,1,10398.01
ord_03622,debit_card,1,1011.45
ord_03623,debit_card,1,12804.39
ord_03624,upi,1,1916.72
ord_03625,upi,1,1167.44
ord_03626,upi,1,1162.74
ord_03627,debit_card,1,2926.03
ord_03628,wallet,1,10208.63
ord_03629,upi,1,1562.52
ord_03630,debit_card,1,1214.93
ord_03631,credit_card,6,793.62
ord_03632,cod,1,1761.87
ord_03633,upi,1,537.03
ord_03634,credit_card,4,7944.2
ord_03635,debit_card,1,3934.69
ord_03636,credit_card,6,3835.01
ord_03637,credit_card,6,5789.36
ord_03638,credit_card,1,1705.05
ord_03639,upi,1,12413.45
ord_03640,credit_card,6,9319.84
ord_03641,credit_card,3,3686.11
ord_03642,credit_card,2,793.65
ord_03643,cod,1,1551.66
ord_03644,credit_card,4,898.5
ord_03645,upi,1,774.74
ord_03646,credit_card,5,2107.43
ord_03647,debit_card,1,6340.96
ord_03648,upi,1,442.38
ord_03649,cod,1,2892.44
ord_03650,upi,1,3032.45
ord_03651,debit_card,1,5445.33
ord_03652,credit_card,1,1425.51
ord_03653,credit_card,4,464.66
ord_03654,cod,1,2214.52
ord_03655,wallet,1,2834.65
ord_03656,credit_card,1,1836.26
ord_03657,upi,1,2253.45
ord_03658,credit_card,1,16457.84
ord_03659,wallet,1,8320.74
ord_03660,wallet,1,3857.44
ord_03661,upi,1,2395.31
ord_03662,credit_card,4,8377.45
ord_03663,wallet,1,2674.74
ord_03664,credit_card,4,1708.26
ord_03665,debit_card,1,7858.79
ord_03666,upi,1,2003.14
ord_03667,cod,1,4341.93
ord_03668,debit_card,1,12333.04
ord_03669,debit_card,1,373.15
ord_03670,credit_card,6,3742.21
ord_03671,debit_card,1,8386.42
ord_03672,cod,1,8701.62
ord_03673,credit_card,4,8856.04
ord_03674,upi,1,2255.01
ord_03675,credit_card,3,1155.9
ord_03676,credit_card,6,485.12
ord_03677,upi,1,2253.42
ord_03678,debit_card,1,1087.14
ord_03679,debit_card,1,10028.4
ord_03680,credit_card,6,7133.65
ord_03681,credit_card,5,3445.82
ord_03682,upi,1,1316.07
ord_03683,upi,1,1081.01
ord_03684,upi,1,12775.42
ord_03685,wallet,1,5552.37
ord_03686,credit_card,3,646.83
ord_03687,debit_card,1,2219.67
ord_03688,upi,1,877.46
ord_03689,debit_card,1,7150.54
ord_03690,wallet,1,1531.41
ord_03691,upi,1,5371.9
ord_03692,debit_card,1,2758.45
ord_03693,debit_card,1,3144.72
ord_03694,credit_card,4,6369.39
ord_03695,upi,1,5846.29
ord_03696,upi,1,660.57
ord_03697,credit_card,1,6491.48
ord_03698,upi,1,1731.95
ord_03699,credit_card,1,6682.66
ord_03700,debit_card,1,7071.79
ord_03701,upi,1,2409.5
ord_03702,credit_card,3,2879.92
ord_03703,debit_card,1,3614.87
ord_03704,upi,1,1696.01
ord_03705,credit_card,6,5848.52
ord_03706,wallet,1,1553.53
ord_03707,cod,1,1750.32
ord_03708,upi,1,5242.26
ord_03709,upi,1,1530.27
ord_03710,wallet,1,2456.53
ord_03711,upi,1,6342.28
ord_03712,credit_card,2,1383.71
ord_03713,credit_card,3,7072.16
ord_03714,debit_card,1,687.73
ord_03715,upi,1,656.88
ord_03716,upi,1,2579.33
ord_03717,wallet,1,5982.48
ord_03718,cod,1,963.13
ord_03719,upi,1,796.05
ord_03720,upi,1,989.61
ord_03721,cod,1,2373.11
ord_03722,wallet,1,8805.42
ord_03723,credit_card,1,458.31
ord_03724,cod,1,1356.55
ord_03725,cod,1,4098.59
ord_03726,upi,1,1025.42
ord_03727,upi,1,2189.7
ord_03728,cod,1,5307.66
ord_03729,upi,1,5216.66
ord_03730,upi,1,2808.06
ord_03731,wallet,1,11188.14
ord_03732,upi,1,1464.84
ord_03733,debit_card,1,3035.1
ord_03734,credit_card,5,5406.55
ord_03735,upi,1,10882.01
ord_03736,credit_card,3,163.72
ord_03737,upi,1,472.11
ord_03738,credit_card,2,4247.52
ord_03739,cod,1,1437.14
ord_03740,upi,1,5129.84
ord_03741,debit_card,1,1195.09
ord_03742,credit_card,3,2567.29
ord_03743,credit_card,5,1622.31
ord_03744,wallet,1,399.45
ord_03745,debit_card,1,13919.84
ord_03746,credit_card,4,8318.54
ord_03747,cod,1,381.81
ord_03748,upi,1,8429.18
ord_03749,credit_card,3,3372.19
ord_03750,debit_card,1,10717.63
ord_03751,credit_card,1,8117.92
ord_03752,cod,1,6297.82
ord_03753,credit_card,5,15924.05
ord_03754,cod,1,12698.66
ord_03755,upi,1,747.25
ord_03756,credit_card,1,727.59
ord_03757,credit_card,4,8793.38
ord_03758,upi,1,11726.94
ord_03759,debit_card,1,15512.15
ord_03760,credit_card,4,7770.92
ord_03761,credit_card,6,16921.46
ord_03762,upi,1,11660.98
ord_03763,upi,1,1367.24
ord_03764,credit_card,3,789.99
ord_03765,wallet,1,1507.44
ord_03766,cod,1,17526.51
ord_03767,upi,1,1549.8
ord_03768,upi,1,578.79
ord_03769,upi,1,6250.09
ord_03770,credit_card,6,3772.48
ord_03771,wallet,1,4480.7
ord_03772,upi,1,2649.3
ord_03773,upi,1,1490.18
ord_03774,cod,1,1264.98
ord_03775,upi,1,634.87
ord_03776,upi,1,12064.81
ord_03777,credit_card,6,8127.8
ord_03778,upi,1,1307.77
ord_03779,debit_card,1,5741.94
ord_03780,upi,1,13680.33
ord_03781,upi,1,863.07
ord_03782,upi,1,4104.06
ord_03783,credit_card,4,13735.95
ord_03784,upi,1,1216.59
ord_03785,credit_card,2,1345.12
ord_03786,debit_card,1,494.57
ord_03787,upi,1,2657.64
ord_03788,debit_card,1,14963.48
ord_03789,upi,1,974.63
ord_03790,upi,1,896.55
ord_03791,cod,1,3501.86
ord_03792,credit_card,6,6709.55
ord_03793,upi,1,1876.26
ord_03794,upi,1,7387.69
ord_03795,credit_card,6,961.67
ord_03796,upi,1,1393.47
ord_03797,upi,1,1343.49
ord_03798,credit_card,5,1161.75
ord_03799,upi,1,2263.04
ord_03800,cod,1,991.15
ord_03801,wallet,1,505.75
ord_03802,upi,1,10372.34
ord_03803,cod,1,9283.78
ord_03804,upi,1,2388.43
ord_03805,upi,1,1035.96
ord_03806,debit_card,1,11695.98
ord_03807,upi,1,3816.28
ord_03808,debit_card,1,3137.08
ord_03809,cod,1,379.51
ord_03810,upi,1,753.24
ord_03811,credit_card,1,1864.39
ord_03812,credit_card,6,3101.36
ord_03813,credit_card,6,7460.43
ord_03814,credit_card,6,470.68
ord_03815,credit_card,6,1256.06
ord_03816,credit_card,3,9222.76
ord_03817,upi,1,1618.18
ord_03818,wallet,1,4644.76
ord_03819,wallet,1,882.77
ord_03820,debit_card,1,2000.92
ord_03821,upi,1,13095.77
ord_03822,upi,1,7429.88
ord_03823,credit_card,1,7507.17
ord_03824,upi,1,905.82
ord_03825,upi,1,1398.48
ord_03826,wallet,1,878.96
ord_03827,upi,1,16677.91
ord_03828,upi,1,467.16
ord_03829,cod,1,7646.59
ord_03830,debit_card,1,947.11
ord_03831,cod,1,1811.5
ord_03832,cod,1,1562.32
ord_03833,credit_card,1,21422.47
ord_03834,debit_card,1,3986.31
ord_03835,upi,1,1685.04
ord_03836,credit_card,5,6603.24
ord_03837,cod,1,6708.38
ord_03838,credit_card,2,5162.71
ord_03839,upi,1,506.2
ord_03840,credit_card,2,6214.03
ord_03841,credit_card,2,1929.28
ord_03842,upi,1,1463.37
ord_03843,upi,1,11269.37
ord_03844,upi,1,4202.06
ord_03845,upi,1,708.36
ord_03846,cod,1,8417.06
ord_03847,credit_card,3,1690.25
ord_03848,credit_card,5,1485.67
ord_03849,debit_card,1,11479.58
ord_03850,credit_card,3,6638.66
ord_03851,upi,1,5913.43
ord_03852,credit_card,4,1158.31
ord_03853,cod,1,991.05
ord_03854,credit_card,2,1237.69
ord_03855,upi,1,376.09
ord_03856,wallet,1,1944.08
ord_03857,upi,1,4632.89
ord_03858,credit_card,1,1874.42
ord_03859,upi,1,8157.37
ord_03860,credit_card,4,7470.29
ord_03861,cod,1,2977.34
ord_03862,debit_card,1,817.43
ord_03863,upi,1,13844.78
ord_03864,wallet,1,1979.9
ord_03865,upi,1,9038.88
ord_03866,upi,1,843.46
ord_03867,cod,1,12957.59
ord_03868,wallet,1,1043.96
ord_03869,upi,1,10035.61
ord_03870,upi,1,14119.31
ord_03871,credit_card,6,1663.87
ord_03872,upi,1,5319.1
ord_03873,credit_card,1,1186.76
ord_03874,credit_card,5,358.52
ord_03875,cod,1,1087.57
ord_03876,debit_card,1,1265.51
ord_03877,wallet,1,9898.67
ord_03878,cod,1,3649.91
ord_03879,wallet,1,5796.9
ord_03880,debit_card,1,6951.13
ord_03881,credit_card,2,2592.65
ord_03882,credit_card,5,840.69
ord_03883,wallet,1,1927.35
ord_03884,debit_card,1,2069.41
ord_03885,wallet,1,2598.09
ord_03886,credit_card,3,1985.63
ord_03887,upi,1,1399.73
ord_03888,wallet,1,7892.61
ord_03889,upi,1,6427.26
ord_03890,upi,1,2144.96
ord_03891,credit_card,5,962.77
ord_03892,upi,1,2053.91
ord_03893,wallet,1,5559.17
ord_03894,cod,1,588.39
ord_03895,credit_card,5,854.6
ord_03896,credit_card,3,6639.36
ord_03897,credit_card,4,5256.81
ord_03898,upi,1,3468.35
ord_03899,credit_card,4,5725.91
ord_03900,upi,1,7616.23
ord_03901,wallet,1,12543.17
ord_03902,upi,1,2008.02
ord_03903,upi,1,6236.32
ord_03904,upi,1,510.24
ord_03905,upi,1,1199.58
ord_03906,cod,1,376.37
ord_03907,upi,1,2111.54
ord_03908,upi,1,1208.12
ord_03909,upi,1,2470.93
ord_03910,upi,1,2614.94
ord_03911,upi,1,10072.31
ord_03912,wallet,1,9543.98
ord_03913,upi,1,8786.38
ord_03914,upi,1,1131.08
ord_03915,cod,1,2179.72
ord_03916,credit_card,2,7188.34
ord_03917,credit_card,4,6762.36
ord_03918,upi,1,16585.61
ord_03919,wallet,1,16498.47
ord_03920,upi,1,2278.7
ord_03921,credit_card,2,701.16
ord_03922,credit_card,1,3214.52
ord_03923,wallet,1,1385.94
ord_03924,upi,1,5260.55
ord_03925,upi,1,1599.61
ord_03926,credit_card,6,2074.94
ord_03927,upi,1,8266.65
ord_03928,upi,1,14918.84
ord_03929,upi,1,2254.93
ord_03930,upi,1,9515.07
ord_03931,upi,1,1409.49
ord_03932,upi,1,1517.47
ord_03933,credit_card,5,629.13
ord_03934,cod,1,7320.37
ord_03935,upi,1,1599.2
ord_03936,upi,1,1183.58
ord_03937,credit_card,2,7524.83
ord_03938,credit_card,5,1112.95
ord_03939,cod,1,1392.17
ord_03940,upi,1,1365.51
ord_03941,upi,1,2347.57
ord_03942,debit_card,1,7409.25
ord_03943,upi,1,5123.8
ord_03944,credit_card,1,448.45
ord_03945,credit_card,2,1714.58
ord_03946,credit_card,2,1871.25
ord_03947,upi,1,968.02
ord_03948,credit_card,6,11461.0
ord_03949,upi,1,9107.45
ord_03950,cod,1,3121.53
ord_03951,debit_card,1,5123.84
ord_03952,upi,1,863.02
ord_03953,credit_card,6,9743.8
ord_03954,credit_card,6,2535.76
ord_03955,debit_card,1,571.66
ord_03956,wallet,1,1589.77
ord_03957,upi,1,816.53
ord_03958,upi,1,4283.11
ord_03959,credit_card,2,438.9
ord_03960,credit_card,4,934.25
ord_03961,debit_card,1,2053.86
ord_03962,credit_card,1,4508.45
ord_03963,credit_card,4,720.74
ord_03964,upi,1,239.45
ord_03965,debit_card,1,4385.16
ord_03966,upi,1,6028.88
ord_03967,credit_card,3,1852.58
ord_03968,credit_card,3,1458.18
ord_03969,upi,1,6822.54
ord_03970,credit_card,5,1539.22
ord_03971,upi,1,10275.19
ord_03972,upi,1,2958.85
ord_03973,debit_card,1,1585.57
ord_03974,upi,1,6014.68
ord_03975,credit_card,6,570.33
ord_03976,credit_card,6,3755.48
ord_03977,upi,1,1006.94
ord_03978,credit_card,3,6649.82
ord_03979,upi,1,9392.53
ord_03980,debit_card,1,2193.97
ord_03981,credit_card,2,3254.6
ord_03982,upi,1,3065.02
ord_03983,upi,1,7045.6
ord_03984,upi,1,5584.86
ord_03985,debit_card,1,9351.09
ord_03986,upi,1,10236.68
ord_03987,debit_card,1,6710.88
ord_03988,credit_card,5,2632.54
ord_03989,upi,1,1325.38
ord_03990,wallet,1,8085.18
ord_03991,upi,1,9941.46
ord_03992,cod,1,7745.44
ord_03993,cod,1,9511.02
ord_03994,upi,1,845.26
ord_03995,upi,1,6476.52
ord_03996,upi,1,2314.86
ord_03997,upi,1,13393.42
ord_03998,upi,1,3156.49
ord_03999,upi,1,3452.72
ord_04000,upi,1,1611.74
ord_04001,debit_card,1,1650.84
ord_04002,cod,1,11640.82
ord_04003,upi,1,533.09
ord_04004,upi,1,656.81
ord_04005,wallet,1,1241.77
ord_04006,upi,1,1298.06
ord_04007,upi,1,4143.31
ord_04008,credit_card,1,6168.51
ord_04009,cod,1,3130.51
ord_04010,upi,1,3448.73
ord_04011,upi,1,5374.6
ord_04012,credit_card,3,13726.24
ord_04013,debit_card,1,3566.12
ord_04014,credit_card,4,1196.36
ord_04015,cod,1,1049.3
ord_04016,cod,1,6182.42
ord_04017,credit_card,1,353.6
ord_04018,upi,1,4933.19
ord_04019,cod,1,17463.32
ord_04020,upi,1,8994.63
ord_04021,debit_card,1,2294.0
ord_04022,credit_card,5,4120.3
ord_04023,cod,1,414.07
ord_04024,credit_card,1,14020.55
ord_04025,debit_card,1,3310.65
ord_04026,credit_card,4,5657.73
ord_04027,debit_card,1,7108.86
ord_04028,credit_card,2,9342.39
ord_04029,credit_card,2,1437.41
ord_04030,cod,1,1189.73
ord_04031,credit_card,2,2718.67
ord_04032,upi,1,2600.4
ord_04033,credit_card,1,9280.48
ord_04034,upi,1,607.2
ord_04035,wallet,1,14038.2
ord_04036,credit_card,4,4611.17
ord_04037,wallet,1,4952.9
ord_04038,credit_card,6,7953.26
ord_04039,upi,1,1275.18
ord_04040,cod,1,14397.17
ord_04041,credit_card,6,15457.6
ord_04042,upi,1,606.81
ord_04043,credit_card,3,7194.85
ord_04044,upi,1,11108.1
ord_04045,upi,1,1015.03
ord_04046,upi,1,5263.97
ord_04047,credit_card,2,862.45
ord_04048,credit_card,4,1121.31
ord_04049,credit_card,1,3815.09
ord_04050,upi,1,9547.23
ord_04051,debit_card,1,2583.07
ord_04052,upi,1,1173.79
ord_04053,cod,1,5767.88
ord_04054,upi,1,4826.47
ord_04055,cod,1,757.74
ord_04056,wallet,1,2451.05
ord_04057,upi,1,13801.53
ord_04058,credit_card,4,9633.0
ord_04059,cod,1,5903.62
ord_04060,upi,1,3770.69
ord_04061,cod,1,1799.29
ord_04062,credit_card,6,2035.26
ord_04063,credit_card,1,1344.62
ord_04064,upi,1,14584.96
ord_04065,credit_card,5,11244.35
ord_04066,upi,1,4321.14
ord_04067,upi,1,2991.23
ord_04068,upi,1,574.81
ord_04069,upi,1,783.55
ord_04070,credit_card,5,2411.79
ord_04071,credit_card,4,1210.83
ord_04072,upi,1,8892.53
ord_04073,credit_card,2,3555.85
ord_04074,debit_card,1,16034.79
ord_04075,credit_card,2,1080.19
ord_04076,credit_card,5,16374.19
ord_04077,upi,1,4117.15
ord_04078,credit_card,5,2306.44
ord_04079,wallet,1,4525.3
ord_04080,wallet,1,1366.61
ord_04081,upi,1,348.97
ord_04082,upi,1,1656.12
ord_04083,wallet,1,2460.21
ord_04084,upi,1,745.41
ord_04085,wallet,1,1056.8
ord_04086,upi,1,3609.41
ord_04087,upi,1,1939.3
ord_04088,upi,1,1662.58
ord_04089,debit_card,1,3055.67
ord_04090,credit_card,3,13137.66
ord_04091,debit_card,1,518.36
ord_04092,credit_card,5,2811.53
ord_04093,upi,1,1519.83
ord_04094,upi,1,7011.97
ord_04095,credit_card,2,413.08
ord_04096,credit_card,2,15066.19
ord_04097,upi,1,9293.35
ord_04098,upi,1,2106.35
ord_04099,upi,1,1784.42
ord_04100,debit_card,1,2660.9
ord_04101,upi,1,1498.11
ord_04102,upi,1,25207.19
ord_04103,upi,1,689.85
ord_04104,upi,1,1718.71
ord_04105,upi,1,11684.84
ord_04106,credit_card,5,2032.39
ord_04107,upi,1,11321.46
ord_04108,upi,1,1202.01
ord_04109,debit_card,1,2466.09
ord_04110,upi,1,2935.5
ord_04111,debit_card,1,1760.26
ord_04112,cod,1,715.81
ord_04113,upi,1,1387.82
ord_04114,credit_card,1,2460.43
ord_04115,credit_card,5,9856.53
ord_04116,cod,1,15129.62
ord_04117,credit_card,2,520.07
ord_04118,debit_card,1,5122.54
ord_04119,cod,1,9624.57
ord_04120,credit_card,6,6043.35
ord_04121,debit_card,1,1140.01
ord_04122,upi,1,489.03
ord_04123,upi,1,1936.24
ord_04124,upi,1,12551.24
ord_04125,wallet,1,4907.22
ord_04126,wallet,1,895.87
ord_04127,wallet,1,5991.85
ord_04128,upi,1,1731.63
ord_04129,credit_card,4,1316.73
ord_04130,upi,1,768.98
ord_04131,cod,1,1017.99
ord_04132,upi,1,9627.47
ord_04133,debit_card,1,1477.81
ord_04134,wallet,1,3188.13
ord_04135,upi,1,10780.41
ord_04136,debit_card,1,2419.72
ord_04137,upi,1,1948.93
ord_04138,upi,1,1828.5
ord_04139,credit_card,6,3815.75
ord_04140,upi,1,1612.16
ord_04141,credit_card,1,1351.55
ord_04142,upi,1,17599.24
ord_04143,debit_card,1,15972.48
ord_04144,debit_card,1,7161.6
ord_04145,upi,1,3298.94
ord_04146,wallet,1,496.36
ord_04147,wallet,1,6422.13
ord_04148,upi,1,2522.6
ord_04149,debit_card,1,1460.75
ord_04150,wallet,1,11002.97
ord_04151,credit_card,2,6272.96
ord_04152,credit_card,4,8321.59
ord_04153,credit_card,2,3203.81
ord_04154,wallet,1,1927.51
ord_04155,upi,1,1915.42
ord_04156,upi,1,1959.08
ord_04157,upi,1,2202.45
ord_04158,upi,1,10011.09
ord_04159,upi,1,1187.92
ord_04160,upi,1,12299.35
ord_04161,debit_card,1,6265.17
ord_04162,upi,1,490.57
ord_04163,credit_card,2,553.09
ord_04164,upi,1,6253.82
ord_04165,credit_card,3,2617.71
ord_04166,debit_card,1,7683.8
ord_04167,upi,1,931.83
ord_04168,wallet,1,1551.88
ord_04169,upi,1,7860.02
ord_04170,upi,1,1019.83
ord_04171,credit_card,1,3213.14
ord_04172,upi,1,1298.85
ord_04173,upi,1,4103.76
ord_04174,debit_card,1,370.9
ord_04175,cod,1,427.86
ord_04176,debit_card,1,1461.13
ord_04177,debit_card,1,471.44
ord_04178,debit_card,1,917.81
ord_04179,upi,1,807.21
ord_04180,credit_card,1,10647.03
ord_04181,credit_card,4,2935.36
ord_04182,upi,1,8724.51
ord_04183,upi,1,2316.57
ord_04184,credit_card,2,8881.7
ord_04185,credit_card,5,8047.35
ord_04186,credit_card,4,8335.95
ord_04187,credit_card,3,2232.73
ord_04188,upi,1,8370.85
ord_04189,debit_card,1,1249.45
ord_04190,wallet,1,14551.11
ord_04191,credit_card,3,13178.51
ord_04192,wallet,1,7394.07
ord_04193,upi,1,1160.21
ord_04194,credit_card,4,12877.09
ord_04195,wallet,1,2323.98
ord_04196,cod,1,17719.34
ord_04197,cod,1,14585.61
ord_04198,wallet,1,2200.18
ord_04199,debit_card,1,4928.87
ord_04200,upi,1,2901.45
ord_04201,cod,1,4627.86
ord_04202,credit_card,1,1814.75
ord_04203,upi,1,10914.77
ord_04204,wallet,1,6574.21
ord_04205,credit_card,5,2385.84
ord_04206,credit_card,2,2450.48
ord_04207,wallet,1,3112.58
ord_04208,cod,1,342.16
ord_04209,cod,1,794.57
ord_04210,upi,1,1728.01
ord_04211,upi,1,819.62
ord_04212,credit_card,1,2359.25
ord_04213,upi,1,1742.02
ord_04214,credit_card,1,4286.93
ord_04215,credit_card,1,5685.61
ord_04216,upi,1,422.88
ord_04217,cod,1,6578.62
ord_04218,credit_card,3,867.87
ord_04219,upi,1,9745.51
ord_04220,upi,1,685.19
ord_04221,credit_card,5,967.76
ord_04222,wallet,1,1960.86
ord_04223,upi,1,9468.56
ord_04224,cod,1,1178.98
ord_04225,upi,1,3453.91
ord_04226,cod,1,1991.51
ord_04227,credit_card,6,864.25
ord_04228,debit_card,1,659.61
ord_04229,debit_card,1,7877.53
ord_04230,upi,1,3110.44
ord_04231,cod,1,724.54
ord_04232,upi,1,3042.93
ord_04233,debit_card,1,2315.12
ord_04234,debit_card,1,6782.81
ord_04235,credit_card,5,2460.55
ord_04236,credit_card,5,15691.76
ord_04237,upi,1,1381.36
ord_04238,upi,1,2341.88
ord_04239,upi,1,7573.23
ord_04240,upi,1,1777.04
ord_04241,credit_card,4,1016.89
ord_04242,credit_card,6,6378.25
ord_04243,cod,1,2059.48
ord_04244,credit_card,6,4851.78
ord_04245,wallet,1,1100.57
ord_04246,cod,1,6281.31
ord_04247,debit_card,1,593.65
ord_04248,credit_card,6,761.91
ord_04249,credit_card,2,1900.94
ord_04250,upi,1,1549.93
ord_04251,upi,1,9820.57
ord_04252,credit_card,5,24050.51
ord_04253,cod,1,1803.04
ord_04254,cod,1,1869.89
ord_04255,upi,1,450.05
ord_04256,debit_card,1,12013.56
ord_04257,upi,1,4802.89
ord_04258,debit_card,1,1243.32
ord_04259,upi,1,1858.16
ord_04260,cod,1,505.51
ord_04261,credit_card,2,16938.19
ord_04262,credit_card,2,778.57
ord_04263,debit_card,1,6119.69
ord_04264,upi,1,3231.51
ord_04265,cod,1,1533.19
ord_04266,upi,1,4019.92
ord_04267,upi,1,9371.77
ord_04268,credit_card,2,4072.3
ord_04269,upi,1,7928.32
ord_04270,wallet,1,19773.09
ord_04271,upi,1,8052.19
ord_04272,cod,1,10268.27
ord_04273,upi,1,1224.54
ord_04274,upi,1,7735.17
ord_04275,credit_card,2,6247.61
ord_04276,wallet,1,5129.74
ord_04277,credit_card,5,636.19
ord_04278,upi,1,1912.64
ord_04279,wallet,1,1687.06
ord_04280,upi,1,554.06
ord_04281,debit_card,1,10614.49
ord_04282,upi,1,7822.44
ord_04283,debit_card,1,11201.48
ord_04284,debit_card,1,9996.33
ord_04285,wallet,1,2184.86
ord_04286,upi,1,7047.67
ord_04287,credit_card,2,1036.16
ord_04288,upi,1,1930.34
ord_04289,credit_card,3,11409.44
ord_04290,debit_card,1,22433.84
ord_04291,wallet,1,8666.47
ord_04292,credit_card,2,3010.33
ord_04293,upi,1,699.17
ord_04294,wallet,1,739.06
ord_04295,credit_card,1,6582.03
ord_04296,upi,1,15021.09
ord_04297,upi,1,1869.02
ord_04298,upi,1,2197.11
ord_04299,credit_card,3,2115.18
ord_04300,credit_card,2,2895.82
ord_04301,cod,1,642.86
ord_04302,wallet,1,1256.82
ord_04303,upi,1,285.5
ord_04304,cod,1,1157.8
ord_04305,wallet,1,3468.78
ord_04306,debit_card,1,659.26
ord_04307,cod,1,8377.94
ord_04308,upi,1,2642.03
ord_04309,upi,1,9661.86
ord_04310,upi,1,14992.16
ord_04311,upi,1,1568.0
ord_04312,credit_card,4,6246.77
ord_04313,credit_card,5,2351.67
ord_04314,upi,1,1200.46
ord_04315,upi,1,7109.53
ord_04316,upi,1,9062.93
ord_04317,wallet,1,7579.23
ord_04318,credit_card,2,9428.51
ord_04319,credit_card,5,7459.36
ord_04320,credit_card,6,1544.93
ord_04321,upi,1,1347.9
ord_04322,upi,1,5761.55
ord_04323,wallet,1,2259.69
ord_04324,upi,1,2099.64
ord_04325,credit_card,6,2809.5
ord_04326,debit_card,1,5290.18
ord_04327,upi,1,16429.64
ord_04328,upi,1,7413.66
ord_04329,upi,1,3331.89
ord_04330,upi,1,6082.72
ord_04331,credit_card,3,1679.62
ord_04332,credit_card,2,312.62
ord_04333,debit_card,1,5567.76
ord_04334,wallet,1,6136.82
ord_04335,cod,1,3417.81
ord_04336,credit_card,6,6025.89
ord_04337,upi,1,3584.77
ord_04338,credit_card,5,410.9
ord_04339,upi,1,6125.59
ord_04340,upi,1,4332.1
ord_04341,upi,1,911.76
ord_04342,wallet,1,1082.61
ord_04343,wallet,1,1916.12
ord_04344,upi,1,1468.57
ord_04345,upi,1,854.59
ord_04346,credit_card,1,1547.39
ord_04347,wallet,1,6528.32
ord_04348,upi,1,5650.7
ord_04349,credit_card,4,11928.04
ord_04350,debit_card,1,1066.44
ord_04351,debit_card,1,3510.93
ord_04352,credit_card,1,5862.6
ord_04353,upi,1,2359.92
ord_04354,cod,1,1208.3
ord_04355,cod,1,2606.14
ord_04356,wallet,1,5199.83
ord_04357,credit_card,5,7229.26
ord_04358,credit_card,3,1124.55
ord_04359,debit_card,1,7827.66
ord_04360,cod,1,2188.58
ord_04361,credit_card,4,3712.47
ord_04362,upi,1,521.24
ord_04363,cod,1,6481.3
ord_04364,upi,1,2656.56
ord_04365,debit_card,1,8989.36
ord_04366,cod,1,8536.29
ord_04367,credit_card,6,6797.62
ord_04368,upi,1,1647.94
ord_04369,upi,1,1124.38
ord_04370,credit_card,1,2166.83
ord_04371,upi,1,360.76
ord_04372,upi,1,7204.27
ord_04373,upi,1,2685.1
ord_04374,wallet,1,11818.26
ord_04375,wallet,1,7119.79
ord_04376,credit_card,6,272.96
ord_04377,upi,1,2422.4
ord_04378,upi,1,897.46
ord_04379,cod,1,8813.64
ord_04380,upi,1,6186.88
ord_04381,debit_card,1,8961.98
ord_04382,cod,1,1670.59
ord_04383,credit_card,2,437.62
ord_04384,credit_card,3,2218.79
ord_04385,cod,1,2097.08
ord_04386,wallet,1,11754.99
ord_04387,cod,1,4637.12
ord_04388,cod,1,10014.69
ord_04389,cod,1,7272.0
ord_04390,credit_card,3,1192.99
ord_04391,cod,1,6973.34
ord_04392,credit_card,4,1772.28
ord_04393,credit_card,2,11506.04
ord_04394,credit_card,3,12164.56
ord_04395,upi,1,1080.55
ord_04396,debit_card,1,2033.06
ord_04397,upi,1,613.61
ord_04398,upi,1,3213.59
ord_04399,debit_card,1,9837.47
ord_04400,cod,1,8307.99
ord_04401,upi,1,1513.93
ord_04402,wallet,1,9018.41
ord_04403,wallet,1,2214.9
ord_04404,upi,1,1080.81
ord_04405,upi,1,1745.32
ord_04406,upi,1,1251.27
ord_04407,upi,1,1218.46
ord_04408,upi,1,6427.59
ord_04409,upi,1,741.45
ord_04410,credit_card,2,1018.17
ord_04411,credit_card,6,27942.72
ord_04412,credit_card,4,1011.74
ord_04413,cod,1,1059.74
ord_04414,credit_card,1,10801.63
ord_04415,credit_card,1,1501.06
ord_04416,cod,1,643.04
ord_04417,credit_card,3,1140.68
ord_04418,credit_card,5,7462.49
ord_04419,upi,1,2414.47
ord_04420,upi,1,3276.21
ord_04421,credit_card,3,3856.1
ord_04422,credit_card,6,1552.0
ord_04423,credit_card,3,3276.51
ord_04424,cod,1,959.61
ord_04425,credit_card,3,5562.73
ord_04426,upi,1,2712.45
ord_04427,wallet,1,3261.85
ord_04428,wallet,1,7202.9
ord_04429,credit_card,4,1181.15
ord_04430,debit_card,1,16248.75
ord_04431,debit_card,1,1159.76
ord_04432,debit_card,1,9540.33
ord_04433,credit_card,5,568.03
ord_04434,cod,1,1239.77
ord_04435,wallet,1,8787.39
ord_04436,credit_card,2,1870.15
ord_04437,debit_card,1,5044.35
ord_04438,cod,1,16161.95
ord_04439,credit_card,5,13929.62
ord_04440,upi,1,1207.86
ord_04441,upi,1,2072.28
ord_04442,upi,1,993.99
ord_04443,wallet,1,6979.04
ord_04444,cod,1,9911.44
ord_04445,debit_card,1,10876.4
ord_04446,debit_card,1,10732.16
ord_04447,upi,1,1767.44
ord_04448,cod,1,2570.31
ord_04449,credit_card,3,7931.22
ord_04450,debit_card,1,2260.18
ord_04451,credit_card,4,5297.75
ord_04452,upi,1,3847.46
ord_04453,credit_card,2,1265.13
ord_04454,cod,1,459.67
ord_04455,wallet,1,1704.27
ord_04456,cod,1,915.75
ord_04457,upi,1,1974.37
ord_04458,debit_card,1,886.09
ord_04459,cod,1,17592.06
ord_04460,debit_card,1,6268.26
ord_04461,credit_card,1,2470.49
ord_04462,debit_card,1,8529.73
ord_04463,debit_card,1,646.77
ord_04464,credit_card,4,5081.08
ord_04465,cod,1,6710.79
ord_04466,wallet,1,418.74
ord_04467,credit_card,3,388.19
ord_04468,debit_card,1,5874.74
ord_04469,credit_card,4,3862.51
ord_04470,credit_card,6,7996.1
ord_04471,upi,1,8604.94
ord_04472,upi,1,1181.21
ord_04473,upi,1,5308.85
ord_04474,upi,1,476.65
ord_04475,credit_card,2,3251.6
ord_04476,upi,1,4111.18
ord_04477,upi,1,977.53
ord_04478,wallet,1,432.57
ord_04479,debit_card,1,3457.28
ord_04480,upi,1,688.7
ord_04481,wallet,1,2096.18
ord_04482,credit_card,6,7764.01
ord_04483,cod,1,3244.64
ord_04484,upi,1,2074.47
ord_04485,credit_card,5,2779.68
ord_04486,credit_card,4,873.31
ord_04487,credit_card,4,12758.99
ord_04488,debit_card,1,3513.04
ord_04489,cod,1,5026.46
ord_04490,credit_card,1,6596.45
ord_04491,upi,1,4536.57
ord_04492,credit_card,3,220.85
ord_04493,cod,1,7653.24
ord_04494,debit_card,1,804.16
ord_04495,cod,1,2324.63
ord_04496,debit_card,1,13952.67
ord_04497,upi,1,1935.15
ord_04498,credit_card,5,1243.92
ord_04499,upi,1,896.65
ord_04500,cod,1,16009.75
ord_04501,credit_card,4,6269.1
ord_04502,upi,1,2966.91
ord_04503,cod,1,1987.44
ord_04504,cod,1,8497.85
ord_04505,upi,1,5627.85
ord_04506,cod,1,983.62
ord_04507,wallet,1,3818.39
ord_04508,upi,1,1620.72
ord_04509,upi,1,1080.4
ord_04510,credit_card,3,10722.86
ord_04511,cod,1,815.0
ord_04512,upi,1,1096.71
ord_04513,upi,1,4427.98
ord_04514,credit_card,1,6973.2
ord_04515,cod,1,2286.23
ord_04516,credit_card,2,4995.66
ord_04517,cod,1,1098.28
ord_04518,credit_card,6,1200.5
ord_04519,credit_card,2,979.27
ord_04520,credit_card,2,9656.51
ord_04521,cod,1,911.15
ord_04522,upi,1,4862.82
ord_04523,upi,1,6215.07
ord_04524,cod,1,7317.44
ord_04525,upi,1,9475.36
ord_04526,credit_card,4,980.64
ord_04527,cod,1,2771.2
ord_04528,credit_card,5,1158.87
ord_04529,upi,1,1041.36
ord_04530,upi,1,6866.8
ord_04531,upi,1,12596.71
ord_04532,credit_card,5,3627.19
ord_04533,debit_card,1,2505.94
ord_04534,upi,1,1191.18
ord_04535,credit_card,1,255.11
ord_04536,wallet,1,6319.17
ord_04537,credit_card,1,7302.06
ord_04538,credit_card,3,6621.21
ord_04539,cod,1,4144.32
ord_04540,wallet,1,2346.25
ord_04541,credit_card,1,1722.85
ord_04542,upi,1,1321.05
ord_04543,credit_card,1,7895.13
ord_04544,upi,1,2262.18
ord_04545,credit_card,2,1204.27
ord_04546,wallet,1,869.65
ord_04547,upi,1,6784.97
ord_04548,upi,1,809.43
ord_04549,cod,1,749.27
ord_04550,upi,1,3802.92
ord_04551,upi,1,9385.62
ord_04552,upi,1,35157.3
ord_04553,cod,1,404.15
ord_04554,credit_card,6,1692.13
ord_04555,upi,1,578.72
ord_04556,upi,1,1808.08
ord_04557,wallet,1,3373.72
ord_04558,credit_card,4,963.48
ord_04559,upi,1,2976.78
ord_04560,upi,1,12343.05
ord_04561,credit_card,3,727.96
ord_04562,credit_card,3,1896.39
ord_04563,upi,1,347.36
ord_04564,wallet,1,8922.24
ord_04565,upi,1,1532.53
ord_04566,wallet,1,14326.99
ord_04567,cod,1,1883.11
ord_04568,upi,1,4129.99
ord_04569,credit_card,2,16849.09
ord_04570,cod,1,986.29
ord_04571,credit_card,5,803.25
ord_04572,wallet,1,6352.52
ord_04573,upi,1,810.07
ord_04574,cod,1,9694.11
ord_04575,upi,1,2009.39
ord_04576,wallet,1,991.95
ord_04577,cod,1,634.45
ord_04578,upi,1,1584.27
ord_04579,upi,1,7581.34
ord_04580,upi,1,9043.96
ord_04581,upi,1,7360.07
ord_04582,credit_card,1,1139.26
ord_04583,credit_card,6,2675.69
ord_04584,cod,1,8793.34
ord_04585,cod,1,12851.01
ord_04586,upi,1,7935.42
ord_04587,credit_card,6,1562.47
ord_04588,upi,1,797.79
ord_04589,cod,1,9566.45
ord_04590,upi,1,2514.64
ord_04591,upi,1,7186.37
ord_04592,credit_card,3,2273.56
ord_04593,upi,1,634.22
ord_04594,debit_card,1,509.85
ord_04595,upi,1,1503.92
ord_04596,debit_card,1,1584.68
ord_04597,wallet,1,2423.79
ord_04598,upi,1,13254.8
ord_04599,cod,1,1779.6
ord_04600,upi,1,1070.01
ord_04601,credit_card,2,8489.05
ord_04602,cod,1,2254.6
ord_04603,upi,1,590.27
ord_04604,debit_card,1,2484.76
ord_04605,credit_card,5,1066.05
ord_04606,debit_card,1,1432.34
ord_04607,cod,1,8228.95
ord_04608,wallet,1,939.34
ord_04609,upi,1,4482.17
ord_04610,upi,1,14855.31
ord_04611,upi,1,6451.33
ord_04612,credit_card,4,213.07
ord_04613,wallet,1,4567.65
ord_04614,upi,1,1287.66
ord_04615,upi,1,1147.95
ord_04616,upi,1,8048.47
ord_04617,upi,1,1744.67
ord_04618,debit_card,1,3628.7
ord_04619,upi,1,3692.14
ord_04620,wallet,1,3411.42
ord_04621,credit_card,4,3348.36
ord_04622,credit_card,3,1973.63
ord_04623,cod,1,5422.85
ord_04624,cod,1,8406.41
ord_04625,upi,1,2533.5
ord_04626,upi,1,2957.07
ord_04627,credit_card,6,16981.12
ord_04628,debit_card,1,2252.74
ord_04629,upi,1,6912.45
ord_04630,credit_card,1,452.34
ord_04631,credit_card,3,8103.28
ord_04632,cod,1,17822.88
ord_04633,wallet,1,2355.78
ord_04634,upi,1,2108.66
ord_04635,debit_card,1,666.73
ord_04636,upi,1,9717.57
ord_04637,cod,1,1251.22
ord_04638,credit_card,4,3721.08
ord_04639,wallet,1,1499.93
ord_04640,wallet,1,1703.76
ord_04641,upi,1,1613.03
ord_04642,cod,1,7450.93
ord_04643,upi,1,6612.07
ord_04644,cod,1,9400.59
ord_04645,credit_card,3,4194.72
ord_04646,upi,1,629.31
ord_04647,upi,1,2040.72
ord_04648,upi,1,1955.63
ord_04649,cod,1,536.34
ord_04650,debit_card,1,1423.92
ord_04651,credit_card,5,1214.05
ord_04652,upi,1,3027.88
ord_04653,upi,1,11561.51
ord_04654,cod,1,8416.15
ord_04655,cod,1,16329.68
ord_04656,upi,1,15023.75
ord_04657,upi,1,887.9
ord_04658,upi,1,7261.61
ord_04659,wallet,1,5906.4
ord_04660,credit_card,5,734.35
ord_04661,debit_card,1,1231.52
ord_04662,credit_card,3,2085.46
ord_04663,wallet,1,2504.5
ord_04664,upi,1,1048.35
ord_04665,upi,1,485.27
ord_04666,upi,1,745.31
ord_04667,debit_card,1,524.46
ord_04668,upi,1,2318.19
ord_04669,debit_card,1,3544.11
ord_04670,wallet,1,2147.37
ord_04671,credit_card,3,163.05
ord_04672,upi,1,214.4
ord_04673,credit_card,3,2958.78
ord_04674,credit_card,3,8862.58
ord_04675,upi,1,480.69
ord_04676,upi,1,516.17
ord_04677,cod,1,8009.16
ord_04678,upi,1,490.28
ord_04679,upi,1,10635.83
ord_04680,upi,1,7773.67
ord_04681,upi,1,3357.76
ord_04682,upi,1,6641.0
ord_04683,cod,1,1950.66
ord_04684,cod,1,4832.55
ord_04685,upi,1,4453.9
ord_04686,credit_card,4,1877.92
ord_04687,wallet,1,5692.8
ord_04688,upi,1,1167.13
ord_04689,upi,1,4807.23
ord_04690,upi,1,403.1
ord_04691,upi,1,417.35
ord_04692,cod,1,568.94
ord_04693,debit_card,1,1145.96
ord_04694,debit_card,1,4219.63
ord_04695,upi,1,2185.37
ord_04696,wallet,1,9198.66
ord_04697,cod,1,2805.38
ord_04698,debit_card,1,9677.39
ord_04699,wallet,1,2356.02
ord_04700,debit_card,1,1576.56
ord_04701,upi,1,710.36
ord_04702,credit_card,5,23508.57
ord_04703,upi,1,718.42
ord_04704,cod,1,8664.75
ord_04705,debit_card,1,5473.41
ord_04706,upi,1,2046.86
ord_04707,cod,1,8619.51
ord_04708,upi,1,10323.05
ord_04709,credit_card,2,5237.41
ord_04710,credit_card,1,3303.33
ord_04711,upi,1,14373.71
ord_04712,cod,1,8564.82
ord_04713,credit_card,1,1228.47
ord_04714,credit_card,1,2619.27
ord_04715,credit_card,2,7047.0
ord_04716,upi,1,1548.45
ord_04717,upi,1,2044.84
ord_04718,upi,1,16171.53
ord_04719,wallet,1,1373.18
ord_04720,upi,1,5933.22
ord_04721,upi,1,501.55
ord_04722,cod,1,164.21
ord_04723,upi,1,887.76
ord_04724,upi,1,6716.26
ord_04725,wallet,1,2294.76
ord_04726,upi,1,1032.89
ord_04727,credit_card,6,2168.91
ord_04728,wallet,1,2061.9
ord_04729,upi,1,2495.23
ord_04730,upi,1,10752.08
ord_04731,debit_card,1,1096.31
ord_04732,upi,1,8466.96
ord_04733,upi,1,12248.67
ord_04734,debit_card,1,580.5
ord_04735,upi,1,2066.95
ord_04736,upi,1,2866.43
ord_04737,upi,1,3435.08
ord_04738,credit_card,4,1059.26
ord_04739,wallet,1,3540.48
ord_04740,upi,1,1919.58
ord_04741,upi,1,413.77
ord_04742,debit_card,1,999.66
ord_04743,upi,1,3238.53
ord_04744,upi,1,717.22
ord_04745,upi,1,1095.17
ord_04746,credit_card,1,9432.63
ord_04747,credit_card,4,2998.06
ord_04748,debit_card,1,469.5
ord_04749,wallet,1,1196.56
ord_04750,upi,1,8428.91
ord_04751,upi,1,2137.85
ord_04752,wallet,1,2518.29
ord_04753,wallet,1,4478.18
ord_04754,debit_card,1,1047.08
ord_04755,upi,1,13452.02
ord_04756,upi,1,6546.43
ord_04757,cod,1,3821.72
ord_04758,credit_card,1,4763.43
ord_04759,wallet,1,12109.76
ord_04760,upi,1,5365.05
ord_04761,upi,1,712.42
ord_04762,upi,1,11457.09
ord_04763,cod,1,1033.48
ord_04764,credit_card,1,4408.28
ord_04765,cod,1,6127.93
ord_04766,upi,1,7635.22
ord_04767,wallet,1,14059.96
ord_04768,upi,1,542.41
ord_04769,cod,1,922.06
ord_04770,credit_card,1,1199.2
ord_04771,cod,1,981.7
ord_04772,cod,1,2045.77
ord_04773,credit_card,6,1199.66
ord_04774,credit_card,4,7335.09
ord_04775,upi,1,623.12
ord_04776,upi,1,8571.92
ord_04777,debit_card,1,8627.38
ord_04778,debit_card,1,5720.17
ord_04779,credit_card,1,1074.62
ord_04780,upi,1,2158.04
ord_04781,upi,1,10901.84
ord_04782,cod,1,1891.46
ord_04783,upi,1,2308.46
ord_04784,upi,1,15090.79
ord_04785,debit_card,1,12235.63
ord_04786,cod,1,3822.78
ord_04787,upi,1,1986.2
ord_04788,upi,1,1587.4
ord_04789,upi,1,833.74
ord_04790,upi,1,7179.01
ord_04791,wallet,1,750.56
ord_04792,upi,1,9717.95
ord_04793,credit_card,6,434.69
ord_04794,upi,1,957.57
ord_04795,upi,1,678.94
ord_04796,upi,1,2173.53
ord_04797,upi,1,293.31
ord_04798,upi,1,1897.14
ord_04799,cod,1,1703.62
ord_04800,credit_card,2,8023.24
ord_04801,upi,1,6665.2
ord_04802,wallet,1,6903.72
ord_04803,upi,1,8263.14
ord_04804,upi,1,354.15
ord_04805,debit_card,1,2905.49
ord_04806,upi,1,3800.18
ord_04807,debit_card,1,2291.47
ord_04808,cod,1,5777.54
ord_04809,upi,1,3257.24
ord_04810,credit_card,3,606.99
ord_04811,cod,1,6707.98
ord_04812,upi,1,8628.0
ord_04813,upi,1,15079.49
ord_04814,upi,1,348.64
ord_04815,debit_card,1,5187.94
ord_04816,upi,1,2651.78
ord_04817,debit_card,1,7042.64
ord_04818,upi,1,560.17
ord_04819,cod,1,1561.47
ord_04820,upi,1,13189.79
ord_04821,cod,1,14882.9
ord_04822,debit_card,1,2551.91
ord_04823,wallet,1,1123.2
ord_04824,credit_card,5,1363.03
ord_04825,debit_card,1,2853.8
ord_04826,upi,1,1275.25
ord_04827,debit_card,1,3075.77
ord_04828,credit_card,4,3513.86
ord_04829,wallet,1,8821.39
ord_04830,credit_card,3,1077.59
ord_04831,credit_card,1,987.42
ord_04832,debit_card,1,258.96
ord_04833,wallet,1,952.36
ord_04834,upi,1,10188.11
ord_04835,cod,1,7361.63
ord_04836,credit_card,4,1262.18
ord_04837,cod,1,1617.43
ord_04838,wallet,1,580.62
ord_04839,credit_card,1,947.14
ord_04840,cod,1,1998.66
ord_04841,credit_card,5,7724.5
ord_04842,cod,1,5903.27
ord_04843,debit_card,1,8398.93
ord_04844,credit_card,4,6039.32
ord_04845,credit_card,6,4082.06
ord_04846,upi,1,184.62
ord_04847,cod,1,14240.11
ord_04848,debit_card,1,2013.14
ord_04849,cod,1,3269.72
ord_04850,wallet,1,7688.68
ord_04851,credit_card,2,12072.52
ord_04852,upi,1,1351.15
ord_04853,wallet,1,6381.66
ord_04854,credit_card,4,1257.32
ord_04855,debit_card,1,2613.77
ord_04856,credit_card,6,8426.01
ord_04857,wallet,1,5973.32
ord_04858,upi,1,1101.96
ord_04859,wallet,1,6733.8
ord_04860,upi,1,975.56
ord_04861,credit_card,4,1088.97
ord_04862,upi,1,3740.26
ord_04863,upi,1,7051.19
ord_04864,cod,1,5201.73
ord_04865,upi,1,6989.36
ord_04866,upi,1,9721.14
ord_04867,credit_card,5,19556.59
ord_04868,credit_card,1,7760.96
ord_04869,wallet,1,7711.67
ord_04870,upi,1,8893.29
ord_04871,debit_card,1,6678.69
ord_04872,credit_card,1,2981.76
ord_04873,cod,1,1154.12
ord_04874,debit_card,1,860.3
ord_04875,upi,1,1944.53
ord_04876,cod,1,3977.19
ord_04877,cod,1,1711.14
ord_04878,upi,1,1477.06
ord_04879,upi,1,7542.31
ord_04880,upi,1,3343.49
ord_04881,debit_card,1,15406.8
ord_04882,upi,1,966.01
ord_04883,upi,1,5187.58
ord_04884,upi,1,636.23
ord_04885,credit_card,1,1752.4
ord_04886,debit_card,1,2413.25
ord_04887,credit_card,2,1121.97
ord_04888,credit_card,4,518.65
ord_04889,credit_card,1,1015.33
ord_04890,cod,1,6553.66
ord_04891,cod,1,4275.73
ord_04892,cod,1,1159.62
ord_04893,credit_card,5,4541.54
ord_04894,credit_card,4,771.44
ord_04895,wallet,1,8108.01
ord_04896,cod,1,7785.75
ord_04897,upi,1,1035.47
ord_04898,upi,1,2464.75
ord_04899,credit_card,3,259.88
ord_04900,upi,1,1845.75
ord_04901,wallet,1,5865.54
ord_04902,upi,1,8619.26
ord_04903,debit_card,1,314.66
ord_04904,credit_card,3,9275.9
ord_04905,upi,1,469.86
ord_04906,upi,1,1139.9
ord_04907,credit_card,4,1204.51
ord_04908,upi,1,4457.92
ord_04909,upi,1,1528.06
ord_04910,upi,1,390.44
ord_04911,credit_card,5,2392.89
ord_04912,debit_card,1,11643.4
ord_04913,upi,1,410.58
ord_04914,upi,1,11221.32
ord_04915,credit_card,3,9314.24
ord_04916,upi,1,8310.97
ord_04917,debit_card,1,3041.34
ord_04918,cod,1,1071.24
ord_04919,wallet,1,2429.14
ord_04920,credit_card,2,6656.51
ord_04921,wallet,1,19231.46
ord_04922,upi,1,6495.11
ord_04923,wallet,1,2214.17
ord_04924,cod,1,5759.27
ord_04925,upi,1,869.91
ord_04926,credit_card,6,1632.75
ord_04927,upi,1,633.38
ord_04928,credit_card,3,4475.98
ord_04929,upi,1,2093.1
ord_04930,credit_card,4,181.81
ord_04931,upi,1,7963.88
ord_04932,credit_card,2,11086.46
ord_04933,debit_card,1,11461.04
ord_04934,upi,1,2634.86
ord_04935,upi,1,946.44
ord_04936,upi,1,2576.32
ord_04937,cod,1,759.5
ord_04938,credit_card,2,8519.43
ord_04939,upi,1,3039.31
ord_04940,upi,1,2303.73
ord_04941,upi,1,3218.44
ord_04942,upi,1,16640.22
ord_04943,upi,1,1125.78
ord_04944,credit_card,2,981.5
ord_04945,upi,1,1557.27
ord_04946,cod,1,2016.63
ord_04947,upi,1,12324.45
ord_04948,credit_card,1,9737.25
ord_04949,upi,1,863.27
ord_04950,wallet,1,13162.91
ord_04951,credit_card,6,12189.27
ord_04952,credit_card,5,2774.07
ord_04953,credit_card,5,870.36
ord_04954,upi,1,3261.79
ord_04955,credit_card,4,2750.65
ord_04956,debit_card,1,1932.43
ord_04957,credit_card,4,9927.26
ord_04958,cod,1,770.19
ord_04959,upi,1,1566.96
ord_04960,upi,1,6003.85
ord_04961,wallet,1,390.38
ord_04962,upi,1,9956.05
ord_04963,upi,1,1441.23
ord_04964,upi,1,3194.11
ord_04965,upi,1,5379.71
ord_04966,upi,1,1371.1
ord_04967,credit_card,6,1580.23
ord_04968,cod,1,1307.62
ord_04969,upi,1,14112.85
ord_04970,upi,1,10088.97
ord_04971,upi,1,5294.48
ord_04972,wallet,1,2948.04
ord_04973,credit_card,3,1108.99
ord_04974,upi,1,1183.47
ord_04975,credit_card,6,8488.69
ord_04976,upi,1,15722.05
ord_04977,credit_card,3,775.81
ord_04978,debit_card,1,2938.19
ord_04979,credit_card,1,799.55
ord_04980,upi,1,2705.02
ord_04981,upi,1,243.4
ord_04982,wallet,1,4355.82
ord_04983,upi,1,1454.35
ord_04984,upi,1,6359.64
ord_04985,wallet,1,1976.75
ord_04986,upi,1,1476.64
ord_04987,cod,1,1643.72
ord_04988,credit_card,2,8630.08
ord_04989,cod,1,7663.31
ord_04990,upi,1,6132.24
ord_04991,wallet,1,755.98
ord_04992,debit_card,1,3733.34
ord_04993,wallet,1,8221.56
ord_04994,cod,1,2935.19
ord_04995,upi,1,4216.39
ord_04996,credit_card,1,642.86
ord_04997,credit_card,6,1664.83
ord_04998,upi,1,6875.51
ord_04999,upi,1,1551.17
ord_05000,upi,1,9882.69
ord_05001,wallet,1,1825.99
ord_05002,upi,1,1303.05
ord_05003,credit_card,4,9819.95
ord_05004,upi,1,880.49
ord_05005,wallet,1,460.99
ord_05006,cod,1,8773.95
ord_05007,debit_card,1,503.74
ord_05008,debit_card,1,532.84
ord_05009,upi,1,5197.69
ord_05010,cod,1,1178.03
ord_05011,cod,1,3493.71
ord_05012,cod,1,820.3
ord_05013,wallet,1,959.28
ord_05014,credit_card,4,11423.62
ord_05015,wallet,1,4107.66
ord_05016,credit_card,1,12865.08
ord_05017,upi,1,1506.07
ord_05018,upi,1,7170.42
ord_05019,credit_card,5,16845.33
ord_05020,upi,1,4360.27
ord_05021,upi,1,834.42
ord_05022,upi,1,7222.27
ord_05023,credit_card,2,2201.33
ord_05024,credit_card,6,30473.89
ord_05025,credit_card,3,9360.63
ord_05026,upi,1,875.1
ord_05027,debit_card,1,4378.4
ord_05028,upi,1,723.8
ord_05029,debit_card,1,6306.97
ord_05030,debit_card,1,2387.88
ord_05031,debit_card,1,11539.87
ord_05032,debit_card,1,1161.52
ord_05033,cod,1,402.16
ord_05034,upi,1,1638.3
ord_05035,upi,1,2110.4
ord_05036,credit_card,1,1746.34
ord_05037,debit_card,1,2489.49
ord_05038,upi,1,9410.08
ord_05039,upi,1,7364.92
ord_05040,debit_card,1,11233.17
ord_05041,upi,1,851.3
ord_05042,debit_card,1,1410.6
ord_05043,credit_card,2,1223.78
ord_05044,upi,1,1139.04
ord_05045,credit_card,2,567.16
ord_05046,debit_card,1,9065.12
ord_05047,upi,1,1980.45
ord_05048,upi,1,1139.58
ord_05049,upi,1,739.78
ord_05050,debit_card,1,8489.53
ord_05051,credit_card,4,2363.98
ord_05052,credit_card,2,7842.7
ord_05053,credit_card,2,472.39
ord_05054,cod,1,499.48
ord_05055,upi,1,741.4
ord_05056,cod,1,2299.61
ord_05057,upi,1,12063.58
ord_05058,credit_card,2,6238.59
ord_05059,credit_card,1,8736.09
ord_05060,credit_card,4,5880.83
ord_05061,credit_card,5,8049.61
ord_05062,upi,1,7544.56
ord_05063,upi,1,8302.29
ord_05064,upi,1,1257.66
ord_05065,wallet,1,14453.75
ord_05066,upi,1,1478.47
ord_05067,wallet,1,463.09
ord_05068,credit_card,3,6608.85
ord_05069,cod,1,12386.0
ord_05070,wallet,1,980.34
ord_05071,credit_card,5,4258.25
ord_05072,credit_card,3,619.71
ord_05073,upi,1,10301.78
ord_05074,cod,1,11689.95
ord_05075,upi,1,2113.66
ord_05076,upi,1,639.06
ord_05077,credit_card,2,1252.63
ord_05078,credit_card,5,1132.42
ord_05079,upi,1,1943.27
ord_05080,credit_card,1,1278.05
ord_05081,cod,1,6274.7
ord_05082,upi,1,3010.6
ord_05083,credit_card,6,498.81
ord_05084,upi,1,1055.06
ord_05085,upi,1,5322.39
ord_05086,debit_card,1,2467.75
ord_05087,cod,1,1149.04
ord_05088,upi,1,1692.49
ord_05089,upi,1,5372.8
ord_05090,cod,1,3622.45
ord_05091,credit_card,1,4626.74
ord_05092,upi,1,1924.03
ord_05093,upi,1,2031.92
ord_05094,credit_card,2,14029.73
ord_05095,debit_card,1,3389.4
ord_05096,debit_card,1,1188.01
ord_05097,upi,1,7311.31
ord_05098,debit_card,1,13409.9
ord_05099,wallet,1,20209.05
ord_05100,upi,1,1942.39
ord_05101,credit_card,4,3622.0
ord_05102,upi,1,7581.54
ord_05103,cod,1,6053.57
ord_05104,upi,1,2803.43
ord_05105,credit_card,6,2640.02
ord_05106,credit_card,6,7137.15
ord_05107,wallet,1,452.61
ord_05108,credit_card,4,6469.96
ord_05109,upi,1,1684.45
ord_05110,wallet,1,405.82
ord_05111,debit_card,1,5112.13
ord_05112,debit_card,1,3014.32
ord_05113,debit_card,1,522.78
ord_05114,upi,1,613.75
ord_05115,upi,1,9738.56
ord_05116,debit_card,1,3004.93
ord_05117,wallet,1,2209.54
ord_05118,upi,1,10011.92
ord_05119,upi,1,489.02
ord_05120,debit_card,1,6937.67
ord_05121,cod,1,6616.35
ord_05122,credit_card,3,4149.42
ord_05123,upi,1,3127.56
ord_05124,upi,1,4029.63
ord_05125,cod,1,3113.31
ord_05126,upi,1,1096.16
ord_05127,upi,1,1991.84
ord_05128,credit_card,1,2668.03
ord_05129,cod,1,851.94
ord_05130,debit_card,1,254.41
ord_05131,debit_card,1,8681.56
ord_05132,debit_card,1,484.11
ord_05133,credit_card,5,2675.03
ord_05134,debit_card,1,7998.18
ord_05135,upi,1,769.94
ord_05136,upi,1,6953.26
ord_05137,wallet,1,1831.13
ord_05138,debit_card,1,12122.34
ord_05139,credit_card,1,919.69
ord_05140,upi,1,14836.6
ord_05141,cod,1,1221.29
ord_05142,upi,1,1669.18
ord_05143,upi,1,1453.22
ord_05144,debit_card,1,5102.0
ord_05145,credit_card,2,1374.16
ord_05146,wallet,1,7011.99
ord_05147,credit_card,1,9259.86
ord_05148,credit_card,1,846.31
ord_05149,upi,1,3624.24
ord_05150,credit_card,1,2383.38
ord_05151,credit_card,3,1795.18
ord_05152,credit_card,2,1189.31
ord_05153,credit_card,6,240.25
ord_05154,credit_card,5,750.77
ord_05155,credit_card,5,3169.16
ord_05156,upi,1,1126.96
ord_05157,cod,1,2235.12
ord_05158,credit_card,2,6072.15
ord_05159,wallet,1,1775.65
ord_05160,debit_card,1,474.06
ord_05161,upi,1,4058.1
ord_05162,debit_card,1,159.26
ord_05163,upi,1,1675.76
ord_05164,credit_card,3,16038.41
ord_05165,debit_card,1,175.95
ord_05166,upi,1,2535.6
ord_05167,debit_card,1,5297.63
ord_05168,cod,1,2136.78
ord_05169,credit_card,2,1242.69
ord_05170,credit_card,1,10928.27
ord_05171,credit_card,6,1399.44
ord_05172,cod,1,7002.8
ord_05173,upi,1,386.0
ord_05174,credit_card,3,700.69
ord_05175,credit_card,4,7511.46
ord_05176,debit_card,1,1912.03
ord_05177,credit_card,4,2032.96
ord_05178,wallet,1,2988.44
ord_05179,debit_card,1,20159.56
ord_05180,credit_card,6,10412.54
ord_05181,upi,1,840.28
ord_05182,debit_card,1,7126.83
ord_05183,cod,1,2341.09
ord_05184,wallet,1,1285.59
ord_05185,credit_card,6,6639.7
ord_05186,wallet,1,14552.56
ord_05187,debit_card,1,465.99
ord_05188,wallet,1,755.06
ord_05189,upi,1,1632.92
ord_05190,credit_card,3,1136.01
ord_05191,credit_card,2,7932.35
ord_05192,upi,1,587.0
ord_05193,credit_card,2,1708.66
ord_05194,upi,1,1901.46
ord_05195,credit_card,4,1074.62
ord_05196,wallet,1,555.56
ord_05197,debit_card,1,6005.93
ord_05198,cod,1,1391.29
ord_05199,cod,1,7968.1
ord_05200,debit_card,1,7328.88
ord_05201,cod,1,2407.39
ord_05202,credit_card,2,1258.32
ord_05203,upi,1,2135.83
ord_05204,wallet,1,738.75
ord_05205,credit_card,5,354.82
ord_05206,upi,1,4309.16
ord_05207,upi,1,647.66
ord_05208,upi,1,16194.49
ord_05209,credit_card,4,7667.47
ord_05210,upi,1,3453.96
ord_05211,debit_card,1,208.68
ord_05212,upi,1,9384.43
ord_05213,credit_card,1,1757.98
ord_05214,upi,1,9067.35
ord_05215,credit_card,2,3167.74
ord_05216,upi,1,1729.61
ord_05217,upi,1,2489.25
ord_05218,credit_card,1,794.62
ord_05219,debit_card,1,5014.67
ord_05220,credit_card,2,1612.42
ord_05221,debit_card,1,2248.79
ord_05222,credit_card,4,2236.23
ord_05223,upi,1,487.01
ord_05224,upi,1,1046.52
ord_05225,upi,1,7438.96
ord_05226,upi,1,6723.15
ord_05227,upi,1,15311.27
ord_05228,debit_card,1,445.06
ord_05229,upi,1,268.01
ord_05230,upi,1,12011.05
ord_05231,upi,1,2615.53
ord_05232,upi,1,5220.64
ord_05233,upi,1,1187.7
ord_05234,upi,1,955.69
ord_05235,cod,1,1402.88
ord_05236,upi,1,1096.95
ord_05237,upi,1,1594.67
ord_05238,credit_card,5,6096.06
ord_05239,debit_card,1,1903.53
ord_05240,upi,1,9877.29
ord_05241,upi,1,9121.49
ord_05242,upi,1,8607.92
ord_05243,wallet,1,15524.66
ord_05244,upi,1,462.94
ord_05245,upi,1,4603.78
ord_05246,credit_card,4,6142.72
ord_05247,upi,1,2173.76
ord_05248,credit_card,2,5570.81
ord_05249,upi,1,1337.03
ord_05250,credit_card,2,1255.47
ord_05251,debit_card,1,17407.46
ord_05252,credit_card,1,1200.27
ord_05253,upi,1,11364.87
ord_05254,upi,1,495.63
ord_05255,upi,1,16646.0
ord_05256,wallet,1,622.87
ord_05257,upi,1,1154.56
ord_05258,cod,1,1504.12
ord_05259,credit_card,1,10472.51
ord_05260,upi,1,1170.04
ord_05261,upi,1,5616.88
ord_05262,debit_card,1,1136.25
ord_05263,wallet,1,9887.84
ord_05264,upi,1,7631.7
ord_05265,upi,1,1652.43
ord_05266,debit_card,1,718.64
ord_05267,upi,1,1291.68
ord_05268,wallet,1,1518.57
ord_05269,cod,1,1696.18
ord_05270,upi,1,6894.7
ord_05271,credit_card,1,14662.62
ord_05272,upi,1,4981.36
ord_05273,credit_card,5,2507.43
ord_05274,upi,1,3386.45
ord_05275,debit_card,1,12311.85
ord_05276,debit_card,1,941.56
ord_05277,upi,1,1584.32
ord_05278,credit_card,3,2609.25
ord_05279,upi,1,3662.27
ord_05280,cod,1,10259.55
ord_05281,credit_card,4,3539.09
ord_05282,upi,1,2756.59
ord_05283,upi,1,11148.26
ord_05284,upi,1,9444.27
ord_05285,upi,1,696.7
ord_05286,credit_card,2,734.99
ord_05287,credit_card,1,19841.8
ord_05288,credit_card,3,7288.17
ord_05289,debit_card,1,10139.27
ord_05290,credit_card,2,1299.88
ord_05291,debit_card,1,587.31
ord_05292,upi,1,2169.54
ord_05293,cod,1,8662.22
ord_05294,credit_card,2,1828.56
ord_05295,upi,1,714.01
ord_05296,upi,1,3843.36
ord_05297,cod,1,1142.82
ord_05298,credit_card,4,1015.19
ord_05299,upi,1,673.96
ord_05300,wallet,1,1077.58
ord_05301,credit_card,5,8389.87
ord_05302,credit_card,1,2115.1
ord_05303,credit_card,1,1621.17
ord_05304,credit_card,2,1221.47
ord_05305,upi,1,1885.04
ord_05306,cod,1,460.39
ord_05307,cod,1,6410.6
ord_05308,debit_card,1,1586.29
ord_05309,credit_card,1,2871.89
ord_05310,upi,1,13511.7
ord_05311,upi,1,3474.06
ord_05312,credit_card,5,938.89
ord_05313,credit_card,6,5960.16
ord_05314,credit_card,5,24514.48
ord_05315,debit_card,1,12393.32
ord_05316,upi,1,303.8
ord_05317,upi,1,849.86
ord_05318,cod,1,8139.5
ord_05319,upi,1,1775.23
ord_05320,credit_card,6,697.79
ord_05321,cod,1,2099.21
ord_05322,debit_card,1,2239.49
ord_05323,credit_card,2,1254.86
ord_05324,credit_card,2,7716.63
ord_05325,upi,1,9848.69
ord_05326,upi,1,12245.77
ord_05327,upi,1,992.86
ord_05328,debit_card,1,1343.21
ord_05329,credit_card,6,3842.08
ord_05330,credit_card,6,6683.99
ord_05331,upi,1,1033.86
ord_05332,upi,1,615.59
ord_05333,credit_card,2,13108.28
ord_05334,cod,1,16530.51
ord_05335,debit_card,1,1103.19
ord_05336,wallet,1,8384.81
ord_05337,credit_card,4,2020.38
ord_05338,wallet,1,6029.91
ord_05339,upi,1,1055.16
ord_05340,debit_card,1,606.69
ord_05341,debit_card,1,11953.24
ord_05342,upi,1,1587.27
ord_05343,cod,1,12645.4
ord_05344,debit_card,1,4590.76
ord_05345,upi,1,4819.72
ord_05346,debit_card,1,2381.15
ord_05347,credit_card,5,8186.19
ord_05348,upi,1,1857.74
ord_05349,cod,1,1025.58
ord_05350,cod,1,2888.94
ord_05351,upi,1,1077.83
ord_05352,upi,1,2645.6
ord_05353,credit_card,3,9984.66
ord_05354,cod,1,2459.57
ord_05355,credit_card,6,726.91
ord_05356,wallet,1,1913.79
ord_05357,credit_card,3,1414.65
ord_05358,upi,1,662.73
ord_05359,upi,1,2733.51
ord_05360,credit_card,6,7655.99
ord_05361,credit_card,3,1293.91
ord_05362,wallet,1,9235.1
ord_05363,debit_card,1,21760.1
ord_05364,upi,1,7593.42
ord_05365,credit_card,5,5410.3
ord_05366,cod,1,404.41
ord_05367,debit_card,1,5751.03
ord_05368,credit_card,3,13947.09
ord_05369,upi,1,2127.96
ord_05370,credit_card,4,4939.58
ord_05371,upi,1,5500.28
ord_05372,credit_card,1,6949.76
ord_05373,wallet,1,845.2
ord_05374,upi,1,2928.33
ord_05375,wallet,1,16116.79
ord_05376,credit_card,5,5782.71
ord_05377,debit_card,1,6591.15
ord_05378,upi,1,1740.3
ord_05379,cod,1,1988.01
ord_05380,upi,1,2297.26
ord_05381,debit_card,1,1618.94
ord_05382,wallet,1,1018.08
ord_05383,upi,1,531.39
ord_05384,credit_card,1,2023.16
ord_05385,credit_card,5,3126.47
ord_05386,debit_card,1,574.78
ord_05387,wallet,1,9639.14
ord_05388,credit_card,2,929.87
ord_05389,credit_card,6,3605.78
ord_05390,credit_card,1,11328.11
ord_05391,debit_card,1,3757.24
ord_05392,credit_card,1,3331.93
ord_05393,credit_card,3,8526.97
ord_05394,upi,1,14903.39
ord_05395,upi,1,744.56
ord_05396,credit_card,5,4864.22
ord_05397,wallet,1,474.35
ord_05398,cod,1,1729.54
ord_05399,credit_card,6,4005.1
ord_05400,credit_card,4,1084.86
ord_05401,upi,1,5150.9
ord_05402,wallet,1,3767.76
ord_05403,cod,1,2510.67
ord_05404,debit_card,1,1557.75
ord_05405,debit_card,1,1770.43
ord_05406,credit_card,3,2205.93
ord_05407,credit_card,6,378.08
ord_05408,upi,1,11724.44
ord_05409,wallet,1,1102.42
ord_05410,debit_card,1,5237.26
ord_05411,debit_card,1,6466.17
ord_05412,upi,1,641.15
ord_05413,upi,1,18946.48
ord_05414,debit_card,1,726.42
ord_05415,upi,1,1191.45
ord_05416,upi,1,10641.32
ord_05417,upi,1,11747.8
ord_05418,cod,1,3563.93
ord_05419,wallet,1,2013.94
ord_05420,wallet,1,3575.16
ord_05421,upi,1,1635.01
ord_05422,wallet,1,13920.68
ord_05423,cod,1,7413.22
ord_05424,cod,1,16134.39
ord_05425,wallet,1,741.23
ord_05426,upi,1,2193.56
ord_05427,debit_card,1,1923.39
ord_05428,debit_card,1,464.37
ord_05429,cod,1,1311.13
ord_05430,credit_card,6,3260.68
ord_05431,wallet,1,1428.63
ord_05432,upi,1,6246.03
ord_05433,upi,1,1526.9
ord_05434,upi,1,717.62
ord_05435,wallet,1,8886.23
ord_05436,debit_card,1,3564.78
ord_05437,upi,1,5062.6
ord_05438,cod,1,287.58
ord_05439,cod,1,3889.4
ord_05440,upi,1,451.69
ord_05441,wallet,1,396.07
ord_05442,cod,1,1758.94
ord_05443,debit_card,1,2583.77
ord_05444,debit_card,1,3040.32
ord_05445,credit_card,1,6290.12
ord_05446,cod,1,9401.1
ord_05447,credit_card,4,246.19
ord_05448,upi,1,841.87
ord_05449,upi,1,1185.59
ord_05450,debit_card,1,2152.43
ord_05451,upi,1,502.58
ord_05452,credit_card,1,682.06
ord_05453,upi,1,9638.66
ord_05454,upi,1,909.84
ord_05455,upi,1,750.51
ord_05456,credit_card,5,21019.34
ord_05457,upi,1,1196.08
ord_05458,credit_card,4,7662.21
ord_05459,upi,1,748.79
ord_05460,wallet,1,1441.29
ord_05461,upi,1,2175.2
ord_05462,upi,1,4863.08
ord_05463,debit_card,1,4955.88
ord_05464,credit_card,2,652.93
ord_05465,debit_card,1,192.18
ord_05466,credit_card,6,5108.37
ord_05467,credit_card,1,3500.77
ord_05468,wallet,1,2784.24
ord_05469,cod,1,2405.45
ord_05470,debit_card,1,2298.62
ord_05471,upi,1,1817.83
ord_05472,credit_card,3,8443.05
ord_05473,credit_card,3,1178.79
ord_05474,credit_card,1,3115.94
ord_05475,debit_card,1,3849.39
ord_05476,wallet,1,844.58
ord_05477,wallet,1,7313.02
ord_05478,debit_card,1,874.49
ord_05479,cod,1,2009.61
ord_05480,cod,1,11817.25
ord_05481,upi,1,15918.39
ord_05482,credit_card,5,500.03
ord_05483,upi,1,17555.33
ord_05484,debit_card,1,1118.65
ord_05485,upi,1,9510.04
ord_05486,wallet,1,9050.1
ord_05487,credit_card,4,1172.56
ord_05488,cod,1,1230.74
ord_05489,upi,1,952.05
ord_05490,upi,1,2408.82
ord_05491,upi,1,1127.91
ord_05492,credit_card,3,700.42
ord_05493,debit_card,1,5364.15
ord_05494,upi,1,295.76
ord_05495,upi,1,1047.7
ord_05496,credit_card,3,2241.96
ord_05497,upi,1,13018.46
ord_05498,upi,1,3622.39
ord_05499,upi,1,14084.75
ord_05500,debit_card,1,12155.93
ord_05501,credit_card,4,379.43
ord_05502,wallet,1,818.95
ord_05503,wallet,1,11919.02
ord_05504,credit_card,1,1128.14
ord_05505,upi,1,491.46
ord_05506,upi,1,1925.47
ord_05507,upi,1,5269.86
ord_05508,credit_card,5,1173.39
ord_05509,upi,1,508.29
ord_05510,credit_card,2,7001.71
ord_05511,upi,1,3374.99
ord_05512,upi,1,940.27
ord_05513,upi,1,8139.84
ord_05514,upi,1,5182.55
ord_05515,upi,1,786.24
ord_05516,cod,1,1885.46
ord_05517,upi,1,5250.6
ord_05518,credit_card,4,1628.14
ord_05519,upi,1,868.51
ord_05520,wallet,1,1124.37
ord_05521,credit_card,3,16126.11
ord_05522,credit_card,6,2388.31
ord_05523,cod,1,1443.08
ord_05524,wallet,1,16708.6
ord_05525,upi,1,437.2
ord_05526,upi,1,641.03
ord_05527,wallet,1,623.36
ord_05528,wallet,1,3551.88
ord_05529,wallet,1,2072.04
ord_05530,upi,1,434.5
ord_05531,upi,1,1484.74
ord_05532,upi,1,1342.51
ord_05533,credit_card,4,12579.46
ord_05534,debit_card,1,789.74
ord_05535,credit_card,4,10766.48
ord_05536,upi,1,9223.91
ord_05537,wallet,1,12875.03
ord_05538,upi,1,7379.17
ord_05539,credit_card,2,1158.83
ord_05540,cod,1,9511.62
ord_05541,credit_card,5,1027.86
ord_05542,upi,1,2618.35
ord_05543,upi,1,1953.62
ord_05544,upi,1,9907.51
ord_05545,upi,1,2843.4
ord_05546,upi,1,632.54
ord_05547,upi,1,13948.89
ord_05548,wallet,1,2602.95
ord_05549,upi,1,9181.74
ord_05550,debit_card,1,911.86
ord_05551,credit_card,1,7826.64
ord_05552,upi,1,302.72
ord_05553,wallet,1,841.34
ord_05554,credit_card,2,10881.06
ord_05555,upi,1,872.89
ord_05556,credit_card,4,5568.16
ord_05557,debit_card,1,2136.38
ord_05558,upi,1,4329.92
ord_05559,credit_card,1,12922.16
ord_05560,credit_card,4,1737.95
ord_05561,debit_card,1,1262.16
ord_05562,cod,1,1210.94
ord_05563,wallet,1,8384.34
ord_05564,credit_card,3,8915.49
ord_05565,credit_card,4,764.19
ord_05566,credit_card,1,412.9
ord_05567,upi,1,2776.71
ord_05568,cod,1,2463.26
ord_05569,debit_card,1,3038.66
ord_05570,upi,1,1136.43
ord_05571,upi,1,2092.79
ord_05572,cod,1,1167.94
ord_05573,debit_card,1,1264.5
ord_05574,upi,1,2807.55
ord_05575,credit_card,5,5191.07
ord_05576,credit_card,2,13936.62
ord_05577,credit_card,2,404.74
ord_05578,debit_card,1,6907.66
ord_05579,credit_card,1,1980.63
ord_05580,upi,1,4992.17
ord_05581,upi,1,1834.81
ord_05582,upi,1,17636.62
ord_05583,cod,1,2272.5
ord_05584,credit_card,3,1058.8
ord_05585,upi,1,900.8
ord_05586,credit_card,1,8783.86
ord_05587,upi,1,3444.44
ord_05588,credit_card,4,5245.45
ord_05589,wallet,1,8005.24
ord_05590,credit_card,1,1799.86
ord_05591,cod,1,1151.65
ord_05592,upi,1,6098.95
ord_05593,cod,1,481.72
ord_05594,credit_card,2,765.64
ord_05595,credit_card,2,2274.34
ord_05596,upi,1,8773.92
ord_05597,wallet,1,5859.89
ord_05598,upi,1,5064.89
ord_05599,debit_card,1,1786.31
ord_05600,wallet,1,1433.13
ord_05601,debit_card,1,946.06
ord_05602,credit_card,4,466.49
ord_05603,cod,1,391.35
ord_05604,credit_card,4,1050.41
ord_05605,credit_card,2,2405.08
ord_05606,debit_card,1,1356.6
ord_05607,wallet,1,6695.25
ord_05608,upi,1,905.06
ord_05609,cod,1,1894.05
ord_05610,cod,1,3632.57
ord_05611,wallet,1,2191.44
ord_05612,upi,1,1954.74
ord_05613,cod,1,990.51
ord_05614,upi,1,5128.68
ord_05615,upi,1,9872.75
ord_05616,upi,1,7224.14
ord_05617,credit_card,1,3612.23
ord_05618,credit_card,1,1055.85
ord_05619,upi,1,15233.49
ord_05620,cod,1,6048.88
ord_05621,debit_card,1,7227.63
ord_05622,credit_card,4,1945.28
ord_05623,upi,1,612.54
ord_05624,credit_card,1,3545.19
ord_05625,credit_card,6,1023.51
ord_05626,upi,1,1432.61
ord_05627,upi,1,2299.69
ord_05628,debit_card,1,12657.99
ord_05629,upi,1,7363.2
ord_05630,wallet,1,418.12
ord_05631,credit_card,5,759.81
ord_05632,debit_card,1,3058.81
ord_05633,upi,1,1785.53
ord_05634,upi,1,4706.02
ord_05635,debit_card,1,969.35
ord_05636,credit_card,1,1924.94
ord_05637,upi,1,6726.48
ord_05638,upi,1,1119.44
ord_05639,upi,1,370.12
ord_05640,upi,1,10133.22
ord_05641,upi,1,471.18
ord_05642,wallet,1,2185.02
ord_05643,wallet,1,1070.76
ord_05644,upi,1,6708.59
ord_05645,credit_card,3,1265.05
ord_05646,credit_card,3,14011.8
ord_05647,upi,1,2438.13
ord_05648,upi,1,6734.19
ord_05649,upi,1,1349.51
ord_05650,cod,1,1506.47
ord_05651,wallet,1,7504.02
ord_05652,credit_card,2,13075.1
ord_05653,credit_card,4,4346.07
ord_05654,wallet,1,894.07
ord_05655,upi,1,679.5
ord_05656,credit_card,4,3342.3
ord_05657,upi,1,6784.17
ord_05658,wallet,1,381.35
ord_05659,cod,1,7326.75
ord_05660,debit_card,1,7993.16
ord_05661,credit_card,6,917.35
ord_05662,upi,1,1331.99
ord_05663,wallet,1,482.27
ord_05664,cod,1,3337.77
ord_05665,upi,1,1601.15
ord_05666,debit_card,1,19360.65
ord_05667,wallet,1,4684.48
ord_05668,credit_card,5,8673.13
ord_05669,cod,1,1964.86
ord_05670,upi,1,8528.59
ord_05671,cod,1,1902.31
ord_05672,wallet,1,311.32
ord_05673,upi,1,2097.49
ord_05674,upi,1,16828.4
ord_05675,wallet,1,7770.53
ord_05676,credit_card,6,10052.41
ord_05677,cod,1,1287.76
ord_05678,credit_card,1,1633.13
ord_05679,upi,1,9605.85
ord_05680,credit_card,4,4041.02
ord_05681,upi,1,14576.09
ord_05682,cod,1,8251.03
ord_05683,debit_card,1,705.89
ord_05684,wallet,1,4282.1
ord_05685,wallet,1,823.26
ord_05686,wallet,1,8629.21
ord_05687,credit_card,4,1643.0
ord_05688,credit_card,2,788.29
ord_05689,cod,1,18785.23
ord_05690,upi,1,1474.71
ord_05691,debit_card,1,502.31
ord_05692,upi,1,2822.45
ord_05693,credit_card,2,10482.13
ord_05694,credit_card,1,1062.95
ord_05695,credit_card,2,2234.18
ord_05696,wallet,1,509.03
ord_05697,upi,1,723.47
ord_05698,debit_card,1,1534.34
ord_05699,wallet,1,1070.54
ord_05700,credit_card,6,862.45
ord_05701,upi,1,1450.58
ord_05702,upi,1,2467.64
ord_05703,upi,1,4438.24
ord_05704,credit_card,6,1658.8
ord_05705,credit_card,6,1799.81
ord_05706,upi,1,1082.84
ord_05707,credit_card,4,1291.45
ord_05708,wallet,1,9567.17
ord_05709,credit_card,2,19560.03
ord_05710,credit_card,1,8422.52
ord_05711,debit_card,1,9638.02
ord_05712,credit_card,3,9554.98
ord_05713,credit_card,1,1101.91
ord_05714,upi,1,1607.35
ord_05715,credit_card,6,1401.03
ord_05716,credit_card,3,2666.02
ord_05717,upi,1,2992.28
ord_05718,upi,1,2809.58
ord_05719,cod,1,1037.27
ord_05720,upi,1,8589.2
ord_05721,cod,1,783.14
ord_05722,upi,1,293.25
ord_05723,credit_card,5,2684.63
ord_05724,upi,1,1944.68
ord_05725,upi,1,1818.8
ord_05726,credit_card,5,4604.73
ord_05727,cod,1,1458.06
ord_05728,upi,1,1512.6
ord_05729,upi,1,6330.49
ord_05730,credit_card,5,1167.62
ord_05731,upi,1,3555.87
ord_05732,wallet,1,2459.84
ord_05733,credit_card,4,1131.37
ord_05734,upi,1,6547.21
ord_05735,credit_card,3,492.32
ord_05736,wallet,1,1504.58
ord_05737,debit_card,1,989.39
ord_05738,credit_card,6,11157.81
ord_05739,credit_card,3,5172.77
ord_05740,upi,1,765.3
ord_05741,upi,1,8930.38
ord_05742,credit_card,3,8061.63
ord_05743,credit_card,1,858.77
ord_05744,upi,1,9562.92
ord_05745,upi,1,4441.73
ord_05746,upi,1,5124.02
ord_05747,credit_card,4,3268.69
ord_05748,credit_card,6,10647.58
ord_05749,credit_card,3,7929.76
ord_05750,upi,1,2247.01
ord_05751,debit_card,1,1601.37
ord_05752,upi,1,757.85
ord_05753,upi,1,4510.64
ord_05754,debit_card,1,8670.14
ord_05755,debit_card,1,6983.78
ord_05756,debit_card,1,6259.44
ord_05757,debit_card,1,1747.82
ord_05758,upi,1,607.89
ord_05759,upi,1,8622.17
ord_05760,upi,1,7279.95
ord_05761,credit_card,3,300.61
ord_05762,upi,1,1024.6
ord_05763,debit_card,1,3184.3
ord_05764,upi,1,1343.04
ord_05765,upi,1,14415.01
ord_05766,credit_card,4,9248.82
ord_05767,upi,1,8680.59
ord_05768,credit_card,5,1449.43
ord_05769,debit_card,1,499.98
ord_05770,wallet,1,1640.74
ord_05771,debit_card,1,3763.85
ord_05772,upi,1,1499.31
ord_05773,debit_card,1,4880.55
ord_05774,credit_card,2,7246.57
ord_05775,upi,1,3434.47
ord_05776,credit_card,3,1023.84
ord_05777,upi,1,3941.83
ord_05778,cod,1,740.51
ord_05779,debit_card,1,7044.99
ord_05780,upi,1,20986.22
ord_05781,upi,1,9089.11
ord_05782,upi,1,802.51
ord_05783,cod,1,602.51
ord_05784,wallet,1,10551.33
ord_05785,upi,1,8182.72
ord_05786,credit_card,3,9953.28
ord_05787,credit_card,2,9204.6
ord_05788,credit_card,4,3697.89
ord_05789,upi,1,1733.12
ord_05790,upi,1,1863.22
ord_05791,upi,1,3620.77
ord_05792,credit_card,6,841.32
ord_05793,credit_card,5,16830.5
ord_05794,cod,1,31610.02
ord_05795,credit_card,2,17404.29
ord_05796,debit_card,1,2834.37
ord_05797,credit_card,4,10576.43
ord_05798,debit_card,1,1342.48
ord_05799,credit_card,4,6807.67
ord_05800,credit_card,3,2782.77
ord_05801,wallet,1,2574.33
ord_05802,upi,1,3023.04
ord_05803,debit_card,1,7856.72
ord_05804,credit_card,3,8202.05
ord_05805,credit_card,4,9005.22
ord_05806,credit_card,6,9113.76
ord_05807,credit_card,2,2816.68
ord_05808,upi,1,11052.59
ord_05809,upi,1,8386.13
ord_05810,debit_card,1,2557.85
ord_05811,cod,1,1241.1
ord_05812,cod,1,1547.71
ord_05813,credit_card,2,212.31
ord_05814,cod,1,1666.02
ord_05815,wallet,1,1181.72
ord_05816,debit_card,1,1123.3
ord_05817,credit_card,4,2689.2
ord_05818,upi,1,831.88
ord_05819,debit_card,1,15756.2
ord_05820,upi,1,4458.81
ord_05821,wallet,1,7648.34
ord_05822,upi,1,6964.02
ord_05823,upi,1,470.93
ord_05824,cod,1,411.79
ord_05825,upi,1,388.25
ord_05826,wallet,1,304.44
ord_05827,upi,1,1780.66
ord_05828,upi,1,2916.9
ord_05829,credit_card,5,1418.48
ord_05830,debit_card,1,2678.47
ord_05831,upi,1,9624.14
ord_05832,cod,1,6288.99
ord_05833,upi,1,692.93
ord_05834,upi,1,1225.01
ord_05835,upi,1,15813.86
ord_05836,wallet,1,5856.26
ord_05837,credit_card,6,9282.04
ord_05838,cod,1,7202.65
ord_05839,upi,1,2744.07
ord_05840,cod,1,703.88
ord_05841,credit_card,3,402.24
ord_05842,credit_card,5,959.31
ord_05843,upi,1,6471.37
ord_05844,credit_card,2,185.98
ord_05845,wallet,1,10409.35
ord_05846,cod,1,16000.68
ord_05847,upi,1,1914.53
ord_05848,upi,1,544.53
ord_05849,debit_card,1,1417.36
ord_05850,cod,1,630.13
ord_05851,cod,1,7654.34
ord_05852,credit_card,2,2337.13
ord_05853,wallet,1,1482.4
ord_05854,upi,1,7302.5
ord_05855,wallet,1,2049.51
ord_05856,wallet,1,1613.54
ord_05857,credit_card,1,2814.87
ord_05858,upi,1,918.95
ord_05859,upi,1,3632.39
ord_05860,credit_card,4,489.0
ord_05861,credit_card,5,1297.25
ord_05862,credit_card,4,2679.23
ord_05863,upi,1,12942.38
ord_05864,wallet,1,1522.34
ord_05865,upi,1,2058.19
ord_05866,credit_card,4,1571.02
ord_05867,debit_card,1,13212.64
ord_05868,credit_card,5,3830.39
ord_05869,upi,1,2551.51
ord_05870,credit_card,4,1075.18
ord_05871,credit_card,6,7075.12
ord_05872,credit_card,2,13124.04
ord_05873,cod,1,2059.12
ord_05874,upi,1,1045.82
ord_05875,credit_card,1,7698.15
ord_05876,upi,1,1839.1
ord_05877,credit_card,3,4187.54
ord_05878,credit_card,4,1967.19
ord_05879,upi,1,7220.85
ord_05880,upi,1,2844.12
ord_05881,upi,1,1779.73
ord_05882,credit_card,1,2183.3
ord_05883,credit_card,3,10427.92
ord_05884,debit_card,1,2399.78
ord_05885,credit_card,2,1417.97
ord_05886,cod,1,1639.33
ord_05887,upi,1,12389.6
ord_05888,upi,1,7069.78
ord_05889,upi,1,2404.2
ord_05890,upi,1,6698.39
ord_05891,cod,1,3205.56
ord_05892,credit_card,4,1974.75
ord_05893,upi,1,2578.55
ord_05894,credit_card,1,7315.41
ord_05895,upi,1,630.81
ord_05896,upi,1,1064.29
ord_05897,credit_card,3,7036.56
ord_05898,upi,1,3078.99
ord_05899,wallet,1,699.56
ord_05900,credit_card,2,1193.96
ord_05901,upi,1,3588.47
ord_05902,credit_card,5,15509.05
ord_05903,wallet,1,914.09
ord_05904,credit_card,3,6827.01
ord_05905,cod,1,2177.59
ord_05906,wallet,1,1292.29
ord_05907,upi,1,10945.61
ord_05908,credit_card,2,4685.54
ord_05909,credit_card,4,1173.23
ord_05910,wallet,1,8056.94
ord_05911,credit_card,3,9477.99
ord_05912,upi,1,8026.38
ord_05913,upi,1,1003.18
ord_05914,upi,1,1951.65
ord_05915,credit_card,1,937.21
ord_05916,credit_card,2,632.57
ord_05917,credit_card,5,905.78
ord_05918,upi,1,6604.53
ord_05919,upi,1,1887.03
ord_05920,upi,1,7335.97
ord_05921,upi,1,481.38
ord_05922,credit_card,6,2897.94
ord_05923,credit_card,2,2632.48
ord_05924,upi,1,783.13
ord_05925,credit_card,2,2018.52
ord_05926,cod,1,7201.55
ord_05927,credit_card,6,674.08
ord_05928,upi,1,12455.43
ord_05929,debit_card,1,420.17
ord_05930,wallet,1,2990.12
ord_05931,upi,1,1777.08
ord_05932,wallet,1,14226.25
ord_05933,upi,1,761.49
ord_05934,upi,1,5651.85
ord_05935,cod,1,1836.43
ord_05936,upi,1,808.61
ord_05937,cod,1,1259.11
ord_05938,debit_card,1,9460.45
ord_05939,upi,1,5271.16
ord_05940,credit_card,6,9513.28
ord_05941,credit_card,1,538.54
ord_05942,upi,1,1465.24
ord_05943,credit_card,4,10102.75
ord_05944,upi,1,7872.38
ord_05945,cod,1,9812.5
ord_05946,credit_card,4,1581.4
ord_05947,credit_card,4,12458.42
ord_05948,debit_card,1,570.85
ord_05949,credit_card,4,6107.22
ord_05950,upi,1,5796.13
ord_05951,upi,1,1359.47
ord_05952,cod,1,1479.65
ord_05953,upi,1,10486.48
ord_05954,wallet,1,2199.81
ord_05955,wallet,1,736.82
ord_05956,upi,1,724.36
ord_05957,debit_card,1,3890.82
ord_05958,upi,1,7852.93
ord_05959,wallet,1,1040.29
ord_05960,upi,1,18673.09
ord_05961,wallet,1,1746.67
ord_05962,upi,1,7117.91
ord_05963,upi,1,1744.86
ord_05964,credit_card,6,11870.18
ord_05965,credit_card,4,6002.16
ord_05966,upi,1,6625.92
ord_05967,wallet,1,1240.28
ord_05968,debit_card,1,870.06
ord_05969,upi,1,3901.27
ord_05970,credit_card,3,9337.53
ord_05971,upi,1,9383.81
ord_05972,cod,1,5046.36
ord_05973,debit_card,1,995.48
ord_05974,upi,1,1465.53
ord_05975,credit_card,5,15669.61
ord_05976,upi,1,1854.19
ord_05977,upi,1,11785.6
ord_05978,cod,1,1583.87
ord_05979,upi,1,1258.44
ord_05980,credit_card,5,1709.47
ord_05981,debit_card,1,9359.23
ord_05982,upi,1,1245.91
ord_05983,upi,1,1743.19
ord_05984,wallet,1,11250.21
ord_05985,cod,1,5092.11
ord_05986,wallet,1,2431.98
ord_05987,credit_card,6,5985.47
ord_05988,upi,1,5577.65
ord_05989,credit_card,3,982.06
ord_05990,upi,1,5954.28
ord_05991,upi,1,355.45
ord_05992,cod,1,3452.7
ord_05993,upi,1,7714.86
ord_05994,cod,1,1664.74
ord_05995,cod,1,473.36
ord_05996,credit_card,4,4509.12
ord_05997,credit_card,3,1642.13
ord_05998,cod,1,7270.85
ord_05999,upi,1,2404.68
ord_06000,credit_card,2,2700.85
ord_06001,upi,1,1766.77
ord_06002,debit_card,1,8325.3
ord_06003,upi,1,1337.29
ord_06004,credit_card,3,7185.93
ord_06005,credit_card,3,1085.42
ord_06006,debit_card,1,10112.03
ord_06007,credit_card,4,3433.15
ord_06008,upi,1,1205.53
ord_06009,credit_card,6,8339.76
ord_06010,debit_card,1,5855.08
ord_06011,wallet,1,2063.48
ord_06012,credit_card,3,6600.63
ord_06013,credit_card,2,9596.75
ord_06014,wallet,1,1939.69
ord_06015,upi,1,5123.66
ord_06016,upi,1,1354.46
ord_06017,upi,1,9189.1
ord_06018,wallet,1,1294.65
ord_06019,credit_card,4,710.32
ord_06020,upi,1,407.44
ord_06021,wallet,1,6877.25
ord_06022,credit_card,4,1318.52
ord_06023,upi,1,11030.25
ord_06024,credit_card,6,8007.5
ord_06025,upi,1,1186.15
ord_06026,cod,1,11241.1
ord_06027,credit_card,4,2418.87
ord_06028,credit_card,4,2368.83
ord_06029,upi,1,4955.35
ord_06030,credit_card,3,10918.37
ord_06031,wallet,1,8574.44
ord_06032,debit_card,1,4015.22
ord_06033,credit_card,2,10404.51
ord_06034,upi,1,922.77
ord_06035,debit_card,1,2018.64
ord_06036,wallet,1,2811.02
ord_06037,debit_card,1,13989.77
ord_06038,wallet,1,1477.43
ord_06039,debit_card,1,1816.33
ord_06040,credit_card,2,1380.35
ord_06041,debit_card,1,4235.37
ord_06042,cod,1,1927.87
ord_06043,cod,1,14948.77
ord_06044,upi,1,3152.53
ord_06045,credit_card,6,3950.5
ord_06046,upi,1,955.7
ord_06047,upi,1,841.12
ord_06048,credit_card,2,514.93
ord_06049,credit_card,4,570.91
ord_06050,upi,1,295.69
ord_06051,credit_card,6,1607.23
ord_06052,credit_card,4,2128.29
ord_06053,upi,1,9722.59
ord_06054,cod,1,1185.64
ord_06055,upi,1,3905.98
ord_06056,upi,1,884.29
ord_06057,credit_card,6,175.17
ord_06058,upi,1,2972.68
ord_06059,upi,1,1005.14
ord_06060,upi,1,9113.37
ord_06061,debit_card,1,9907.35
ord_06062,debit_card,1,9942.0
ord_06063,credit_card,3,7396.53
ord_06064,credit_card,1,16039.15
ord_06065,wallet,1,1023.85
ord_06066,cod,1,4807.18
ord_06067,credit_card,6,1088.16
ord_06068,upi,1,2506.83
ord_06069,credit_card,6,6650.39
ord_06070,upi,1,3800.5
ord_06071,upi,1,1041.31
ord_06072,credit_card,4,913.83
ord_06073,upi,1,20671.91
ord_06074,upi,1,8139.13
ord_06075,credit_card,1,2590.85
ord_06076,credit_card,2,3886.14
ord_06077,credit_card,2,1298.41
ord_06078,credit_card,2,1269.24
ord_06079,upi,1,3573.6
ord_06080,debit_card,1,9785.02
ord_06081,credit_card,4,807.86
ord_06082,credit_card,1,2560.89
ord_06083,credit_card,2,894.51
ord_06084,credit_card,6,5407.51
ord_06085,upi,1,946.02
ord_06086,credit_card,1,4671.92
ord_06087,cod,1,1050.21
ord_06088,upi,1,2553.15
ord_06089,cod,1,1078.33
ord_06090,debit_card,1,724.76
ord_06091,cod,1,721.08
ord_06092,credit_card,5,1172.39
ord_06093,debit_card,1,1916.77
ord_06094,upi,1,14280.36
ord_06095,upi,1,4032.94
ord_06096,credit_card,3,9133.25
ord_06097,upi,1,3613.16
ord_06098,upi,1,1288.15
ord_06099,credit_card,5,9525.92
ord_06100,credit_card,4,495.0
ord_06101,upi,1,2972.25
ord_06102,cod,1,6406.1
ord_06103,upi,1,7374.93
ord_06104,credit_card,6,940.05
ord_06105,upi,1,1901.05
ord_06106,upi,1,12012.02
ord_06107,credit_card,4,680.15
ord_06108,credit_card,2,876.32
ord_06109,cod,1,2606.15
ord_06110,upi,1,8315.96
ord_06111,credit_card,5,2842.06
ord_06112,debit_card,1,1923.62
ord_06113,upi,1,7927.4
ord_06114,credit_card,6,664.65
ord_06115,credit_card,3,817.93
ord_06116,credit_card,1,7150.85
ord_06117,upi,1,1349.48
ord_06118,debit_card,1,2715.1
ord_06119,upi,1,8863.29
ord_06120,credit_card,4,994.53
ord_06121,credit_card,2,2398.45
ord_06122,upi,1,954.65
ord_06123,credit_card,6,1187.72
ord_06124,upi,1,7240.5
ord_06125,credit_card,2,1925.68
ord_06126,credit_card,6,11197.79
ord_06127,upi,1,1786.3
ord_06128,upi,1,1511.09
ord_06129,wallet,1,857.68
ord_06130,credit_card,2,697.97
ord_06131,credit_card,3,12030.79
ord_06132,debit_card,1,7719.26
ord_06133,credit_card,2,7835.54
ord_06134,upi,1,1285.11
ord_06135,wallet,1,13495.41
ord_06136,credit_card,5,512.06
ord_06137,credit_card,4,3984.63
ord_06138,credit_card,3,2450.58
ord_06139,credit_card,6,2996.35
ord_06140,upi,1,1168.99
ord_06141,credit_card,3,6003.95
ord_06142,credit_card,5,957.18
ord_06143,credit_card,6,1278.15
ord_06144,credit_card,2,448.12
ord_06145,upi,1,1882.74
ord_06146,wallet,1,1637.25
ord_06147,wallet,1,1221.77
ord_06148,debit_card,1,503.18
ord_06149,cod,1,1674.32
ord_06150,upi,1,6884.47
ord_06151,upi,1,6603.65
ord_06152,credit_card,5,9490.54
ord_06153,credit_card,4,10720.14
ord_06154,upi,1,14755.71
ord_06155,upi,1,4766.53
ord_06156,cod,1,484.93
ord_06157,cod,1,1314.98
ord_06158,credit_card,6,5520.88
ord_06159,upi,1,6347.28
ord_06160,upi,1,4581.04
ord_06161,credit_card,4,13055.42
ord_06162,cod,1,9093.68
ord_06163,credit_card,5,1408.72
ord_06164,upi,1,585.32
ord_06165,upi,1,6639.77
ord_06166,cod,1,20013.37
ord_06167,debit_card,1,531.17
ord_06168,credit_card,1,7915.24
ord_06169,debit_card,1,1908.35
ord_06170,cod,1,2805.58
ord_06171,cod,1,1228.46
ord_06172,upi,1,1155.02
ord_06173,debit_card,1,8187.12
ord_06174,credit_card,5,1188.64
ord_06175,credit_card,5,1026.86
ord_06176,credit_card,4,2988.22
ord_06177,upi,1,4870.79
ord_06178,upi,1,2732.89
ord_06179,debit_card,1,11122.09
ord_06180,upi,1,1295.46
ord_06181,cod,1,6050.51
ord_06182,credit_card,2,6509.84
ord_06183,upi,1,1905.96
ord_06184,credit_card,4,4132.83
ord_06185,cod,1,724.94
ord_06186,cod,1,845.65
ord_06187,wallet,1,8468.13
ord_06188,upi,1,489.29
ord_06189,credit_card,4,2913.22
ord_06190,credit_card,1,801.0
ord_06191,cod,1,1908.51
ord_06192,credit_card,4,951.96
ord_06193,credit_card,5,1607.46
ord_06194,upi,1,7351.87
ord_06195,debit_card,1,3562.91
ord_06196,credit_card,3,5598.52
ord_06197,cod,1,516.01
ord_06198,upi,1,4675.57
ord_06199,cod,1,506.41
ord_06200,upi,1,1273.79
ord_06201,debit_card,1,1701.12
ord_06202,upi,1,1352.93
ord_06203,upi,1,1618.56
ord_06204,credit_card,5,3864.27
ord_06205,upi,1,6994.01
ord_06206,debit_card,1,912.34
ord_06207,upi,1,11723.74
ord_06208,credit_card,5,6017.36
ord_06209,credit_card,6,1354.85
ord_06210,upi,1,9079.02
ord_06211,credit_card,2,1581.23
ord_06212,upi,1,2496.09
ord_06213,upi,1,6104.59
ord_06214,upi,1,1780.33
ord_06215,upi,1,3395.45
ord_06216,cod,1,786.46
ord_06217,upi,1,1456.32
ord_06218,cod,1,5916.65
ord_06219,credit_card,4,1292.17
ord_06220,debit_card,1,863.74
ord_06221,upi,1,482.7
ord_06222,debit_card,1,9032.4
ord_06223,wallet,1,2507.01
ord_06224,credit_card,4,1686.97
ord_06225,credit_card,6,492.13
ord_06226,upi,1,4591.49
ord_06227,debit_card,1,248.22
ord_06228,credit_card,5,8289.28
ord_06229,credit_card,5,24164.1
ord_06230,wallet,1,569.86
ord_06231,upi,1,18347.26
ord_06232,upi,1,15506.35
ord_06233,cod,1,8576.55
ord_06234,wallet,1,1376.9
ord_06235,wallet,1,3448.3
ord_06236,credit_card,4,8264.91
ord_06237,upi,1,3730.59
ord_06238,upi,1,493.86
ord_06239,upi,1,3421.99
ord_06240,debit_card,1,3564.15
ord_06241,credit_card,2,10599.02
ord_06242,wallet,1,1058.16
ord_06243,upi,1,882.11
ord_06244,upi,1,7125.87
ord_06245,debit_card,1,779.63
ord_06246,cod,1,1272.24
ord_06247,upi,1,630.41
ord_06248,upi,1,8253.05
ord_06249,credit_card,5,448.11
ord_06250,upi,1,3062.78
ord_06251,credit_card,3,955.7
ord_06252,credit_card,5,6822.15
ord_06253,wallet,1,8838.34
ord_06254,upi,1,3548.28
ord_06255,debit_card,1,448.32
ord_06256,upi,1,5818.88
ord_06257,upi,1,1520.77
ord_06258,cod,1,11106.49
ord_06259,upi,1,1486.32
ord_06260,debit_card,1,1020.02
ord_06261,wallet,1,1003.45
ord_06262,debit_card,1,841.77
ord_06263,wallet,1,7269.6
ord_06264,credit_card,4,7512.15
ord_06265,upi,1,5266.21
ord_06266,upi,1,6368.73
ord_06267,upi,1,6860.09
ord_06268,credit_card,2,10569.97
ord_06269,upi,1,5152.9
ord_06270,wallet,1,1179.63
ord_06271,wallet,1,15337.77
ord_06272,upi,1,5606.52
ord_06273,credit_card,4,708.88
ord_06274,upi,1,1318.37
ord_06275,upi,1,2533.99
ord_06276,wallet,1,7845.71
ord_06277,upi,1,13647.55
ord_06278,credit_card,4,3148.81
ord_06279,credit_card,1,8243.28
ord_06280,credit_card,4,1008.78
ord_06281,cod,1,8567.64
ord_06282,credit_card,5,1850.54
ord_06283,upi,1,1487.84
ord_06284,upi,1,7566.53
ord_06285,upi,1,1489.65
ord_06286,upi,1,648.3
ord_06287,credit_card,4,6609.47
ord_06288,credit_card,5,6523.81
ord_06289,upi,1,2547.49
ord_06290,cod,1,6136.93
ord_06291,upi,1,5956.7
ord_06292,cod,1,1064.17
ord_06293,credit_card,1,10549.77
ord_06294,wallet,1,793.38
ord_06295,credit_card,6,8068.97
ord_06296,upi,1,1163.12
ord_06297,debit_card,1,1164.27
ord_06298,cod,1,1935.29
ord_06299,wallet,1,1353.01
ord_06300,wallet,1,6333.13
ord_06301,upi,1,10572.51
ord_06302,cod,1,1664.61
ord_06303,wallet,1,333.52
ord_06304,cod,1,1571.45
ord_06305,debit_card,1,9462.16
ord_06306,credit_card,3,3777.21
ord_06307,upi,1,1599.93
ord_06308,cod,1,1026.13
ord_06309,wallet,1,8409.98
ord_06310,credit_card,6,745.39
ord_06311,credit_card,6,8914.65
ord_06312,upi,1,3979.6
ord_06313,credit_card,1,825.46
ord_06314,credit_card,6,855.59
ord_06315,debit_card,1,9989.74
ord_06316,credit_card,3,18487.33
ord_06317,upi,1,2475.01
ord_06318,upi,1,1599.24
ord_06319,upi,1,375.87
ord_06320,upi,1,4706.94
ord_06321,upi,1,17711.09
ord_06322,upi,1,2092.79
ord_06323,upi,1,7547.47
ord_06324,upi,1,1191.98
ord_06325,cod,1,7761.65
ord_06326,upi,1,4325.23
ord_06327,credit_card,1,8895.32
ord_06328,upi,1,1812.41
ord_06329,upi,1,1138.45
ord_06330,upi,1,8169.59
ord_06331,upi,1,8452.94
ord_06332,credit_card,1,6247.66
ord_06333,credit_card,6,1254.49
ord_06334,debit_card,1,1930.71
ord_06335,upi,1,1133.57
ord_06336,wallet,1,489.75
ord_06337,upi,1,457.68
ord_06338,debit_card,1,8373.84
ord_06339,credit_card,5,2007.12
ord_06340,credit_card,2,1424.47
ord_06341,cod,1,5260.24
ord_06342,debit_card,1,396.2
ord_06343,upi,1,10723.07
ord_06344,debit_card,1,5569.21
ord_06345,credit_card,1,1562.49
ord_06346,credit_card,3,406.35
ord_06347,credit_card,1,2621.61
ord_06348,credit_card,5,1918.71
ord_06349,debit_card,1,12514.62
ord_06350,wallet,1,2432.63
ord_06351,credit_card,5,787.02
ord_06352,upi,1,753.7
ord_06353,wallet,1,1079.13
ord_06354,wallet,1,7010.17
ord_06355,debit_card,1,495.76
ord_06356,credit_card,6,772.62
ord_06357,wallet,1,3950.57
ord_06358,upi,1,1050.02
ord_06359,debit_card,1,8172.15
ord_06360,upi,1,2152.01
ord_06361,credit_card,6,1977.42
ord_06362,upi,1,8592.2
ord_06363,credit_card,6,1218.27
ord_06364,credit_card,6,14128.5
ord_06365,wallet,1,2984.35
ord_06366,upi,1,2530.86
ord_06367,wallet,1,5494.41
ord_06368,wallet,1,3756.91
ord_06369,wallet,1,5629.29
ord_06370,upi,1,8831.51
ord_06371,wallet,1,7396.69
ord_06372,cod,1,1473.05
ord_06373,upi,1,8281.88
ord_06374,debit_card,1,259.75
ord_06375,upi,1,713.87
ord_06376,credit_card,5,456.81
ord_06377,credit_card,1,1253.73
ord_06378,credit_card,5,3689.44
ord_06379,upi,1,1147.97
ord_06380,upi,1,14391.02
ord_06381,upi,1,1555.06
ord_06382,cod,1,4252.81
ord_06383,wallet,1,14037.54
ord_06384,credit_card,4,1253.83
ord_06385,upi,1,1025.21
ord_06386,credit_card,2,15780.12
ord_06387,cod,1,2356.57
ord_06388,credit_card,3,6175.84
ord_06389,credit_card,4,2133.0
ord_06390,wallet,1,5037.14
ord_06391,credit_card,4,513.12
ord_06392,credit_card,4,1860.13
ord_06393,upi,1,2134.94
ord_06394,credit_card,3,7102.1
ord_06395,cod,1,810.28
ord_06396,cod,1,846.13
ord_06397,credit_card,2,12975.96
ord_06398,credit_card,1,8327.47
ord_06399,upi,1,7223.52
ord_06400,upi,1,6932.71
ord_06401,upi,1,7398.2
ord_06402,credit_card,2,1575.11
ord_06403,upi,1,5577.19
ord_06404,cod,1,540.62
ord_06405,upi,1,416.71
ord_06406,upi,1,794.77
ord_06407,upi,1,3966.77
ord_06408,upi,1,1952.42
ord_06409,cod,1,8236.76
ord_06410,upi,1,3031.18
ord_06411,debit_card,1,3121.86
ord_06412,credit_card,1,3453.25
ord_06413,cod,1,9481.31
ord_06414,debit_card,1,981.75
ord_06415,credit_card,3,1785.39
ord_06416,upi,1,8335.15
ord_06417,wallet,1,11003.44
ord_06418,credit_card,1,5899.44
ord_06419,cod,1,10534.19
ord_06420,credit_card,6,999.27
ord_06421,upi,1,10026.5
ord_06422,debit_card,1,2578.67
ord_06423,cod,1,7389.59
ord_06424,debit_card,1,8545.34
ord_06425,credit_card,3,5798.71
ord_06426,wallet,1,1888.68
ord_06427,credit_card,3,1740.27
ord_06428,debit_card,1,18873.61
ord_06429,upi,1,3806.52
ord_06430,wallet,1,748.7
ord_06431,credit_card,6,1058.56
ord_06432,upi,1,1238.48
ord_06433,debit_card,1,1465.94
ord_06434,credit_card,6,2960.71
ord_06435,upi,1,2893.11
ord_06436,upi,1,3888.02
ord_06437,credit_card,1,2379.3
ord_06438,wallet,1,1758.03
ord_06439,credit_card,4,1106.12
ord_06440,upi,1,1105.76
ord_06441,credit_card,3,11553.44
ord_06442,upi,1,7016.67
ord_06443,upi,1,4241.8
ord_06444,upi,1,3326.58
ord_06445,cod,1,7296.35
ord_06446,debit_card,1,619.24
ord_06447,wallet,1,4723.53
ord_06448,debit_card,1,469.35
ord_06449,credit_card,4,1612.62
ord_06450,debit_card,1,7888.74
ord_06451,upi,1,2185.0
ord_06452,wallet,1,6100.29
ord_06453,upi,1,8573.18
ord_06454,credit_card,4,13349.0
ord_06455,debit_card,1,696.15
ord_06456,wallet,1,1258.21
ord_06457,debit_card,1,8685.22
ord_06458,credit_card,4,368.72
ord_06459,upi,1,19746.47
ord_06460,debit_card,1,7610.21
ord_06461,upi,1,8540.29
ord_06462,upi,1,7422.76
ord_06463,cod,1,6665.52
ord_06464,upi,1,1660.93
ord_06465,credit_card,6,1137.59
ord_06466,cod,1,2728.74
ord_06467,debit_card,1,1046.57
ord_06468,upi,1,2868.39
ord_06469,upi,1,2444.03
ord_06470,cod,1,8724.25
ord_06471,upi,1,7868.75
ord_06472,credit_card,4,7364.53
ord_06473,credit_card,6,8462.41
ord_06474,upi,1,10366.86
ord_06475,upi,1,6277.22
ord_06476,upi,1,3710.28
ord_06477,upi,1,3882.54
ord_06478,debit_card,1,10962.14
ord_06479,credit_card,2,1181.06
ord_06480,debit_card,1,2015.98
ord_06481,upi,1,1868.93
ord_06482,credit_card,4,3907.06
ord_06483,credit_card,6,658.9
ord_06484,upi,1,10815.62
ord_06485,upi,1,846.36
ord_06486,cod,1,8136.24
ord_06487,credit_card,5,7023.93
ord_06488,credit_card,5,1111.58
ord_06489,upi,1,2400.19
ord_06490,cod,1,1065.05
ord_06491,upi,1,7691.74
ord_06492,credit_card,6,5553.89
ord_06493,upi,1,12875.82
ord_06494,upi,1,4470.47
ord_06495,upi,1,3579.33
ord_06496,credit_card,5,3320.84
ord_06497,upi,1,8659.22
ord_06498,debit_card,1,7174.83
ord_06499,upi,1,2854.46
ord_06500,credit_card,2,536.58
ord_06501,credit_card,2,9641.91
ord_06502,upi,1,1765.76
ord_06503,upi,1,9075.48
ord_06504,cod,1,6128.1
ord_06505,credit_card,4,3261.09
ord_06506,upi,1,1145.76
ord_06507,upi,1,6529.53
ord_06508,credit_card,4,9675.75
ord_06509,debit_card,1,7577.23
ord_06510,upi,1,389.53
ord_06511,wallet,1,8246.23
ord_06512,upi,1,4270.62
ord_06513,debit_card,1,263.58
ord_06514,cod,1,2421.22
ord_06515,upi,1,2516.85
ord_06516,upi,1,2109.98
ord_06517,upi,1,1370.89
ord_06518,credit_card,5,750.99
ord_06519,credit_card,6,2600.16
ord_06520,upi,1,3014.29
ord_06521,cod,1,676.31
ord_06522,debit_card,1,3070.66
ord_06523,credit_card,1,6389.41
ord_06524,upi,1,1384.32
ord_06525,cod,1,506.4
ord_06526,upi,1,1766.76
ord_06527,wallet,1,1095.48
ord_06528,credit_card,4,3534.48
ord_06529,upi,1,6673.57
ord_06530,credit_card,4,3334.32
ord_06531,upi,1,1995.56
ord_06532,upi,1,4650.13
ord_06533,upi,1,425.46
ord_06534,credit_card,3,866.45
ord_06535,cod,1,1433.88
ord_06536,upi,1,12765.55
ord_06537,upi,1,5675.9
ord_06538,debit_card,1,706.15
ord_06539,cod,1,2163.66
ord_06540,cod,1,1496.18
ord_06541,cod,1,8940.99
ord_06542,credit_card,4,713.09
ord_06543,wallet,1,2833.21
ord_06544,upi,1,1745.81
ord_06545,credit_card,1,454.75
ord_06546,upi,1,3668.57
ord_06547,cod,1,1505.68
ord_06548,upi,1,5503.93
ord_06549,debit_card,1,8525.34
ord_06550,cod,1,1495.34
ord_06551,upi,1,1328.37
ord_06552,credit_card,5,1068.86
ord_06553,cod,1,3078.93
ord_06554,credit_card,1,1114.76
ord_06555,credit_card,6,392.35
ord_06556,cod,1,2365.59
ord_06557,cod,1,1636.96
ord_06558,cod,1,1794.2
ord_06559,upi,1,2936.63
ord_06560,upi,1,7671.48
ord_06561,cod,1,8819.57
ord_06562,credit_card,6,1489.53
ord_06563,upi,1,7299.83
ord_06564,credit_card,4,945.93
ord_06565,wallet,1,444.52
ord_06566,upi,1,2989.63
ord_06567,wallet,1,3707.61
ord_06568,debit_card,1,2958.74
ord_06569,credit_card,1,5520.31
ord_06570,credit_card,6,5897.09
ord_06571,debit_card,1,2300.66
ord_06572,wallet,1,1008.3
ord_06573,credit_card,4,740.24
ord_06574,credit_card,6,6360.01
ord_06575,upi,1,10367.44
ord_06576,credit_card,5,571.56
ord_06577,upi,1,985.3
ord_06578,upi,1,1725.22
ord_06579,credit_card,1,7738.55
ord_06580,credit_card,3,815.12
ord_06581,credit_card,5,5184.0
ord_06582,upi,1,879.08
ord_06583,cod,1,12451.85
ord_06584,upi,1,1214.1
ord_06585,credit_card,2,8672.84
ord_06586,credit_card,1,8830.97
ord_06587,credit_card,4,8890.65
ord_06588,credit_card,3,1572.64
ord_06589,upi,1,3529.79
ord_06590,upi,1,11641.02
ord_06591,credit_card,2,2274.88
ord_06592,debit_card,1,2918.98
ord_06593,upi,1,1624.38
ord_06594,debit_card,1,7151.63
ord_06595,upi,1,2581.28
ord_06596,credit_card,2,11440.44
ord_06597,credit_card,2,12433.76
ord_06598,upi,1,18042.92
ord_06599,upi,1,10553.86
ord_06600,credit_card,6,2243.51
ord_06601,upi,1,11401.97
ord_06602,credit_card,2,1519.17
ord_06603,upi,1,1104.99
ord_06604,credit_card,6,7175.71
ord_06605,upi,1,12435.71
ord_06606,credit_card,5,1744.93
ord_06607,credit_card,2,4918.53
ord_06608,credit_card,1,2378.86
ord_06609,credit_card,4,875.78
ord_06610,debit_card,1,17254.31
ord_06611,upi,1,9161.53
ord_06612,wallet,1,13304.78
ord_06613,upi,1,13546.26
ord_06614,debit_card,1,2594.57
ord_06615,credit_card,2,10964.56
ord_06616,credit_card,4,1201.94
ord_06617,upi,1,9294.66
ord_06618,wallet,1,2587.17
ord_06619,credit_card,6,3262.48
ord_06620,credit_card,3,4456.96
ord_06621,credit_card,5,1573.02
ord_06622,credit_card,5,3125.96
ord_06623,credit_card,2,10739.88
ord_06624,cod,1,10430.28
ord_06625,cod,1,20503.86
ord_06626,credit_card,1,1464.91
ord_06627,upi,1,7832.57
ord_06628,upi,1,911.76
ord_06629,upi,1,1420.89
ord_06630,cod,1,2352.93
ord_06631,upi,1,1096.54
ord_06632,upi,1,1704.39
ord_06633,credit_card,2,2611.84
ord_06634,cod,1,7771.34
ord_06635,upi,1,430.48
ord_06636,credit_card,4,643.45
ord_06637,debit_card,1,579.93
ord_06638,credit_card,3,1893.55
ord_06639,upi,1,627.36
ord_06640,debit_card,1,1838.24
ord_06641,credit_card,1,10878.54
ord_06642,upi,1,7619.48
ord_06643,debit_card,1,5845.41
ord_06644,credit_card,3,1891.83
ord_06645,credit_card,1,8182.24
ord_06646,upi,1,12254.05
ord_06647,upi,1,3278.43
ord_06648,credit_card,4,1675.68
ord_06649,upi,1,3404.25
ord_06650,upi,1,381.17
ord_06651,upi,1,13250.32
ord_06652,upi,1,2424.24
ord_06653,credit_card,3,461.35
ord_06654,upi,1,1994.23
ord_06655,credit_card,3,1692.49
ord_06656,credit_card,4,7358.03
ord_06657,upi,1,6877.51
ord_06658,wallet,1,706.35
ord_06659,wallet,1,5292.92
ord_06660,credit_card,6,15302.94
ord_06661,cod,1,17428.62
ord_06662,upi,1,1216.33
ord_06663,upi,1,5851.94
ord_06664,debit_card,1,204.64
ord_06665,upi,1,8789.96
ord_06666,credit_card,1,1013.11
ord_06667,upi,1,2547.26
ord_06668,debit_card,1,6771.16
ord_06669,upi,1,1045.23
ord_06670,wallet,1,735.6
ord_06671,debit_card,1,713.32
ord_06672,upi,1,4652.99
ord_06673,credit_card,5,1119.86
ord_06674,upi,1,8408.91
ord_06675,upi,1,2315.39
ord_06676,wallet,1,3448.86
ord_06677,credit_card,6,6940.29
ord_06678,cod,1,1321.35
ord_06679,credit_card,4,7195.92
ord_06680,credit_card,2,5330.33
ord_06681,upi,1,1603.49
ord_06682,upi,1,882.74
ord_06683,wallet,1,2278.9
ord_06684,credit_card,6,5365.82
ord_06685,debit_card,1,4986.69
ord_06686,credit_card,2,5544.37
ord_06687,upi,1,503.01
ord_06688,credit_card,3,3385.9
ord_06689,upi,1,8309.74
ord_06690,wallet,1,2829.23
ord_06691,upi,1,3158.72
ord_06692,credit_card,2,387.9
ord_06693,credit_card,6,1207.58
ord_06694,credit_card,5,6902.22
ord_06695,upi,1,11141.1
ord_06696,cod,1,805.87
ord_06697,upi,1,4163.98
ord_06698,debit_card,1,16461.27
ord_06699,upi,1,545.66
ord_06700,debit_card,1,2981.74
ord_06701,cod,1,2253.63
ord_06702,credit_card,4,6043.7
ord_06703,wallet,1,7430.83
ord_06704,wallet,1,6317.24
ord_06705,upi,1,2856.02
ord_06706,upi,1,5882.69
ord_06707,debit_card,1,635.23
ord_06708,credit_card,6,3337.38
ord_06709,debit_card,1,10021.09
ord_06710,cod,1,730.78
ord_06711,credit_card,1,1089.02
ord_06712,upi,1,4386.28
ord_06713,debit_card,1,18647.89
ord_06714,upi,1,6385.95
ord_06715,credit_card,1,11954.65
ord_06716,upi,1,1559.48
ord_06717,credit_card,1,12960.02
ord_06718,credit_card,6,6128.55
ord_06719,wallet,1,29449.31
ord_06720,credit_card,5,790.39
ord_06721,wallet,1,3338.52
ord_06722,upi,1,2041.72
ord_06723,credit_card,2,6532.49
ord_06724,upi,1,11597.03
ord_06725,debit_card,1,2419.79
ord_06726,credit_card,5,584.47
ord_06727,debit_card,1,543.89
ord_06728,upi,1,421.14
ord_06729,upi,1,1078.23
ord_06730,cod,1,9952.4
ord_06731,wallet,1,7645.05
ord_06732,upi,1,856.53
ord_06733,upi,1,7191.88
ord_06734,credit_card,1,1782.21
ord_06735,upi,1,917.85
ord_06736,cod,1,7907.04
ord_06737,credit_card,4,1401.61
ord_06738,upi,1,774.63
ord_06739,upi,1,11207.23
ord_06740,upi,1,2009.18
ord_06741,upi,1,7287.96
ord_06742,credit_card,5,1983.0
ord_06743,credit_card,5,6290.45
ord_06744,upi,1,1822.18
ord_06745,debit_card,1,2711.87
ord_06746,credit_card,5,4303.94
ord_06747,upi,1,11590.68
ord_06748,wallet,1,4091.53
ord_06749,cod,1,2593.92
ord_06750,upi,1,2306.78
ord_06751,upi,1,8849.31
ord_06752,credit_card,4,7180.92
ord_06753,upi,1,6172.8
ord_06754,upi,1,7416.3
ord_06755,upi,1,786.68
ord_06756,upi,1,920.51
ord_06757,upi,1,9234.63
ord_06758,credit_card,1,15928.4
ord_06759,credit_card,2,8403.09
ord_06760,upi,1,832.59
ord_06761,upi,1,1787.73
ord_06762,upi,1,6550.79
ord_06763,upi,1,429.05
ord_06764,cod,1,8282.36
ord_06765,upi,1,16641.3
ord_06766,upi,1,1401.81
ord_06767,credit_card,5,750.98
ord_06768,debit_card,1,4211.33
ord_06769,debit_card,1,755.76
ord_06770,credit_card,3,482.27
ord_06771,cod,1,31426.83
ord_06772,wallet,1,1480.96
ord_06773,cod,1,5364.81
ord_06774,wallet,1,735.63
ord_06775,wallet,1,686.79
ord_06776,upi,1,15747.83
ord_06777,cod,1,4936.87
ord_06778,credit_card,1,2036.34
ord_06779,upi,1,2659.82
ord_06780,upi,1,710.15
ord_06781,upi,1,4242.49
ord_06782,credit_card,3,1659.86
ord_06783,upi,1,1729.55
ord_06784,upi,1,3965.77
ord_06785,credit_card,4,6763.75
ord_06786,upi,1,9684.27
ord_06787,debit_card,1,6692.7
ord_06788,credit_card,4,691.87
ord_06789,credit_card,6,707.61
ord_06790,cod,1,2814.11
ord_06791,wallet,1,4550.18
ord_06792,wallet,1,5051.85
ord_06793,debit_card,1,863.71
ord_06794,wallet,1,2013.38
ord_06795,upi,1,1513.64
ord_06796,credit_card,2,786.64
ord_06797,credit_card,5,613.77
ord_06798,upi,1,3493.12
ord_06799,credit_card,4,1172.85
ord_06800,upi,1,2813.72
ord_06801,wallet,1,5879.24
ord_06802,cod,1,1684.02
ord_06803,credit_card,2,2869.01
ord_06804,debit_card,1,9364.44
ord_06805,upi,1,638.81
ord_06806,wallet,1,1840.66
ord_06807,credit_card,6,1544.74
ord_06808,upi,1,7246.86
ord_06809,cod,1,1083.93
ord_06810,credit_card,1,6612.61
ord_06811,cod,1,10656.06
ord_06812,credit_card,1,1619.88
ord_06813,credit_card,1,22476.62
ord_06814,debit_card,1,1507.84
ord_06815,cod,1,24659.27
ord_06816,cod,1,1841.28
ord_06817,upi,1,2871.87
ord_06818,credit_card,5,2735.07
ord_06819,credit_card,6,5691.6
ord_06820,wallet,1,1562.74
ord_06821,upi,1,20265.73
ord_06822,upi,1,1582.48
ord_06823,credit_card,2,1796.24
ord_06824,upi,1,661.81
ord_06825,wallet,1,823.51
ord_06826,credit_card,1,2409.22
ord_06827,upi,1,545.57
ord_06828,upi,1,3693.24
ord_06829,upi,1,8236.68
ord_06830,debit_card,1,6547.72
ord_06831,debit_card,1,913.27
ord_06832,upi,1,2092.57
ord_06833,upi,1,433.14
ord_06834,credit_card,1,1475.71
ord_06835,cod,1,2389.67
ord_06836,credit_card,4,10373.85
ord_06837,cod,1,2182.06
ord_06838,debit_card,1,12798.3
ord_06839,wallet,1,2013.63
ord_06840,cod,1,804.03
ord_06841,wallet,1,627.37
ord_06842,upi,1,1151.06
ord_06843,cod,1,610.15
ord_06844,wallet,1,1460.3
ord_06845,debit_card,1,3675.85
ord_06846,credit_card,2,381.46
ord_06847,wallet,1,190.37
ord_06848,cod,1,9597.3
ord_06849,credit_card,4,4654.11
ord_06850,upi,1,15683.79
ord_06851,cod,1,6621.61
ord_06852,wallet,1,20754.28
ord_06853,credit_card,6,7918.86
ord_06854,cod,1,1339.44
ord_06855,credit_card,3,1554.34
ord_06856,upi,1,949.02
ord_06857,upi,1,6141.9
ord_06858,cod,1,1117.61
ord_06859,upi,1,14890.58
ord_06860,debit_card,1,4083.59
ord_06861,upi,1,828.45
ord_06862,credit_card,6,2153.41
ord_06863,upi,1,4047.22
ord_06864,credit_card,4,4593.17
ord_06865,upi,1,3889.91
ord_06866,upi,1,992.49
ord_06867,debit_card,1,6605.57
ord_06868,cod,1,5671.52
ord_06869,cod,1,2230.84
ord_06870,credit_card,4,1168.7
ord_06871,upi,1,864.36
ord_06872,credit_card,6,12587.12
ord_06873,upi,1,2367.49
ord_06874,credit_card,5,530.45
ord_06875,credit_card,2,5626.09
ord_06876,credit_card,1,8964.55
ord_06877,upi,1,2885.08
ord_06878,upi,1,6628.68
ord_06879,upi,1,8480.49
ord_06880,cod,1,19989.72
ord_06881,debit_card,1,902.63
ord_06882,upi,1,837.43
ord_06883,upi,1,731.71
ord_06884,upi,1,637.79
ord_06885,credit_card,4,11513.92
ord_06886,credit_card,5,18458.6
ord_06887,credit_card,3,2805.52
ord_06888,upi,1,709.08
ord_06889,upi,1,8610.44
ord_06890,upi,1,4617.63
ord_06891,wallet,1,5681.93
ord_06892,upi,1,9898.4
ord_06893,credit_card,5,544.94
ord_06894,upi,1,15803.83
ord_06895,upi,1,2496.25
ord_06896,debit_card,1,5339.75
ord_06897,upi,1,10643.91
ord_06898,wallet,1,15519.15
ord_06899,debit_card,1,11027.02
ord_06900,upi,1,6620.83
ord_06901,upi,1,9396.64
ord_06902,debit_card,1,1386.47
ord_06903,credit_card,1,11857.68
ord_06904,wallet,1,6633.51
ord_06905,debit_card,1,4111.39
ord_06906,credit_card,5,2196.65
ord_06907,debit_card,1,12827.05
ord_06908,upi,1,20262.3
ord_06909,upi,1,7649.65
ord_06910,cod,1,1070.38
ord_06911,cod,1,2017.25
ord_06912,upi,1,1609.66
ord_06913,cod,1,1051.06
ord_06914,upi,1,7087.97
ord_06915,upi,1,2105.46
ord_06916,credit_card,6,6449.09
ord_06917,upi,1,1263.63
ord_06918,wallet,1,677.21
ord_06919,credit_card,3,1340.39
ord_06920,wallet,1,2199.82
ord_06921,debit_card,1,1196.85
ord_06922,credit_card,3,10780.12
ord_06923,wallet,1,15021.37
ord_06924,credit_card,4,1033.8
ord_06925,upi,1,3360.68
ord_06926,cod,1,1506.94
ord_06927,wallet,1,8061.63
ord_06928,cod,1,2030.22
ord_06929,debit_card,1,1017.86
ord_06930,credit_card,3,6281.13
ord_06931,credit_card,3,5422.6
ord_06932,credit_card,3,12487.89
ord_06933,upi,1,6165.78
ord_06934,upi,1,578.82
ord_06935,upi,1,1126.93
ord_06936,credit_card,5,1037.58
ord_06937,credit_card,5,13595.7
ord_06938,cod,1,1688.96
ord_06939,wallet,1,16302.92
ord_06940,debit_card,1,991.26
ord_06941,upi,1,7820.83
ord_06942,upi,1,471.13
ord_06943,wallet,1,2852.31
ord_06944,upi,1,12348.21
ord_06945,credit_card,1,523.25
ord_06946,credit_card,6,8720.11
ord_06947,cod,1,9878.51
ord_06948,upi,1,1773.68
ord_06949,debit_card,1,10913.8
ord_06950,cod,1,745.48
ord_06951,credit_card,2,621.12
ord_06952,wallet,1,4689.49
ord_06953,debit_card,1,1160.58
ord_06954,credit_card,4,12382.69
ord_06955,upi,1,8260.88
ord_06956,credit_card,2,8359.96
ord_06957,upi,1,2026.23
ord_06958,upi,1,818.61
ord_06959,cod,1,7548.78
ord_06960,wallet,1,9409.39
ord_06961,credit_card,6,7475.4
ord_06962,upi,1,7515.36
ord_06963,upi,1,1172.87
ord_06964,upi,1,8897.65
ord_06965,credit_card,5,1375.06
ord_06966,credit_card,3,7265.33
ord_06967,wallet,1,2087.05
ord_06968,upi,1,1826.84
ord_06969,debit_card,1,9073.36
ord_06970,debit_card,1,338.99
ord_06971,wallet,1,1716.26
ord_06972,upi,1,704.9
ord_06973,upi,1,7866.58
ord_06974,debit_card,1,1526.85
ord_06975,credit_card,5,15534.14
ord_06976,cod,1,21014.32
ord_06977,upi,1,2293.43
ord_06978,credit_card,2,1164.49
ord_06979,upi,1,5692.52
ord_06980,upi,1,6801.98
ord_06981,upi,1,1433.97
ord_06982,debit_card,1,10294.15
ord_06983,debit_card,1,7294.52
ord_06984,wallet,1,7615.82
ord_06985,credit_card,6,17356.41
ord_06986,upi,1,11739.93
ord_06987,upi,1,2149.1
ord_06988,upi,1,8710.33
ord_06989,upi,1,1776.6
ord_06990,credit_card,6,1444.93
ord_06991,upi,1,1557.35
ord_06992,cod,1,971.47
ord_06993,cod,1,1616.34
ord_06994,upi,1,993.29
ord_06995,cod,1,487.58
ord_06996,credit_card,4,1106.01
ord_06997,debit_card,1,8591.16
ord_06998,cod,1,3373.52
ord_06999,upi,1,1128.8
ord_07000,upi,1,3863.78
ord_07001,upi,1,1430.89
ord_07002,cod,1,1160.99
ord_07003,upi,1,6007.8
ord_07004,cod,1,7227.87
ord_07005,credit_card,4,11363.5
ord_07006,upi,1,14879.92
ord_07007,upi,1,5003.17
ord_07008,credit_card,6,843.21
ord_07009,wallet,1,9336.89
ord_07010,debit_card,1,430.69
ord_07011,cod,1,5025.13
ord_07012,credit_card,5,552.66
ord_07013,credit_card,6,8375.29
ord_07014,wallet,1,2966.7
ord_07015,debit_card,1,1638.69
ord_07016,upi,1,2756.07
ord_07017,debit_card,1,728.59
ord_07018,credit_card,2,7472.8
ord_07019,credit_card,4,521.91
ord_07020,credit_card,6,2643.17
ord_07021,credit_card,4,8532.28
ord_07022,credit_card,2,2744.61
ord_07023,upi,1,6769.03
ord_07024,cod,1,4029.43
ord_07025,debit_card,1,6021.65
ord_07026,wallet,1,1799.27
ord_07027,credit_card,3,17787.88
ord_07028,upi,1,678.01
ord_07029,upi,1,2061.82
ord_07030,cod,1,3284.41
ord_07031,credit_card,3,1440.92
ord_07032,credit_card,3,968.71
ord_07033,upi,1,528.33
ord_07034,upi,1,1170.31
ord_07035,cod,1,10460.49
ord_07036,credit_card,2,7462.84
ord_07037,credit_card,4,4444.91
ord_07038,upi,1,2566.61
ord_07039,debit_card,1,1639.76
ord_07040,upi,1,539.99
ord_07041,upi,1,7656.44
ord_07042,credit_card,2,2822.97
ord_07043,upi,1,8938.22
ord_07044,upi,1,483.78
ord_07045,upi,1,2925.93
ord_07046,credit_card,5,7187.05
ord_07047,credit_card,3,2526.23
ord_07048,wallet,1,1168.2
ord_07049,credit_card,1,1081.95
ord_07050,upi,1,1591.7
ord_07051,wallet,1,1169.1
ord_07052,upi,1,3381.94
ord_07053,upi,1,930.31
ord_07054,credit_card,4,1506.48
ord_07055,credit_card,6,1554.64
ord_07056,credit_card,4,497.12
ord_07057,upi,1,13788.23
ord_07058,wallet,1,2285.19
ord_07059,credit_card,4,4644.62
ord_07060,credit_card,1,5959.12
ord_07061,upi,1,5377.29
ord_07062,upi,1,983.42
ord_07063,upi,1,9932.81
ord_07064,credit_card,3,9438.15
ord_07065,wallet,1,1795.92
ord_07066,upi,1,11780.71
ord_07067,credit_card,4,5965.1
ord_07068,cod,1,7048.38
ord_07069,upi,1,1318.91
ord_07070,upi,1,1734.48
ord_07071,credit_card,6,13485.11
ord_07072,wallet,1,8015.04
ord_07073,cod,1,4324.37
ord_07074,upi,1,3290.16
ord_07075,debit_card,1,10072.85
ord_07076,upi,1,1511.81
ord_07077,upi,1,11892.26
ord_07078,cod,1,9039.86
ord_07079,upi,1,2322.77
ord_07080,credit_card,3,802.66
ord_07081,upi,1,11400.57
ord_07082,wallet,1,262.73
ord_07083,upi,1,859.75
ord_07084,upi,1,826.95
ord_07085,debit_card,1,3449.69
ord_07086,debit_card,1,966.55
ord_07087,upi,1,491.7
ord_07088,cod,1,2131.56
ord_07089,credit_card,1,10668.25
ord_07090,upi,1,4410.09
ord_07091,cod,1,1185.75
ord_07092,upi,1,1160.6
ord_07093,upi,1,1203.97
ord_07094,credit_card,2,2253.68
ord_07095,upi,1,10327.91
ord_07096,credit_card,6,18823.48
ord_07097,cod,1,3697.34
ord_07098,wallet,1,1335.45
ord_07099,cod,1,8617.54
ord_07100,debit_card,1,577.21
ord_07101,upi,1,8990.22
ord_07102,debit_card,1,10580.74
ord_07103,credit_card,3,1318.05
ord_07104,cod,1,7213.16
ord_07105,upi,1,4043.63
ord_07106,debit_card,1,13473.53
ord_07107,wallet,1,2047.62
ord_07108,wallet,1,10349.58
ord_07109,debit_card,1,1792.04
ord_07110,debit_card,1,2209.73
ord_07111,debit_card,1,10567.02
ord_07112,upi,1,1236.85
ord_07113,credit_card,4,3877.12
ord_07114,wallet,1,516.61
ord_07115,wallet,1,5182.37
ord_07116,debit_card,1,17568.93
ord_07117,upi,1,532.29
ord_07118,upi,1,894.8
ord_07119,wallet,1,973.66
ord_07120,debit_card,1,10921.53
ord_07121,upi,1,16661.6
ord_07122,wallet,1,1576.73
ord_07123,upi,1,9373.18
ord_07124,cod,1,1001.43
ord_07125,wallet,1,1062.99
ord_07126,credit_card,3,13287.32
ord_07127,upi,1,9227.35
ord_07128,cod,1,461.87
ord_07129,debit_card,1,2985.21
ord_07130,credit_card,5,1860.77
ord_07131,upi,1,730.05
ord_07132,credit_card,4,8796.58
ord_07133,upi,1,784.83
ord_07134,upi,1,1361.13
ord_07135,wallet,1,3073.6
ord_07136,credit_card,4,631.94
ord_07137,upi,1,2258.52
ord_07138,upi,1,7853.14
ord_07139,upi,1,1218.93
ord_07140,debit_card,1,16305.29
ord_07141,upi,1,2140.68
ord_07142,credit_card,1,2151.66
ord_07143,debit_card,1,8642.22
ord_07144,upi,1,3282.92
ord_07145,upi,1,205.9
ord_07146,debit_card,1,2115.25
ord_07147,upi,1,4697.01
ord_07148,cod,1,2319.02
ord_07149,debit_card,1,1277.43
ord_07150,upi,1,439.86
ord_07151,debit_card,1,397.37
ord_07152,cod,1,8500.57
ord_07153,upi,1,1421.99
ord_07154,upi,1,424.57
ord_07155,upi,1,6140.99
ord_07156,upi,1,563.33
ord_07157,credit_card,2,255.53
ord_07158,wallet,1,1832.25
ord_07159,credit_card,6,1817.61
ord_07160,upi,1,1306.03
ord_07161,credit_card,3,678.02
ord_07162,debit_card,1,415.77
ord_07163,credit_card,1,1660.8
ord_07164,credit_card,2,2048.34
ord_07165,credit_card,4,4864.46
ord_07166,credit_card,5,4389.42
ord_07167,upi,1,9232.23
ord_07168,credit_card,6,3128.16
ord_07169,upi,1,8143.21
ord_07170,upi,1,882.02
ord_07171,credit_card,1,9614.78
ord_07172,cod,1,1596.7
ord_07173,upi,1,8108.73
ord_07174,cod,1,3037.1
ord_07175,credit_card,6,462.44
ord_07176,cod,1,7115.03
ord_07177,cod,1,1984.06
ord_07178,credit_card,3,8153.41
ord_07179,upi,1,6931.57
ord_07180,upi,1,5007.72
ord_07181,debit_card,1,1153.76
ord_07182,debit_card,1,16547.6
ord_07183,upi,1,10758.33
ord_07184,credit_card,3,6032.61
ord_07185,debit_card,1,6731.29
ord_07186,upi,1,2607.11
ord_07187,upi,1,2076.72
ord_07188,credit_card,4,6660.57
ord_07189,upi,1,6005.64
ord_07190,upi,1,790.6
ord_07191,cod,1,638.42
ord_07192,credit_card,2,899.72
ord_07193,wallet,1,2167.95
ord_07194,upi,1,499.83
ord_07195,upi,1,159.18
ord_07196,upi,1,11676.14
ord_07197,debit_card,1,7576.03
ord_07198,credit_card,5,13700.51
ord_07199,upi,1,4346.12
ord_07200,upi,1,11555.62
ord_07201,cod,1,2266.95
ord_07202,wallet,1,2511.87
ord_07203,credit_card,5,10113.81
ord_07204,upi,1,9965.23
ord_07205,credit_card,4,1357.34
ord_07206,credit_card,5,21010.24
ord_07207,upi,1,1235.97
ord_07208,upi,1,7037.16
ord_07209,wallet,1,5137.44
ord_07210,debit_card,1,2944.07
ord_07211,debit_card,1,795.22
ord_07212,cod,1,525.95
ord_07213,upi,1,3993.38
ord_07214,upi,1,13019.99
ord_07215,cod,1,887.74
ord_07216,upi,1,195.21
ord_07217,debit_card,1,7554.52
ord_07218,upi,1,13498.4
ord_07219,upi,1,1395.1
ord_07220,credit_card,6,12059.48
ord_07221,credit_card,5,1423.27
ord_07222,credit_card,1,9697.48
ord_07223,debit_card,1,761.82
ord_07224,cod,1,1916.49
ord_07225,upi,1,813.32
ord_07226,credit_card,2,3568.22
ord_07227,credit_card,1,18703.83
ord_07228,wallet,1,13007.88
ord_07229,upi,1,421.39
ord_07230,credit_card,6,3730.55
ord_07231,upi,1,3431.52
ord_07232,upi,1,21013.25
ord_07233,upi,1,1335.92
ord_07234,cod,1,744.12
ord_07235,upi,1,2264.23
ord_07236,wallet,1,4579.71
ord_07237,upi,1,9038.0
ord_07238,cod,1,1549.46
ord_07239,cod,1,930.94
ord_07240,upi,1,729.26
ord_07241,wallet,1,10964.64
ord_07242,credit_card,6,2988.13
ord_07243,cod,1,2759.99
ord_07244,cod,1,1491.07
ord_07245,upi,1,1371.79
ord_07246,wallet,1,2319.23
ord_07247,wallet,1,485.69
ord_07248,credit_card,4,1509.92
ord_07249,wallet,1,1027.32
ord_07250,credit_card,1,13523.9
ord_07251,upi,1,3629.59
ord_07252,upi,1,2033.23
ord_07253,cod,1,1374.0
ord_07254,debit_card,1,2038.99
ord_07255,upi,1,9277.5
ord_07256,wallet,1,6719.67
ord_07257,cod,1,6579.68
ord_07258,credit_card,1,550.23
ord_07259,upi,1,1119.57
ord_07260,debit_card,1,6652.48
ord_07261,wallet,1,1530.18
ord_07262,upi,1,5502.14
ord_07263,credit_card,6,4490.33
ord_07264,upi,1,7524.27
ord_07265,upi,1,2143.17
ord_07266,upi,1,10884.55
ord_07267,cod,1,7875.79
ord_07268,cod,1,1751.3
ord_07269,credit_card,1,3437.92
ord_07270,upi,1,3744.92
ord_07271,upi,1,5741.79
ord_07272,cod,1,2037.02
ord_07273,upi,1,2297.07
ord_07274,wallet,1,9089.62
ord_07275,credit_card,6,465.72
ord_07276,upi,1,925.83
ord_07277,debit_card,1,1138.91
ord_07278,credit_card,3,7382.94
ord_07279,wallet,1,1557.52
ord_07280,debit_card,1,8786.25
ord_07281,wallet,1,760.57
ord_07282,upi,1,21054.05
ord_07283,upi,1,8498.81
ord_07284,wallet,1,10499.51
ord_07285,cod,1,254.6
ord_07286,upi,1,692.56
ord_07287,credit_card,4,4016.44
ord_07288,credit_card,5,11765.19
ord_07289,cod,1,1741.34
ord_07290,upi,1,6946.29
ord_07291,debit_card,1,9516.36
ord_07292,debit_card,1,5058.64
ord_07293,upi,1,781.66
ord_07294,cod,1,2495.05
ord_07295,upi,1,2193.46
ord_07296,credit_card,5,1876.24
ord_07297,credit_card,5,9058.29
ord_07298,upi,1,2061.59
ord_07299,debit_card,1,1820.58
ord_07300,upi,1,3798.21
ord_07301,credit_card,4,5771.32
ord_07302,credit_card,4,1921.84
ord_07303,upi,1,6405.48
ord_07304,debit_card,1,1222.48
ord_07305,upi,1,6741.79
ord_07306,upi,1,493.35
ord_07307,upi,1,2710.73
ord_07308,credit_card,1,2251.12
ord_07309,wallet,1,7964.28
ord_07310,upi,1,1538.63
ord_07311,upi,1,2241.13
ord_07312,debit_card,1,1889.87
ord_07313,debit_card,1,1963.85
ord_07314,wallet,1,3532.01
ord_07315,upi,1,8679.46
ord_07316,debit_card,1,738.54
ord_07317,credit_card,5,6411.51
ord_07318,wallet,1,3704.93
ord_07319,wallet,1,10306.28
ord_07320,wallet,1,4982.47
ord_07321,cod,1,1798.38
ord_07322,upi,1,4338.75
ord_07323,cod,1,16761.22
ord_07324,credit_card,3,6659.3
ord_07325,debit_card,1,870.38
ord_07326,upi,1,10481.57
ord_07327,upi,1,7270.09
ord_07328,wallet,1,740.92
ord_07329,cod,1,1918.22
ord_07330,credit_card,1,2663.19
ord_07331,wallet,1,11156.01
ord_07332,credit_card,3,4692.88
ord_07333,credit_card,4,1381.88
ord_07334,debit_card,1,1205.53
ord_07335,upi,1,1519.81
ord_07336,cod,1,2795.31
ord_07337,upi,1,472.97
ord_07338,credit_card,6,1918.66
ord_07339,credit_card,4,432.36
ord_07340,cod,1,7536.62
ord_07341,debit_card,1,3014.11
ord_07342,upi,1,2609.92
ord_07343,debit_card,1,675.54
ord_07344,credit_card,6,13181.84
ord_07345,debit_card,1,1974.64
ord_07346,cod,1,10074.98
ord_07347,upi,1,8893.37
ord_07348,credit_card,3,17900.9
ord_07349,debit_card,1,1958.03
ord_07350,wallet,1,7843.46
ord_07351,upi,1,440.27
ord_07352,upi,1,2974.46
ord_07353,cod,1,7092.02
ord_07354,upi,1,3845.87
ord_07355,cod,1,533.99
ord_07356,upi,1,577.55
ord_07357,upi,1,2214.84
ord_07358,credit_card,4,8451.23
ord_07359,credit_card,2,8617.13
ord_07360,debit_card,1,18298.38
ord_07361,upi,1,13982.31
ord_07362,credit_card,2,10040.55
ord_07363,credit_card,1,8624.53
ord_07364,upi,1,1746.25
ord_07365,credit_card,3,4661.18
ord_07366,credit_card,4,1747.44
ord_07367,credit_card,2,11155.39
ord_07368,upi,1,5906.4
ord_07369,upi,1,1284.21
ord_07370,upi,1,2868.5
ord_07371,cod,1,4399.36
ord_07372,upi,1,8694.16
ord_07373,upi,1,2000.76
ord_07374,debit_card,1,1285.72
ord_07375,debit_card,1,6857.54
ord_07376,upi,1,16138.52
ord_07377,upi,1,4288.94
ord_07378,upi,1,2714.3
ord_07379,upi,1,2050.67
ord_07380,upi,1,5989.66
ord_07381,upi,1,960.11
ord_07382,credit_card,3,18863.05
ord_07383,upi,1,3651.69
ord_07384,credit_card,3,9391.64
ord_07385,upi,1,479.05
ord_07386,cod,1,477.72
ord_07387,upi,1,1052.13
ord_07388,credit_card,6,1990.27
ord_07389,credit_card,5,2101.37
ord_07390,upi,1,6878.13
ord_07391,upi,1,505.08
ord_07392,credit_card,1,7062.71
ord_07393,credit_card,6,572.09
ord_07394,cod,1,1914.73
ord_07395,cod,1,479.25
ord_07396,upi,1,766.67
ord_07397,credit_card,5,588.18
ord_07398,credit_card,1,3646.8
ord_07399,credit_card,4,1046.82
ord_07400,debit_card,1,522.84
ord_07401,credit_card,4,3043.02
ord_07402,debit_card,1,1588.98
ord_07403,upi,1,5770.79
ord_07404,upi,1,363.17
ord_07405,credit_card,3,6989.66
ord_07406,upi,1,15425.94
ord_07407,upi,1,1567.15
ord_07408,credit_card,4,1090.4
ord_07409,upi,1,8553.02
ord_07410,cod,1,2201.22
ord_07411,upi,1,235.51
ord_07412,credit_card,5,8144.09
ord_07413,upi,1,6863.84
ord_07414,upi,1,4587.41
ord_07415,credit_card,5,9708.4
ord_07416,cod,1,10062.05
ord_07417,upi,1,319.92
ord_07418,credit_card,1,584.49
ord_07419,wallet,1,4573.05
ord_07420,upi,1,600.5
ord_07421,credit_card,2,2186.1
ord_07422,cod,1,12150.05
ord_07423,debit_card,1,7327.97
ord_07424,credit_card,2,10918.25
ord_07425,upi,1,1268.52
ord_07426,credit_card,3,8284.72
ord_07427,cod,1,9278.38
ord_07428,debit_card,1,352.24
ord_07429,upi,1,15385.77
ord_07430,wallet,1,6738.19
ord_07431,credit_card,5,13251.35
ord_07432,credit_card,2,1809.4
ord_07433,cod,1,3899.9
ord_07434,upi,1,4254.4
ord_07435,wallet,1,3501.81
ord_07436,cod,1,2930.03
ord_07437,upi,1,17521.32
ord_07438,credit_card,5,1410.76
ord_07439,upi,1,18503.43
ord_07440,credit_card,1,1555.78
ord_07441,cod,1,10037.45
ord_07442,upi,1,784.96
ord_07443,upi,1,11804.29
ord_07444,debit_card,1,179.95
ord_07445,upi,1,4137.75
ord_07446,wallet,1,1343.62
ord_07447,cod,1,2049.63
ord_07448,cod,1,2452.12
ord_07449,debit_card,1,1356.29
ord_07450,credit_card,6,1261.48
ord_07451,credit_card,5,477.56
ord_07452,credit_card,5,609.71
ord_07453,upi,1,883.38
ord_07454,debit_card,1,591.91
ord_07455,upi,1,787.65
ord_07456,upi,1,373.04
ord_07457,credit_card,1,3919.79
ord_07458,cod,1,7453.7
ord_07459,credit_card,2,1139.97
ord_07460,credit_card,6,7014.53
ord_07461,upi,1,3945.49
ord_07462,cod,1,2563.49
ord_07463,credit_card,5,6226.8
ord_07464,upi,1,5226.42
ord_07465,upi,1,9471.75
ord_07466,credit_card,2,1889.06
ord_07467,cod,1,8046.83
ord_07468,cod,1,24088.64
ord_07469,wallet,1,3447.32
ord_07470,credit_card,3,13039.1
ord_07471,upi,1,9989.3
ord_07472,upi,1,343.05
ord_07473,debit_card,1,3460.97
ord_07474,credit_card,5,937.48
ord_07475,upi,1,965.98
ord_07476,cod,1,4699.55
ord_07477,upi,1,3923.66
ord_07478,credit_card,5,8327.78
ord_07479,upi,1,10252.92
ord_07480,credit_card,1,9058.69
ord_07481,wallet,1,13399.9
ord_07482,credit_card,1,446.59
ord_07483,wallet,1,668.04
ord_07484,credit_card,6,1521.82
ord_07485,wallet,1,927.62
ord_07486,upi,1,2274.41
ord_07487,upi,1,998.5
ord_07488,credit_card,5,9142.9
ord_07489,upi,1,8553.7
ord_07490,upi,1,1817.36
ord_07491,upi,1,9448.38
ord_07492,upi,1,7710.39
ord_07493,credit_card,2,403.3
ord_07494,upi,1,2634.7
ord_07495,upi,1,1713.5
ord_07496,debit_card,1,1575.16
ord_07497,credit_card,6,2229.28
ord_07498,cod,1,601.47
ord_07499,credit_card,2,4838.55
ord_07500,upi,1,1655.04
ord_07501,credit_card,6,6003.75
ord_07502,upi,1,6962.05
ord_07503,upi,1,24379.07
ord_07504,credit_card,3,5483.84
ord_07505,credit_card,2,1829.91
ord_07506,upi,1,1637.39
ord_07507,credit_card,5,1813.48
ord_07508,upi,1,1405.5
ord_07509,upi,1,8487.96
ord_07510,upi,1,10033.38
ord_07511,credit_card,1,2254.1
ord_07512,debit_card,1,9177.38
ord_07513,upi,1,2800.3
ord_07514,upi,1,251.64
ord_07515,upi,1,4565.87
ord_07516,debit_card,1,472.75
ord_07517,credit_card,2,592.1
ord_07518,upi,1,1546.36
ord_07519,upi,1,1880.07
ord_07520,upi,1,267.77
ord_07521,credit_card,1,3725.05
ord_07522,cod,1,7117.5
ord_07523,credit_card,6,10469.68
ord_07524,credit_card,1,17354.94
ord_07525,upi,1,1366.39
ord_07526,upi,1,1469.7
ord_07527,upi,1,5453.35
ord_07528,upi,1,2166.98
ord_07529,upi,1,2902.22
ord_07530,debit_card,1,10381.25
ord_07531,cod,1,3254.31
ord_07532,upi,1,12109.25
ord_07533,upi,1,4158.91
ord_07534,upi,1,1096.15
ord_07535,cod,1,707.76
ord_07536,upi,1,10726.14
ord_07537,upi,1,1124.14
ord_07538,upi,1,8406.17
ord_07539,wallet,1,1260.9
ord_07540,debit_card,1,1581.46
ord_07541,upi,1,1209.3
ord_07542,debit_card,1,5124.65
ord_07543,wallet,1,3151.24
ord_07544,cod,1,475.02
ord_07545,credit_card,4,11143.75
ord_07546,upi,1,6207.01
ord_07547,credit_card,3,5301.21
ord_07548,upi,1,8743.89
ord_07549,wallet,1,8556.78
ord_07550,upi,1,17139.83
ord_07551,debit_card,1,12462.7
ord_07552,credit_card,3,4616.05
ord_07553,credit_card,3,8532.74
ord_07554,upi,1,1463.0
ord_07555,cod,1,1422.93
ord_07556,credit_card,2,8950.77
ord_07557,upi,1,7292.9
ord_07558,credit_card,2,1143.68
ord_07559,credit_card,3,5971.69
ord_07560,credit_card,1,6201.86
ord_07561,wallet,1,3992.86
ord_07562,upi,1,1067.15
ord_07563,debit_card,1,1255.84
ord_07564,credit_card,1,3319.78
ord_07565,upi,1,8490.09
ord_07566,upi,1,1145.57
ord_07567,credit_card,6,1987.77
ord_07568,wallet,1,1692.49
ord_07569,debit_card,1,986.68
ord_07570,wallet,1,15860.53
ord_07571,credit_card,2,1302.75
ord_07572,upi,1,997.94
ord_07573,credit_card,2,4118.18
ord_07574,upi,1,4918.0
ord_07575,credit_card,6,400.05
ord_07576,credit_card,4,229.42
ord_07577,credit_card,3,3992.25
ord_07578,cod,1,564.1
ord_07579,cod,1,937.09
ord_07580,credit_card,4,5457.31
ord_07581,upi,1,5474.45
ord_07582,credit_card,1,26599.56
ord_07583,upi,1,1915.45
ord_07584,credit_card,3,8396.65
ord_07585,cod,1,516.28
ord_07586,wallet,1,4740.83
ord_07587,upi,1,924.65
ord_07588,upi,1,3585.79
ord_07589,upi,1,7204.27
ord_07590,debit_card,1,3336.21
ord_07591,upi,1,8613.2
ord_07592,upi,1,7490.71
ord_07593,credit_card,3,1200.76
ord_07594,debit_card,1,1722.89
ord_07595,debit_card,1,402.49
ord_07596,credit_card,6,7502.77
ord_07597,credit_card,4,4792.99
ord_07598,credit_card,5,1552.8
ord_07599,upi,1,13126.18
ord_07600,upi,1,616.84
ord_07601,wallet,1,9832.04
ord_07602,upi,1,664.25
ord_07603,credit_card,6,1905.2
ord_07604,debit_card,1,3033.47
ord_07605,upi,1,1287.9
ord_07606,cod,1,1524.04
ord_07607,cod,1,2387.97
ord_07608,credit_card,3,2457.47
ord_07609,debit_card,1,1891.67
ord_07610,credit_card,5,6168.32
ord_07611,upi,1,2305.46
ord_07612,upi,1,12614.9
ord_07613,cod,1,1621.81
ord_07614,upi,1,5360.31
ord_07615,debit_card,1,729.67
ord_07616,upi,1,12238.16
ord_07617,upi,1,5628.29
ord_07618,debit_card,1,3366.17
ord_07619,credit_card,2,8971.82
ord_07620,credit_card,2,10618.04
ord_07621,upi,1,924.38
ord_07622,upi,1,10382.19
ord_07623,credit_card,4,3714.26
ord_07624,wallet,1,1156.26
ord_07625,credit_card,3,8315.07
ord_07626,upi,1,4796.45
ord_07627,upi,1,2507.38
ord_07628,wallet,1,9541.46
ord_07629,upi,1,6919.88
ord_07630,upi,1,8906.86
ord_07631,upi,1,18987.91
ord_07632,wallet,1,670.66
ord_07633,upi,1,3820.26
ord_07634,upi,1,10519.68
ord_07635,debit_card,1,16013.99
ord_07636,upi,1,4303.35
ord_07637,credit_card,6,6562.92
ord_07638,debit_card,1,589.73
ord_07639,wallet,1,1956.14
ord_07640,upi,1,5820.13
ord_07641,credit_card,2,533.56
ord_07642,credit_card,5,13510.74
ord_07643,credit_card,4,6633.35
ord_07644,debit_card,1,721.53
ord_07645,wallet,1,359.69
ord_07646,upi,1,1537.15
ord_07647,debit_card,1,5559.6
ord_07648,credit_card,1,7070.16
ord_07649,credit_card,5,1620.27
ord_07650,cod,1,8970.37
ord_07651,upi,1,1302.27
ord_07652,upi,1,2797.85
ord_07653,debit_card,1,13186.84
ord_07654,upi,1,13570.86
ord_07655,upi,1,1903.88
ord_07656,upi,1,6266.45
ord_07657,upi,1,9622.88
ord_07658,credit_card,4,1810.33
ord_07659,cod,1,1712.02
ord_07660,credit_card,6,9135.43
ord_07661,upi,1,1655.5
ord_07662,upi,1,8722.57
ord_07663,debit_card,1,2674.4
ord_07664,upi,1,2284.73
ord_07665,upi,1,3753.25
ord_07666,credit_card,1,7150.39
ord_07667,credit_card,6,4203.55
ord_07668,credit_card,5,585.06
ord_07669,credit_card,4,1114.55
ord_07670,upi,1,1859.49
ord_07671,credit_card,2,1347.68
ord_07672,debit_card,1,8432.31
ord_07673,credit_card,1,5224.49
ord_07674,cod,1,2455.57
ord_07675,credit_card,3,428.56
ord_07676,credit_card,5,3402.57
ord_07677,cod,1,5983.55
ord_07678,credit_card,1,6209.82
ord_07679,debit_card,1,2054.59
ord_07680,debit_card,1,2029.21
ord_07681,upi,1,1633.36
ord_07682,upi,1,10547.0
ord_07683,credit_card,4,758.32
ord_07684,credit_card,3,706.64
ord_07685,upi,1,774.41
ord_07686,credit_card,3,7508.71
ord_07687,upi,1,1368.94
ord_07688,cod,1,5897.06
ord_07689,credit_card,4,3766.6
ord_07690,upi,1,7569.23
ord_07691,upi,1,7858.77
ord_07692,upi,1,1129.98
ord_07693,cod,1,164.38
ord_07694,debit_card,1,1194.97
ord_07695,credit_card,6,2006.46
ord_07696,credit_card,5,2618.13
ord_07697,credit_card,3,4888.62
ord_07698,cod,1,2712.25
ord_07699,upi,1,6725.05
ord_07700,cod,1,1626.35
ord_07701,upi,1,1130.09
ord_07702,upi,1,1849.5
ord_07703,wallet,1,1776.17
ord_07704,wallet,1,2073.79
ord_07705,credit_card,2,1668.05
ord_07706,cod,1,661.31
ord_07707,debit_card,1,7428.95
ord_07708,cod,1,7130.9
ord_07709,debit_card,1,2789.9
ord_07710,upi,1,6960.54
ord_07711,credit_card,2,9107.46
ord_07712,debit_card,1,2504.93
ord_07713,credit_card,1,10014.66
ord_07714,wallet,1,3214.97
ord_07715,wallet,1,892.48
ord_07716,upi,1,14332.05
ord_07717,credit_card,4,1597.29
ord_07718,wallet,1,1729.71
ord_07719,debit_card,1,8432.27
ord_07720,credit_card,4,6742.05
ord_07721,cod,1,902.57
ord_07722,cod,1,1284.16
ord_07723,cod,1,9784.25
ord_07724,debit_card,1,2326.69
ord_07725,upi,1,3409.91
ord_07726,credit_card,4,5233.51
ord_07727,debit_card,1,8665.8
ord_07728,cod,1,1132.63
ord_07729,credit_card,4,11639.76
ord_07730,wallet,1,7012.64
ord_07731,credit_card,4,350.17
ord_07732,wallet,1,977.46
ord_07733,debit_card,1,1669.27
ord_07734,upi,1,7469.74
ord_07735,credit_card,5,16470.41
ord_07736,upi,1,3120.5
ord_07737,credit_card,1,10036.58
ord_07738,wallet,1,3218.2
ord_07739,debit_card,1,2754.83
ord_07740,upi,1,16194.5
ord_07741,credit_card,5,2118.91
ord_07742,credit_card,6,1668.28
ord_07743,upi,1,3327.04
ord_07744,upi,1,1808.63
ord_07745,credit_card,6,806.96
ord_07746,credit_card,5,1075.44
ord_07747,upi,1,25154.13
ord_07748,credit_card,1,3089.68
ord_07749,cod,1,1536.83
ord_07750,upi,1,593.84
ord_07751,upi,1,17061.53
ord_07752,credit_card,1,884.51
ord_07753,credit_card,5,6005.36
ord_07754,wallet,1,1116.97
ord_07755,credit_card,4,7781.39
ord_07756,upi,1,9508.13
ord_07757,debit_card,1,601.46
ord_07758,debit_card,1,13678.52
ord_07759,debit_card,1,10554.06
ord_07760,upi,1,3233.07
ord_07761,credit_card,5,3166.74
ord_07762,upi,1,2385.42
ord_07763,upi,1,1292.41
ord_07764,cod,1,713.34
ord_07765,debit_card,1,3066.13
ord_07766,upi,1,2190.41
ord_07767,upi,1,18339.59
ord_07768,cod,1,370.14
ord_07769,credit_card,1,1554.91
ord_07770,upi,1,1186.34
ord_07771,debit_card,1,3434.2
ord_07772,credit_card,2,2568.43
ord_07773,credit_card,2,7013.29
ord_07774,upi,1,8018.52
ord_07775,credit_card,4,12423.32
ord_07776,upi,1,8252.04
ord_07777,cod,1,19880.66
ord_07778,credit_card,4,3281.78
ord_07779,debit_card,1,4251.67
ord_07780,upi,1,2931.52
ord_07781,debit_card,1,3071.39
ord_07782,upi,1,884.24
ord_07783,debit_card,1,1635.95
ord_07784,upi,1,979.62
ord_07785,upi,1,7188.58
ord_07786,credit_card,3,7706.93
ord_07787,upi,1,15866.81
ord_07788,cod,1,2531.35
ord_07789,debit_card,1,7525.0
ord_07790,upi,1,5257.58
ord_07791,upi,1,2249.93
ord_07792,cod,1,1627.45
ord_07793,credit_card,2,4219.5
ord_07794,wallet,1,1053.31
ord_07795,upi,1,2671.39
ord_07796,upi,1,1242.16
ord_07797,upi,1,1187.81
ord_07798,credit_card,4,6083.91
ord_07799,debit_card,1,9535.39
ord_07800,debit_card,1,1229.23
ord_07801,upi,1,1641.45
ord_07802,upi,1,1229.05
ord_07803,debit_card,1,6908.02
ord_07804,upi,1,1631.5
ord_07805,upi,1,1347.63
ord_07806,credit_card,2,2481.3
ord_07807,cod,1,11195.12
ord_07808,debit_card,1,2666.72
ord_07809,upi,1,1977.64
ord_07810,upi,1,2950.18
ord_07811,upi,1,400.19
ord_07812,debit_card,1,18683.22
ord_07813,debit_card,1,6231.59
ord_07814,debit_card,1,1858.05
ord_07815,upi,1,8853.81
ord_07816,upi,1,1786.63
ord_07817,upi,1,6186.61
ord_07818,upi,1,3437.16
ord_07819,upi,1,8953.07
ord_07820,cod,1,1330.46
ord_07821,cod,1,5592.7
ord_07822,wallet,1,7056.4
ord_07823,credit_card,6,1521.92
ord_07824,upi,1,15136.25
ord_07825,wallet,1,6842.05
ord_07826,credit_card,6,2361.14
ord_07827,upi,1,1358.78
ord_07828,debit_card,1,510.53
ord_07829,wallet,1,1613.0
ord_07830,debit_card,1,6458.87
ord_07831,upi,1,20440.14
ord_07832,credit_card,2,2121.47
ord_07833,credit_card,4,434.66
ord_07834,credit_card,6,2055.54
ord_07835,upi,1,8543.13
ord_07836,credit_card,6,1177.8
ord_07837,cod,1,1112.03
ord_07838,upi,1,6790.46
ord_07839,debit_card,1,2209.77
ord_07840,cod,1,1964.82
ord_07841,upi,1,11781.78
ord_07842,debit_card,1,1780.56
ord_07843,credit_card,4,790.6
ord_07844,credit_card,3,698.79
ord_07845,wallet,1,1135.25
ord_07846,debit_card,1,8994.68
ord_07847,credit_card,5,2676.83
ord_07848,upi,1,7407.28
ord_07849,debit_card,1,2400.22
ord_07850,upi,1,14112.19
ord_07851,credit_card,3,2026.84
ord_07852,credit_card,2,2564.07
ord_07853,upi,1,5954.18
ord_07854,credit_card,4,1007.41
ord_07855,credit_card,1,6192.07
ord_07856,debit_card,1,421.29
ord_07857,upi,1,11076.56
ord_07858,debit_card,1,1221.91
ord_07859,cod,1,11409.76
ord_07860,upi,1,7216.51
ord_07861,cod,1,7759.87
ord_07862,credit_card,5,5714.29
ord_07863,upi,1,8287.59
ord_07864,credit_card,2,9692.8
ord_07865,upi,1,383.52
ord_07866,wallet,1,2244.55
ord_07867,upi,1,1085.44
ord_07868,upi,1,5072.28
ord_07869,credit_card,3,1660.65
ord_07870,upi,1,9068.58
ord_07871,credit_card,4,1078.97
ord_07872,credit_card,1,10431.62
ord_07873,wallet,1,1673.01
ord_07874,debit_card,1,1489.7
ord_07875,upi,1,727.65
ord_07876,upi,1,1868.05
ord_07877,upi,1,937.44
ord_07878,wallet,1,2330.19
ord_07879,cod,1,8166.18
ord_07880,credit_card,1,1624.33
ord_07881,upi,1,3010.51
ord_07882,upi,1,2149.06
ord_07883,debit_card,1,6176.68
ord_07884,upi,1,512.5
ord_07885,cod,1,5843.61
ord_07886,upi,1,9225.74
ord_07887,upi,1,10585.77
ord_07888,upi,1,4174.91
ord_07889,wallet,1,2379.94
ord_07890,credit_card,4,228.13
ord_07891,cod,1,7316.06
ord_07892,debit_card,1,511.66
ord_07893,credit_card,4,1262.53
ord_07894,wallet,1,1134.52
ord_07895,wallet,1,4197.41
ord_07896,credit_card,3,6874.32
ord_07897,cod,1,1353.72
ord_07898,debit_card,1,1201.09
ord_07899,credit_card,1,3331.43
ord_07900,cod,1,11462.77
ord_07901,credit_card,4,7605.34
ord_07902,credit_card,5,16078.99
ord_07903,credit_card,6,731.75
ord_07904,cod,1,6350.35
ord_07905,debit_card,1,10899.6
ord_07906,debit_card,1,828.55
ord_07907,upi,1,7184.55
ord_07908,upi,1,478.39
ord_07909,credit_card,2,8137.64
ord_07910,upi,1,469.19
ord_07911,upi,1,1411.42
ord_07912,upi,1,7240.54
ord_07913,debit_card,1,14994.78
ord_07914,cod,1,1408.58
ord_07915,credit_card,5,1608.59
ord_07916,debit_card,1,1724.06
ord_07917,credit_card,6,9887.67
ord_07918,credit_card,1,1798.55
ord_07919,debit_card,1,2774.18
ord_07920,upi,1,2078.18
ord_07921,credit_card,1,1698.41
ord_07922,upi,1,1463.86
ord_07923,upi,1,7638.24
ord_07924,upi,1,9035.23
ord_07925,upi,1,9257.35
ord_07926,credit_card,5,5602.2
ord_07927,upi,1,7107.81
ord_07928,upi,1,4212.2
ord_07929,upi,1,6307.7
ord_07930,upi,1,883.48
ord_07931,upi,1,3719.9
ord_07932,wallet,1,4303.88
ord_07933,upi,1,5014.97
ord_07934,credit_card,6,8730.54
ord_07935,debit_card,1,1832.72
ord_07936,upi,1,8632.76
ord_07937,upi,1,13016.18
ord_07938,upi,1,2087.94
ord_07939,cod,1,9389.58
ord_07940,credit_card,3,468.91
ord_07941,upi,1,8294.46
ord_07942,upi,1,1104.82
ord_07943,credit_card,2,7114.82
ord_07944,debit_card,1,6456.45
ord_07945,cod,1,1352.22
ord_07946,upi,1,516.51
ord_07947,credit_card,4,18978.97
ord_07948,debit_card,1,416.82
ord_07949,credit_card,5,5893.22
ord_07950,upi,1,1777.37
ord_07951,upi,1,3694.44
ord_07952,wallet,1,14697.12
ord_07953,upi,1,884.05
ord_07954,credit_card,3,942.43
ord_07955,upi,1,482.81
ord_07956,upi,1,1317.81
ord_07957,wallet,1,1653.39
ord_07958,credit_card,6,542.38
ord_07959,upi,1,1342.4
ord_07960,upi,1,8004.27
ord_07961,credit_card,3,2979.58
ord_07962,upi,1,6870.9
ord_07963,upi,1,1855.08
ord_07964,upi,1,5421.1
ord_07965,upi,1,11543.34
ord_07966,credit_card,2,3792.33
ord_07967,upi,1,1196.14
ord_07968,upi,1,13915.31
ord_07969,credit_card,6,2254.48
ord_07970,cod,1,430.15
ord_07971,upi,1,1805.57
ord_07972,credit_card,3,2347.6
ord_07973,wallet,1,7951.69
ord_07974,upi,1,11674.63
ord_07975,credit_card,2,874.51
ord_07976,credit_card,2,2160.33
ord_07977,credit_card,3,1103.84
ord_07978,wallet,1,6176.68
ord_07979,debit_card,1,2719.11
ord_07980,debit_card,1,916.62
ord_07981,upi,1,9031.43
ord_07982,debit_card,1,829.78
ord_07983,debit_card,1,681.19
ord_07984,cod,1,6861.19
ord_07985,cod,1,7659.62
ord_07986,upi,1,936.74
ord_07987,upi,1,18387.46
ord_07988,wallet,1,2621.82
ord_07989,upi,1,2670.02
ord_07990,credit_card,4,471.45
ord_07991,debit_card,1,872.34
ord_07992,credit_card,6,2724.5
ord_07993,credit_card,6,3896.53
ord_07994,upi,1,8020.97
ord_07995,upi,1,221.39
ord_07996,credit_card,2,1215.83
ord_07997,upi,1,18138.32
ord_07998,credit_card,1,7144.14
ord_07999,upi,1,805.3
ord_08000,upi,1,6266.76
ord_08001,credit_card,3,2513.61
ord_08002,debit_card,1,1161.11
ord_08003,wallet,1,10013.45
ord_08004,debit_card,1,829.79
ord_08005,wallet,1,3685.03
ord_08006,upi,1,1431.03
ord_08007,cod,1,2275.62
ord_08008,upi,1,13051.98
ord_08009,upi,1,8161.4
ord_08010,credit_card,2,5872.93
ord_08011,credit_card,5,4178.98
ord_08012,debit_card,1,193.15
ord_08013,wallet,1,3336.41
ord_08014,upi,1,6325.56
ord_08015,cod,1,7887.6
ord_08016,cod,1,1425.02
ord_08017,credit_card,1,406.5
ord_08018,credit_card,6,1110.84
ord_08019,cod,1,1176.01
ord_08020,wallet,1,2220.47
ord_08021,debit_card,1,3005.29
ord_08022,upi,1,1074.77
ord_08023,credit_card,6,9242.05
ord_08024,credit_card,1,1524.12
ord_08025,cod,1,1813.24
ord_08026,credit_card,5,1991.26
ord_08027,credit_card,2,2113.82
ord_08028,upi,1,9372.18
ord_08029,upi,1,17533.05
ord_08030,upi,1,541.18
ord_08031,credit_card,5,1229.37
ord_08032,upi,1,7942.8
ord_08033,cod,1,1089.41
ord_08034,wallet,1,1200.76
ord_08035,upi,1,2588.46
ord_08036,credit_card,2,18126.56
ord_08037,upi,1,3220.12
ord_08038,upi,1,758.8
ord_08039,credit_card,4,5718.78
ord_08040,credit_card,5,930.98
ord_08041,wallet,1,2715.68
ord_08042,credit_card,2,4232.21
ord_08043,debit_card,1,1427.81
ord_08044,upi,1,7158.63
ord_08045,debit_card,1,7561.57
ord_08046,credit_card,2,9621.44
ord_08047,upi,1,8725.57
ord_08048,upi,1,493.69
ord_08049,wallet,1,2994.81
ord_08050,credit_card,4,3775.02
ord_08051,upi,1,13677.66
ord_08052,upi,1,635.93
ord_08053,cod,1,9274.66
ord_08054,credit_card,1,1918.39
ord_08055,credit_card,2,1282.83
ord_08056,credit_card,6,8571.73
ord_08057,debit_card,1,2606.57
ord_08058,debit_card,1,4153.49
ord_08059,upi,1,8203.12
ord_08060,upi,1,1262.79
ord_08061,upi,1,14220.36
ord_08062,upi,1,422.42
ord_08063,credit_card,2,9960.9
ord_08064,upi,1,7546.93
ord_08065,upi,1,2421.07
ord_08066,upi,1,2415.55
ord_08067,upi,1,10642.0
ord_08068,credit_card,6,11113.27
ord_08069,upi,1,9688.31
ord_08070,cod,1,504.62
ord_08071,credit_card,4,1671.48
ord_08072,upi,1,1112.13
ord_08073,credit_card,5,593.04
ord_08074,debit_card,1,441.48
ord_08075,debit_card,1,1003.1
ord_08076,credit_card,2,1387.26
ord_08077,credit_card,5,7356.66
ord_08078,cod,1,5978.29
ord_08079,cod,1,7408.04
ord_08080,upi,1,1032.52
ord_08081,upi,1,12558.03
ord_08082,cod,1,1012.31
ord_08083,wallet,1,16610.32
ord_08084,credit_card,5,6586.11
ord_08085,credit_card,5,6928.02
ord_08086,credit_card,6,6713.13
ord_08087,upi,1,3293.25
ord_08088,wallet,1,9485.58
ord_08089,upi,1,2871.12
ord_08090,upi,1,17310.49
ord_08091,credit_card,1,551.12
ord_08092,cod,1,1806.6
ord_08093,wallet,1,2269.42
ord_08094,wallet,1,484.48
ord_08095,credit_card,3,4704.81
ord_08096,wallet,1,11540.61
ord_08097,credit_card,2,4972.75
ord_08098,wallet,1,1384.46
ord_08099,cod,1,6379.58
ord_08100,upi,1,301.65
ord_08101,credit_card,5,6322.26
ord_08102,upi,1,714.07
ord_08103,debit_card,1,876.92
ord_08104,upi,1,550.22
ord_08105,debit_card,1,1031.36
ord_08106,wallet,1,15754.02
ord_08107,credit_card,1,511.45
ord_08108,credit_card,4,2214.93
ord_08109,upi,1,5763.14
ord_08110,debit_card,1,841.01
ord_08111,credit_card,1,12404.93
ord_08112,wallet,1,24567.46
ord_08113,upi,1,1954.87
ord_08114,wallet,1,7411.69
ord_08115,credit_card,6,8265.5
ord_08116,credit_card,6,1454.21
ord_08117,upi,1,11140.74
ord_08118,upi,1,9740.23
ord_08119,credit_card,5,4267.26
ord_08120,upi,1,750.65
ord_08121,upi,1,5543.89
ord_08122,upi,1,16198.87
ord_08123,upi,1,15627.68
ord_08124,debit_card,1,12948.98
ord_08125,wallet,1,17016.11
ord_08126,wallet,1,1037.97
ord_08127,upi,1,9230.32
ord_08128,credit_card,2,3642.63
ord_08129,credit_card,4,1433.83
ord_08130,credit_card,5,2891.35
ord_08131,cod,1,9207.57
ord_08132,upi,1,7582.18
ord_08133,credit_card,5,8029.57
ord_08134,debit_card,1,13657.72
ord_08135,upi,1,2222.54
ord_08136,upi,1,15729.15
ord_08137,upi,1,5471.95
ord_08138,credit_card,3,466.21
ord_08139,upi,1,6111.44
ord_08140,upi,1,10325.57
ord_08141,upi,1,10328.39
ord_08142,upi,1,5250.73
ord_08143,credit_card,1,5460.03
ord_08144,upi,1,4318.79
ord_08145,upi,1,5627.03
ord_08146,upi,1,2417.31
ord_08147,wallet,1,1228.51
ord_08148,upi,1,1291.86
ord_08149,credit_card,4,5706.08
ord_08150,cod,1,1023.53
ord_08151,cod,1,8711.07
ord_08152,credit_card,6,19114.19
ord_08153,debit_card,1,2258.62
ord_08154,upi,1,5950.03
ord_08155,cod,1,3426.7
ord_08156,credit_card,3,3625.66
ord_08157,credit_card,1,1215.79
ord_08158,debit_card,1,13076.63
ord_08159,upi,1,7314.38
ord_08160,upi,1,6785.04
ord_08161,credit_card,5,336.0
ord_08162,credit_card,1,2566.88
ord_08163,upi,1,7391.72
ord_08164,cod,1,11410.07
ord_08165,credit_card,5,2692.01
ord_08166,debit_card,1,4205.34
ord_08167,credit_card,2,7295.18
ord_08168,upi,1,8996.38
ord_08169,upi,1,2192.88
ord_08170,credit_card,2,18610.96
ord_08171,upi,1,5065.61
ord_08172,wallet,1,8036.9
ord_08173,upi,1,358.46
ord_08174,credit_card,6,995.57
ord_08175,credit_card,2,6541.49
ord_08176,upi,1,9807.48
ord_08177,credit_card,3,4977.13
ord_08178,credit_card,6,4501.34
ord_08179,debit_card,1,4148.53
ord_08180,upi,1,2376.72
ord_08181,credit_card,5,13551.46
ord_08182,wallet,1,3078.13
ord_08183,upi,1,300.03
ord_08184,credit_card,1,11272.96
ord_08185,debit_card,1,3938.6
ord_08186,upi,1,1802.54
ord_08187,credit_card,2,6262.61
ord_08188,upi,1,1066.94
ord_08189,upi,1,1246.6
ord_08190,upi,1,3972.15
ord_08191,wallet,1,9414.97
ord_08192,upi,1,1272.87
ord_08193,upi,1,1638.43
ord_08194,credit_card,2,11033.19
ord_08195,debit_card,1,10693.53
ord_08196,credit_card,6,1148.77
ord_08197,credit_card,6,426.38
ord_08198,upi,1,1594.4
ord_08199,credit_card,1,7972.95
ord_08200,upi,1,9004.87
ord_08201,wallet,1,7878.39
ord_08202,wallet,1,2556.29
ord_08203,debit_card,1,5922.13
ord_08204,upi,1,1141.0
ord_08205,wallet,1,1805.13
ord_08206,credit_card,6,503.24
ord_08207,upi,1,6791.65
ord_08208,credit_card,1,9529.21
ord_08209,credit_card,6,502.62
ord_08210,upi,1,820.86
ord_08211,upi,1,1820.4
ord_08212,upi,1,963.68
ord_08213,debit_card,1,504.21
ord_08214,upi,1,11145.89
ord_08215,credit_card,5,7586.28
ord_08216,upi,1,3608.0
ord_08217,upi,1,1048.99
ord_08218,debit_card,1,1591.62
ord_08219,credit_card,3,2071.7
ord_08220,upi,1,6188.47
ord_08221,upi,1,15304.12
ord_08222,credit_card,1,9893.2
ord_08223,upi,1,7268.64
ord_08224,credit_card,3,3728.56
ord_08225,upi,1,4252.1
ord_08226,upi,1,1298.37
ord_08227,credit_card,5,811.25
ord_08228,debit_card,1,8575.61
ord_08229,upi,1,15003.53
ord_08230,debit_card,1,1823.87
ord_08231,upi,1,10537.85
ord_08232,upi,1,7936.23
ord_08233,upi,1,5118.7
ord_08234,upi,1,5961.66
ord_08235,credit_card,4,854.58
ord_08236,upi,1,6188.42
ord_08237,credit_card,2,1945.72
ord_08238,cod,1,754.04
ord_08239,credit_card,4,3792.69
ord_08240,upi,1,2879.4
ord_08241,debit_card,1,1982.79
ord_08242,debit_card,1,8705.3
ord_08243,upi,1,1174.35
ord_08244,wallet,1,4758.15
ord_08245,debit_card,1,7921.97
ord_08246,upi,1,16819.98
ord_08247,upi,1,7732.41
ord_08248,credit_card,4,1134.5
ord_08249,cod,1,4506.43
ord_08250,debit_card,1,1081.35
ord_08251,credit_card,1,935.7
ord_08252,cod,1,10092.36
ord_08253,upi,1,2504.44
ord_08254,upi,1,623.83
ord_08255,wallet,1,10979.98
ord_08256,credit_card,1,2369.45
ord_08257,credit_card,3,9219.04
ord_08258,upi,1,9182.27
ord_08259,upi,1,8563.62
ord_08260,credit_card,1,3170.84
ord_08261,credit_card,4,4191.06
ord_08262,upi,1,10316.24
ord_08263,wallet,1,3470.63
ord_08264,cod,1,1248.14
ord_08265,upi,1,750.16
ord_08266,wallet,1,3962.87
ord_08267,wallet,1,1001.62
ord_08268,cod,1,1038.75
ord_08269,cod,1,1075.48
ord_08270,upi,1,884.03
ord_08271,debit_card,1,1061.85
ord_08272,cod,1,361.82
ord_08273,cod,1,1981.8
ord_08274,debit_card,1,11268.97
ord_08275,cod,1,12330.76
ord_08276,upi,1,6906.13
ord_08277,upi,1,3524.7
ord_08278,credit_card,4,1068.66
ord_08279,credit_card,2,6292.17
ord_08280,credit_card,2,6928.67
ord_08281,credit_card,4,627.7
ord_08282,debit_card,1,11331.95
ord_08283,credit_card,3,2216.4
ord_08284,cod,1,3829.59
ord_08285,upi,1,270.16
ord_08286,cod,1,1232.78
ord_08287,upi,1,236.17
ord_08288,upi,1,906.31
ord_08289,debit_card,1,17396.76
ord_08290,wallet,1,2040.57
ord_08291,debit_card,1,1196.67
ord_08292,credit_card,1,9695.78
ord_08293,upi,1,9621.72
ord_08294,wallet,1,2925.84
ord_08295,upi,1,6029.29
ord_08296,cod,1,2667.41
ord_08297,debit_card,1,9386.79
ord_08298,cod,1,9440.77
ord_08299,cod,1,8886.92
ord_08300,upi,1,13734.97
ord_08301,cod,1,8024.07
ord_08302,credit_card,3,9784.6
ord_08303,wallet,1,1555.66
ord_08304,cod,1,1917.46
ord_08305,upi,1,9013.77
ord_08306,credit_card,6,429.48
ord_08307,upi,1,404.54
ord_08308,upi,1,1683.65
ord_08309,wallet,1,1642.34
ord_08310,credit_card,1,2111.73
ord_08311,upi,1,3352.0
ord_08312,debit_card,1,842.85
ord_08313,credit_card,3,1916.67
ord_08314,credit_card,2,1845.46
ord_08315,debit_card,1,7222.37
ord_08316,credit_card,1,13234.25
ord_08317,upi,1,11088.03
ord_08318,wallet,1,473.78
ord_08319,cod,1,1528.13
ord_08320,upi,1,10072.59
ord_08321,upi,1,872.25
ord_08322,upi,1,3565.28
ord_08323,upi,1,13475.61
ord_08324,credit_card,1,1959.06
ord_08325,debit_card,1,515.2
ord_08326,upi,1,6896.02
ord_08327,credit_card,1,3762.35
ord_08328,upi,1,6825.54
ord_08329,upi,1,5951.51
ord_08330,upi,1,3457.14
ord_08331,upi,1,4218.06
ord_08332,credit_card,5,725.28
ord_08333,upi,1,593.18
ord_08334,credit_card,4,5325.34
ord_08335,upi,1,664.6
ord_08336,credit_card,4,1888.9
ord_08337,upi,1,1038.73
ord_08338,wallet,1,5825.59
ord_08339,upi,1,7198.47
ord_08340,cod,1,1593.29
ord_08341,wallet,1,2330.06
ord_08342,debit_card,1,637.74
ord_08343,debit_card,1,7189.58
ord_08344,credit_card,5,3865.21
ord_08345,upi,1,1304.01
ord_08346,upi,1,6905.23
ord_08347,cod,1,1801.04
ord_08348,credit_card,2,6967.22
ord_08349,credit_card,6,7306.22
ord_08350,upi,1,16006.74
ord_08351,credit_card,2,9153.38
ord_08352,credit_card,3,8103.69
ord_08353,wallet,1,2482.75
ord_08354,credit_card,5,1282.17
ord_08355,wallet,1,11592.27
ord_08356,credit_card,6,8352.69
ord_08357,credit_card,6,7317.35
ord_08358,credit_card,6,27056.15
ord_08359,upi,1,1093.69
ord_08360,credit_card,2,8595.68
ord_08361,wallet,1,1488.01
ord_08362,cod,1,9157.05
ord_08363,cod,1,1552.52
ord_08364,credit_card,3,2031.61
ord_08365,debit_card,1,7070.39
ord_08366,cod,1,1218.93
ord_08367,upi,1,1954.01
ord_08368,credit_card,5,3161.67
ord_08369,credit_card,5,550.06
ord_08370,upi,1,9928.95
ord_08371,credit_card,2,965.1
ord_08372,upi,1,1670.84
ord_08373,wallet,1,2082.34
ord_08374,upi,1,6318.03
ord_08375,upi,1,6686.38
ord_08376,upi,1,3874.78
ord_08377,credit_card,5,7875.94
ord_08378,cod,1,6247.36
ord_08379,upi,1,1551.2
ord_08380,debit_card,1,4526.7
ord_08381,cod,1,800.8
ord_08382,upi,1,258.33
ord_08383,cod,1,2255.73
ord_08384,upi,1,3457.93
ord_08385,upi,1,2289.24
ord_08386,cod,1,977.64
ord_08387,debit_card,1,13003.9
ord_08388,credit_card,1,876.64
ord_08389,debit_card,1,1085.84
ord_08390,credit_card,3,1354.07
ord_08391,cod,1,679.25
ord_08392,credit_card,6,1478.2
ord_08393,credit_card,3,3085.29
ord_08394,upi,1,3694.99
ord_08395,wallet,1,705.0
ord_08396,wallet,1,9222.85
ord_08397,credit_card,1,489.96
ord_08398,upi,1,750.73
ord_08399,upi,1,949.58
ord_08400,upi,1,7787.67
ord_08401,cod,1,5454.7
ord_08402,debit_card,1,3244.87
ord_08403,credit_card,5,20772.41
ord_08404,upi,1,884.78
ord_08405,cod,1,1734.12
ord_08406,credit_card,1,600.19
ord_08407,upi,1,2180.99
ord_08408,credit_card,2,11384.47
ord_08409,credit_card,6,322.02
ord_08410,upi,1,7820.4
ord_08411,credit_card,3,455.64
ord_08412,credit_card,1,829.27
ord_08413,upi,1,15975.36
ord_08414,cod,1,7447.75
ord_08415,upi,1,10106.46
ord_08416,wallet,1,3018.13
ord_08417,credit_card,3,7529.44
ord_08418,upi,1,1485.9
ord_08419,upi,1,16509.43
ord_08420,wallet,1,1899.84
ord_08421,upi,1,2201.36
ord_08422,credit_card,4,5116.08
ord_08423,credit_card,1,951.16
ord_08424,credit_card,6,1520.02
ord_08425,credit_card,4,2587.47
ord_08426,upi,1,8188.34
ord_08427,debit_card,1,1437.79
ord_08428,cod,1,8820.39
ord_08429,cod,1,7819.74
ord_08430,upi,1,970.77
ord_08431,upi,1,1064.08
ord_08432,upi,1,1800.17
ord_08433,upi,1,12593.15
ord_08434,credit_card,5,5668.42
ord_08435,credit_card,1,14256.5
ord_08436,debit_card,1,8188.51
ord_08437,upi,1,1425.48
ord_08438,credit_card,2,20511.66
ord_08439,upi,1,1716.19
ord_08440,credit_card,3,848.22
ord_08441,credit_card,6,1927.38
ord_08442,credit_card,5,3217.57
ord_08443,upi,1,7366.13
ord_08444,upi,1,14375.18
ord_08445,cod,1,3482.1
ord_08446,upi,1,866.51
ord_08447,credit_card,4,9411.9
ord_08448,wallet,1,975.09
ord_08449,upi,1,7832.19
ord_08450,debit_card,1,3058.93
ord_08451,upi,1,5266.86
ord_08452,upi,1,1607.04
ord_08453,upi,1,7992.66
ord_08454,upi,1,4379.34
ord_08455,wallet,1,1087.18
ord_08456,upi,1,15330.85
ord_08457,credit_card,1,932.25
ord_08458,wallet,1,6168.51
ord_08459,cod,1,816.49
ord_08460,debit_card,1,6265.43
ord_08461,cod,1,8957.28
ord_08462,upi,1,9605.63
ord_08463,upi,1,2048.62
ord_08464,wallet,1,5588.9
ord_08465,upi,1,1618.39
ord_08466,upi,1,804.12
ord_08467,credit_card,3,8091.91
ord_08468,debit_card,1,1826.54
ord_08469,cod,1,1124.69
ord_08470,cod,1,10101.63
ord_08471,debit_card,1,1151.7
ord_08472,credit_card,3,1507.65
ord_08473,debit_card,1,6121.26
ord_08474,cod,1,3913.2
ord_08475,credit_card,5,2602.42
ord_08476,debit_card,1,8855.65
ord_08477,cod,1,10635.16
ord_08478,upi,1,18875.44
ord_08479,wallet,1,10450.86
ord_08480,cod,1,415.01
ord_08481,upi,1,3065.95
ord_08482,debit_card,1,4436.73
ord_08483,wallet,1,598.91
ord_08484,upi,1,6109.2
ord_08485,credit_card,4,2756.51
ord_08486,cod,1,1754.39
ord_08487,credit_card,1,1738.19
ord_08488,upi,1,987.73
ord_08489,upi,1,13226.96
ord_08490,credit_card,4,7292.72
ord_08491,credit_card,6,1983.72
ord_08492,credit_card,6,3326.48
ord_08493,debit_card,1,6594.15
ord_08494,credit_card,3,1267.0
ord_08495,credit_card,2,866.12
ord_08496,credit_card,6,9513.29
ord_08497,upi,1,744.84
ord_08498,credit_card,5,491.17
ord_08499,credit_card,3,783.22
ord_08500,cod,1,4212.77
ord_08501,wallet,1,13774.83
ord_08502,upi,1,6346.28
ord_08503,debit_card,1,1614.13
ord_08504,debit_card,1,767.7
ord_08505,upi,1,789.94
ord_08506,upi,1,4131.44
ord_08507,upi,1,14369.99
ord_08508,credit_card,3,1767.74
ord_08509,debit_card,1,12213.29
ord_08510,cod,1,1826.44
ord_08511,upi,1,967.1
ord_08512,upi,1,473.01
ord_08513,cod,1,10445.28
ord_08514,credit_card,3,639.51
ord_08515,credit_card,2,1995.07
ord_08516,upi,1,12080.43
ord_08517,upi,1,1779.51
ord_08518,credit_card,6,413.81
ord_08519,credit_card,3,1962.14
ord_08520,credit_card,4,7812.65
ord_08521,credit_card,4,688.32
ord_08522,cod,1,749.57
ord_08523,cod,1,1055.7
ord_08524,upi,1,5569.3
ord_08525,debit_card,1,786.94
ord_08526,credit_card,1,2125.65
ord_08527,cod,1,2065.29
ord_08528,credit_card,6,6573.77
ord_08529,upi,1,7518.15
ord_08530,credit_card,6,10914.14
ord_08531,upi,1,5314.67
ord_08532,credit_card,2,7711.67
ord_08533,upi,1,821.35
ord_08534,cod,1,8686.9
ord_08535,upi,1,3625.21
ord_08536,upi,1,463.67
ord_08537,debit_card,1,5347.51
ord_08538,wallet,1,3869.58
ord_08539,credit_card,3,2797.14
ord_08540,upi,1,1905.5
ord_08541,credit_card,3,3479.54
ord_08542,upi,1,3447.28
ord_08543,credit_card,1,7012.65
ord_08544,upi,1,5862.17
ord_08545,wallet,1,478.31
ord_08546,credit_card,2,17417.79
ord_08547,cod,1,638.11
ord_08548,credit_card,4,7614.09
ord_08549,cod,1,11848.43
ord_08550,debit_card,1,8531.67
ord_08551,upi,1,6085.16
ord_08552,upi,1,1618.36
ord_08553,credit_card,1,20268.56
ord_08554,credit_card,3,3043.81
ord_08555,credit_card,1,834.73
ord_08556,credit_card,1,1829.53
ord_08557,upi,1,3381.78
ord_08558,upi,1,1152.02
ord_08559,cod,1,11236.51
ord_08560,credit_card,3,839.24
ord_08561,cod,1,1608.34
ord_08562,upi,1,1156.75
ord_08563,cod,1,653.33
ord_08564,credit_card,6,8474.33
ord_08565,wallet,1,10029.6
ord_08566,upi,1,3577.53
ord_08567,debit_card,1,6877.78
ord_08568,credit_card,5,13013.07
ord_08569,wallet,1,1974.39
ord_08570,credit_card,4,8755.91
ord_08571,upi,1,1412.47
ord_08572,upi,1,7690.04
ord_08573,debit_card,1,1881.9
ord_08574,upi,1,4376.82
ord_08575,upi,1,8261.67
ord_08576,upi,1,9092.53
ord_08577,wallet,1,10779.49
ord_08578,credit_card,4,7489.34
ord_08579,credit_card,6,835.38
ord_08580,upi,1,8002.59
ord_08581,upi,1,808.63
ord_08582,credit_card,3,485.43
ord_08583,wallet,1,7788.72
ord_08584,upi,1,1030.65
ord_08585,credit_card,2,18033.87
ord_08586,debit_card,1,848.67
ord_08587,credit_card,3,2963.31
ord_08588,debit_card,1,4293.45
ord_08589,upi,1,5538.15
ord_08590,upi,1,2092.34
ord_08591,upi,1,11376.07
ord_08592,upi,1,7139.89
ord_08593,credit_card,3,7383.86
ord_08594,credit_card,6,8489.46
ord_08595,credit_card,2,615.49
ord_08596,debit_card,1,8744.84
ord_08597,upi,1,9429.4
ord_08598,upi,1,10804.19
ord_08599,credit_card,5,1731.25
ord_08600,debit_card,1,200.23
ord_08601,upi,1,16392.66
ord_08602,credit_card,2,11476.77
ord_08603,upi,1,391.5
ord_08604,debit_card,1,1996.99
ord_08605,credit_card,3,528.31
ord_08606,credit_card,4,1337.27
ord_08607,debit_card,1,2511.56
ord_08608,upi,1,1697.55
ord_08609,credit_card,2,1448.41
ord_08610,cod,1,12864.84
ord_08611,wallet,1,544.1
ord_08612,credit_card,5,859.96
ord_08613,upi,1,5561.94
ord_08614,upi,1,7409.41
ord_08615,upi,1,1408.88
ord_08616,upi,1,1709.24
ord_08617,debit_card,1,9182.28
ord_08618,credit_card,1,697.34
ord_08619,wallet,1,1904.13
ord_08620,cod,1,1800.49
ord_08621,wallet,1,1094.3
ord_08622,upi,1,2512.61
ord_08623,upi,1,9714.19
ord_08624,debit_card,1,9740.74
ord_08625,debit_card,1,4503.04
ord_08626,credit_card,6,581.12
ord_08627,upi,1,977.83
ord_08628,wallet,1,1934.35
ord_08629,credit_card,1,7813.42
ord_08630,upi,1,8800.83
ord_08631,debit_card,1,1288.16
ord_08632,wallet,1,2711.22
ord_08633,credit_card,2,2192.73
ord_08634,debit_card,1,5333.88
ord_08635,credit_card,1,1394.93
ord_08636,debit_card,1,2047.52
ord_08637,wallet,1,739.14
ord_08638,debit_card,1,1754.61
ord_08639,wallet,1,2547.16
ord_08640,credit_card,1,3703.32
ord_08641,debit_card,1,3560.02
ord_08642,credit_card,6,3078.89
ord_08643,cod,1,16495.88
ord_08644,credit_card,4,870.54
ord_08645,upi,1,1838.25
ord_08646,credit_card,5,1160.47
ord_08647,upi,1,10395.05
ord_08648,upi,1,5784.02
ord_08649,upi,1,11585.52
ord_08650,credit_card,4,388.69
ord_08651,upi,1,6523.37
ord_08652,debit_card,1,1273.2
ord_08653,credit_card,4,1167.89
ord_08654,upi,1,261.1
ord_08655,debit_card,1,3596.05
ord_08656,wallet,1,1021.84
ord_08657,wallet,1,1402.04
ord_08658,debit_card,1,18354.54
ord_08659,credit_card,1,9339.34
ord_08660,credit_card,1,5090.62
ord_08661,wallet,1,2805.01
ord_08662,upi,1,9099.14
ord_08663,upi,1,4813.34
ord_08664,credit_card,1,516.47
ord_08665,debit_card,1,5232.47
ord_08666,cod,1,757.64
ord_08667,cod,1,12304.61
ord_08668,debit_card,1,392.75
ord_08669,debit_card,1,1642.25
ord_08670,cod,1,523.0
ord_08671,upi,1,2086.84
ord_08672,upi,1,7678.17
ord_08673,upi,1,291.33
ord_08674,credit_card,2,1802.7
ord_08675,debit_card,1,8259.19
ord_08676,credit_card,4,11629.5
ord_08677,wallet,1,13675.53
ord_08678,cod,1,10830.59
ord_08679,credit_card,1,3161.79
ord_08680,credit_card,1,1416.78
ord_08681,cod,1,1798.93
ord_08682,upi,1,1136.5
ord_08683,wallet,1,466.15
ord_08684,debit_card,1,2345.71
ord_08685,credit_card,1,1514.42
ord_08686,credit_card,3,4865.39
ord_08687,upi,1,1551.32
ord_08688,upi,1,2041.06
ord_08689,wallet,1,4191.01
ord_08690,upi,1,10019.68
ord_08691,upi,1,12968.2
ord_08692,credit_card,5,864.84
ord_08693,credit_card,1,1100.31
ord_08694,upi,1,8013.6
ord_08695,upi,1,8155.88
ord_08696,upi,1,2195.79
ord_08697,upi,1,8541.6
ord_08698,credit_card,2,368.46
ord_08699,debit_card,1,2222.12
ord_08700,upi,1,18889.89
ord_08701,cod,1,1596.57
ord_08702,upi,1,362.59
ord_08703,upi,1,1069.19
ord_08704,upi,1,12465.94
ord_08705,credit_card,6,1783.52
ord_08706,credit_card,2,8487.01
ord_08707,upi,1,1549.57
ord_08708,cod,1,452.59
ord_08709,upi,1,2289.17
ord_08710,upi,1,15602.27
ord_08711,cod,1,1854.73
ord_08712,cod,1,1377.68
ord_08713,upi,1,3953.51
ord_08714,credit_card,6,868.5
ord_08715,cod,1,10485.71
ord_08716,wallet,1,725.87
ord_08717,credit_card,5,1474.62
ord_08718,upi,1,999.35
ord_08719,upi,1,8938.3
ord_08720,upi,1,2839.9
ord_08721,upi,1,5086.17
ord_08722,wallet,1,549.72
ord_08723,upi,1,11633.72
ord_08724,upi,1,4489.13
ord_08725,credit_card,4,2694.89
ord_08726,credit_card,3,7085.19
ord_08727,credit_card,6,2287.57
ord_08728,upi,1,3200.67
ord_08729,credit_card,1,703.8
ord_08730,upi,1,5801.39
ord_08731,upi,1,7044.76
ord_08732,upi,1,2939.3
ord_08733,upi,1,815.39
ord_08734,upi,1,6626.33
ord_08735,credit_card,2,1828.03
ord_08736,upi,1,949.33
ord_08737,upi,1,8235.62
ord_08738,wallet,1,498.23
ord_08739,upi,1,1747.12
ord_08740,credit_card,5,12111.58
ord_08741,upi,1,639.98
ord_08742,upi,1,1955.45
ord_08743,upi,1,8472.27
ord_08744,upi,1,11365.8
ord_08745,upi,1,640.75
ord_08746,upi,1,21219.12
ord_08747,credit_card,4,3237.93
ord_08748,wallet,1,2130.81
ord_08749,wallet,1,7433.52
ord_08750,wallet,1,4178.17
ord_08751,credit_card,2,989.46
ord_08752,upi,1,5959.28
ord_08753,upi,1,1240.29
ord_08754,upi,1,846.38
ord_08755,upi,1,1304.64
ord_08756,wallet,1,13096.61
ord_08757,credit_card,6,1739.95
ord_08758,credit_card,2,402.83
ord_08759,cod,1,26042.04
ord_08760,credit_card,4,14199.42
ord_08761,upi,1,744.95
ord_08762,wallet,1,2043.67
ord_08763,credit_card,5,20988.16
ord_08764,credit_card,1,3646.5
ord_08765,upi,1,1891.35
ord_08766,wallet,1,436.33
ord_08767,cod,1,2228.33
ord_08768,upi,1,5128.32
ord_08769,upi,1,4073.13
ord_08770,upi,1,3191.31
ord_08771,upi,1,6221.99
ord_08772,credit_card,6,3059.39
ord_08773,upi,1,8313.31
ord_08774,upi,1,2209.85
ord_08775,debit_card,1,2120.9
ord_08776,credit_card,4,8027.9
ord_08777,cod,1,9629.37
ord_08778,upi,1,3131.37
ord_08779,credit_card,1,5767.53
ord_08780,cod,1,495.34
ord_08781,upi,1,7780.83
ord_08782,upi,1,7370.43
ord_08783,wallet,1,3324.52
ord_08784,wallet,1,1099.16
ord_08785,cod,1,14531.73
ord_08786,upi,1,638.08
ord_08787,upi,1,9270.4
ord_08788,cod,1,7864.55
ord_08789,credit_card,1,719.18
ord_08790,upi,1,2882.02
ord_08791,debit_card,1,1299.34
ord_08792,credit_card,2,8763.16
ord_08793,cod,1,12888.82
ord_08794,wallet,1,1369.94
ord_08795,credit_card,1,4060.56
ord_08796,upi,1,1010.73
ord_08797,credit_card,3,16800.82
ord_08798,debit_card,1,3736.53
ord_08799,debit_card,1,9301.7
ord_08800,upi,1,8818.19
ord_08801,wallet,1,3890.0
ord_08802,credit_card,3,2013.68
ord_08803,credit_card,4,3132.62
ord_08804,wallet,1,11798.6
ord_08805,upi,1,1014.76
ord_08806,upi,1,7261.47
ord_08807,upi,1,8185.08
ord_08808,wallet,1,1757.6
ord_08809,upi,1,632.93
ord_08810,debit_card,1,3670.87
ord_08811,upi,1,1210.94
ord_08812,debit_card,1,1509.34
ord_08813,upi,1,8437.0
ord_08814,wallet,1,927.05
ord_08815,credit_card,1,3132.38
ord_08816,upi,1,453.34
ord_08817,cod,1,3501.6
ord_08818,credit_card,6,5063.26
ord_08819,cod,1,7609.25
ord_08820,upi,1,5279.33
ord_08821,upi,1,6638.04
ord_08822,debit_card,1,11359.53
ord_08823,cod,1,13192.0
ord_08824,upi,1,1527.68
ord_08825,debit_card,1,674.94
ord_08826,credit_card,2,1139.81
ord_08827,upi,1,6884.48
ord_08828,upi,1,4130.91
ord_08829,upi,1,3438.48
ord_08830,upi,1,1945.09
ord_08831,credit_card,1,1069.85
ord_08832,credit_card,3,12961.21
ord_08833,upi,1,1322.87
ord_08834,upi,1,1392.49
ord_08835,cod,1,7391.13
ord_08836,credit_card,1,477.98
ord_08837,credit_card,2,1247.57
ord_08838,credit_card,6,4099.56
ord_08839,upi,1,2577.52
ord_08840,wallet,1,2032.17
ord_08841,credit_card,4,588.97
ord_08842,credit_card,6,7502.46
ord_08843,upi,1,4893.15
ord_08844,wallet,1,6551.25
ord_08845,debit_card,1,8516.56
ord_08846,credit_card,3,1780.63
ord_08847,upi,1,1188.67
ord_08848,cod,1,1793.94
ord_08849,upi,1,6162.6
ord_08850,upi,1,2718.62
ord_08851,debit_card,1,8905.37
ord_08852,upi,1,757.94
ord_08853,upi,1,1936.5
ord_08854,debit_card,1,3503.6
ord_08855,wallet,1,1424.61
ord_08856,cod,1,9814.27
ord_08857,debit_card,1,7141.83
ord_08858,debit_card,1,12615.05
ord_08859,upi,1,2194.11
ord_08860,credit_card,1,10230.44
ord_08861,upi,1,1305.58
ord_08862,wallet,1,3103.03
ord_08863,credit_card,5,1238.69
ord_08864,upi,1,8333.81
ord_08865,credit_card,3,1367.38
ord_08866,credit_card,1,9619.58
ord_08867,credit_card,3,12458.05
ord_08868,credit_card,3,3382.63
ord_08869,credit_card,5,7666.98
ord_08870,cod,1,565.71
ord_08871,wallet,1,14047.12
ord_08872,credit_card,2,6010.42
ord_08873,credit_card,2,1786.09
ord_08874,upi,1,792.15
ord_08875,debit_card,1,3450.88
ord_08876,credit_card,6,3112.97
ord_08877,credit_card,4,1577.91
ord_08878,upi,1,1699.8
ord_08879,upi,1,7839.41
ord_08880,credit_card,2,10195.41
ord_08881,upi,1,1982.07
ord_08882,wallet,1,964.92
ord_08883,cod,1,16436.23
ord_08884,cod,1,7068.43
ord_08885,credit_card,6,1964.59
ord_08886,upi,1,5265.36
ord_08887,credit_card,2,1626.54
ord_08888,wallet,1,12438.63
ord_08889,credit_card,2,570.22
ord_08890,upi,1,1998.3
ord_08891,upi,1,3705.95
ord_08892,debit_card,1,9978.13
ord_08893,upi,1,1920.74
ord_08894,upi,1,10429.78
ord_08895,credit_card,1,605.58
ord_08896,credit_card,6,7857.52
ord_08897,upi,1,15439.29
ord_08898,upi,1,1194.88
ord_08899,upi,1,9749.01
ord_08900,upi,1,16006.97
ord_08901,upi,1,2847.72
ord_08902,upi,1,1080.8
ord_08903,credit_card,5,6279.06
ord_08904,cod,1,2426.6
ord_08905,upi,1,1200.75
ord_08906,credit_card,4,9339.26
ord_08907,credit_card,1,8447.61
ord_08908,upi,1,11187.91
ord_08909,upi,1,701.28
ord_08910,credit_card,1,423.94
ord_08911,debit_card,1,457.03
ord_08912,credit_card,6,3471.5
ord_08913,wallet,1,3805.7
ord_08914,wallet,1,5142.08
ord_08915,upi,1,6911.7
ord_08916,upi,1,1572.38
ord_08917,wallet,1,775.37
ord_08918,upi,1,1090.37
ord_08919,cod,1,3404.1
ord_08920,credit_card,6,1230.71
ord_08921,credit_card,2,1387.65
ord_08922,upi,1,3464.49
ord_08923,upi,1,2295.06
ord_08924,upi,1,2227.08
ord_08925,credit_card,2,4267.97
ord_08926,upi,1,656.53
ord_08927,debit_card,1,1763.46
ord_08928,credit_card,3,2690.24
ord_08929,upi,1,1434.75
ord_08930,wallet,1,8325.54
ord_08931,upi,1,6961.18
ord_08932,credit_card,1,997.25
ord_08933,upi,1,11125.37
ord_08934,debit_card,1,4860.77
ord_08935,credit_card,3,6657.58
ord_08936,credit_card,6,1768.13
ord_08937,cod,1,1184.23
ord_08938,debit_card,1,10374.98
ord_08939,wallet,1,13280.72
ord_08940,debit_card,1,8162.55
ord_08941,debit_card,1,4432.99
ord_08942,wallet,1,1630.18
ord_08943,wallet,1,5331.93
ord_08944,upi,1,3941.64
ord_08945,credit_card,5,13153.73
ord_08946,wallet,1,6045.01
ord_08947,credit_card,2,502.8
ord_08948,upi,1,9342.83
ord_08949,upi,1,8627.05
ord_08950,upi,1,4482.6
ord_08951,upi,1,8910.07
ord_08952,upi,1,6034.34
ord_08953,cod,1,9210.6
ord_08954,credit_card,1,9536.24
ord_08955,debit_card,1,9025.29
ord_08956,upi,1,9342.65
ord_08957,cod,1,1680.56
ord_08958,debit_card,1,3136.3
ord_08959,cod,1,7255.85
ord_08960,credit_card,3,3834.57
ord_08961,credit_card,2,16254.61
ord_08962,wallet,1,6831.95
ord_08963,upi,1,6411.26
ord_08964,wallet,1,7368.9
ord_08965,upi,1,2801.28
ord_08966,credit_card,5,1411.56
ord_08967,debit_card,1,998.07
ord_08968,upi,1,1427.95
ord_08969,cod,1,439.56
ord_08970,credit_card,4,7828.5
ord_08971,debit_card,1,3299.05
ord_08972,upi,1,2631.08
ord_08973,upi,1,3366.25
ord_08974,credit_card,4,1977.47
ord_08975,cod,1,976.16
ord_08976,upi,1,963.83
ord_08977,upi,1,20319.98
ord_08978,cod,1,8035.9
ord_08979,upi,1,17481.25
ord_08980,upi,1,7303.07
ord_08981,wallet,1,13299.63
ord_08982,upi,1,2568.12
ord_08983,credit_card,5,8880.73
ord_08984,credit_card,4,5996.45
ord_08985,credit_card,3,393.09
ord_08986,cod,1,8274.02
ord_08987,credit_card,6,11564.65
ord_08988,debit_card,1,7440.22
ord_08989,upi,1,1482.62
ord_08990,credit_card,3,2578.37
ord_08991,upi,1,5848.54
ord_08992,credit_card,1,4400.95
ord_08993,credit_card,1,2391.33
ord_08994,debit_card,1,402.6
ord_08995,debit_card,1,9424.36
ord_08996,wallet,1,1667.97
ord_08997,wallet,1,1839.24
ord_08998,credit_card,1,1963.09
ord_08999,credit_card,5,335.15
ord_09000,upi,1,2053.7
ord_09001,credit_card,3,8412.63
ord_09002,credit_card,2,3604.77
ord_09003,upi,1,5008.57
ord_09004,upi,1,7270.34
ord_09005,wallet,1,823.25
ord_09006,cod,1,4534.18
ord_09007,cod,1,10483.14
ord_09008,wallet,1,376.5
ord_09009,upi,1,417.78
ord_09010,upi,1,390.46
ord_09011,wallet,1,1949.24
ord_09012,wallet,1,18782.23
ord_09013,debit_card,1,9283.83
ord_09014,cod,1,3772.7
ord_09015,credit_card,6,2257.63
ord_09016,upi,1,9862.27
ord_09017,debit_card,1,2979.34
ord_09018,credit_card,2,610.21
ord_09019,credit_card,2,6030.0
ord_09020,credit_card,2,2913.57
ord_09021,debit_card,1,3733.32
ord_09022,credit_card,2,2232.27
ord_09023,upi,1,1242.14
ord_09024,upi,1,9708.28
ord_09025,upi,1,457.23
ord_09026,upi,1,3813.04
ord_09027,upi,1,890.72
ord_09028,cod,1,1759.61
ord_09029,credit_card,6,12694.82
ord_09030,cod,1,730.21
ord_09031,debit_card,1,665.61
ord_09032,upi,1,3251.31
ord_09033,upi,1,2943.85
ord_09034,wallet,1,1607.88
ord_09035,upi,1,1088.12
ord_09036,upi,1,8749.53
ord_09037,debit_card,1,2100.18
ord_09038,credit_card,5,754.95
ord_09039,wallet,1,9136.38
ord_09040,wallet,1,1882.44
ord_09041,upi,1,1130.71
ord_09042,upi,1,1816.21
ord_09043,upi,1,4130.27
ord_09044,upi,1,3509.14
ord_09045,cod,1,355.43
ord_09046,upi,1,1769.99
ord_09047,cod,1,882.12
ord_09048,credit_card,2,7764.73
ord_09049,upi,1,8251.22
ord_09050,upi,1,9834.52
ord_09051,debit_card,1,1349.37
ord_09052,wallet,1,7665.39
ord_09053,debit_card,1,724.26
ord_09054,upi,1,492.1
ord_09055,cod,1,2249.53
ord_09056,wallet,1,3286.81
ord_09057,debit_card,1,1354.13
ord_09058,wallet,1,2503.51
ord_09059,credit_card,1,12337.03
ord_09060,credit_card,4,2044.13
ord_09061,cod,1,1419.75
ord_09062,debit_card,1,9964.35
ord_09063,upi,1,689.99
ord_09064,upi,1,5116.21
ord_09065,upi,1,7952.86
ord_09066,upi,1,6903.79
ord_09067,upi,1,479.37
ord_09068,upi,1,360.66
ord_09069,upi,1,12515.19
ord_09070,debit_card,1,10232.57
ord_09071,credit_card,3,561.6
ord_09072,debit_card,1,6317.17
ord_09073,cod,1,1363.52
ord_09074,upi,1,18814.37
ord_09075,upi,1,1775.11
ord_09076,upi,1,496.9
ord_09077,cod,1,1046.09
ord_09078,credit_card,3,896.1
ord_09079,upi,1,1466.51
ord_09080,cod,1,2301.32
ord_09081,upi,1,1834.1
ord_09082,upi,1,7303.46
ord_09083,cod,1,3827.53
ord_09084,upi,1,846.87
ord_09085,credit_card,3,7169.53
ord_09086,debit_card,1,5557.0
ord_09087,credit_card,6,10402.76
ord_09088,credit_card,3,4983.47
ord_09089,upi,1,2487.98
ord_09090,cod,1,1597.66
ord_09091,credit_card,4,3532.51
ord_09092,credit_card,5,1514.36
ord_09093,cod,1,11647.93
ord_09094,upi,1,4019.39
ord_09095,credit_card,2,7298.82
ord_09096,wallet,1,1522.94
ord_09097,upi,1,9628.99
ord_09098,credit_card,1,7044.64
ord_09099,upi,1,931.98
ord_09100,credit_card,5,4074.93
ord_09101,credit_card,1,3697.06
ord_09102,credit_card,2,1775.32
ord_09103,upi,1,1704.74
ord_09104,cod,1,6318.68
ord_09105,cod,1,486.13
ord_09106,cod,1,7159.16
ord_09107,wallet,1,1570.86
ord_09108,cod,1,873.7
ord_09109,upi,1,1752.15
ord_09110,debit_card,1,13677.61
ord_09111,upi,1,8755.25
ord_09112,credit_card,5,6646.42
ord_09113,credit_card,3,872.17
ord_09114,credit_card,4,8750.68
ord_09115,upi,1,6638.67
ord_09116,upi,1,8941.97
ord_09117,wallet,1,2177.78
ord_09118,credit_card,2,1176.61
ord_09119,wallet,1,488.96
ord_09120,debit_card,1,3838.99
ord_09121,debit_card,1,1122.37
ord_09122,wallet,1,4038.56
ord_09123,upi,1,248.19
ord_09124,cod,1,398.42
ord_09125,credit_card,6,16187.5
ord_09126,credit_card,5,6232.33
ord_09127,debit_card,1,3665.17
ord_09128,credit_card,6,1188.06
ord_09129,credit_card,4,352.65
ord_09130,upi,1,8471.53
ord_09131,cod,1,1362.52
ord_09132,upi,1,5630.71
ord_09133,credit_card,4,6820.61
ord_09134,upi,1,2192.67
ord_09135,credit_card,5,1445.52
ord_09136,upi,1,2137.89
ord_09137,wallet,1,1371.23
ord_09138,credit_card,4,748.26
ord_09139,upi,1,10317.76
ord_09140,upi,1,10457.57
ord_09141,upi,1,9408.23
ord_09142,upi,1,1483.03
ord_09143,credit_card,2,3073.1
ord_09144,credit_card,2,2041.05
ord_09145,credit_card,6,4300.28
ord_09146,upi,1,7699.15
ord_09147,upi,1,2130.93
ord_09148,cod,1,3865.41
ord_09149,debit_card,1,3750.96
ord_09150,cod,1,2610.25
ord_09151,debit_card,1,2019.91
ord_09152,upi,1,5577.3
ord_09153,credit_card,1,7815.78
ord_09154,upi,1,1535.6
ord_09155,upi,1,2212.26
ord_09156,cod,1,716.82
ord_09157,upi,1,1126.53
ord_09158,upi,1,2803.36
ord_09159,cod,1,1902.05
ord_09160,upi,1,658.85
ord_09161,upi,1,345.4
ord_09162,upi,1,853.67
ord_09163,credit_card,3,8432.53
ord_09164,cod,1,8667.03
ord_09165,cod,1,5594.88
ord_09166,debit_card,1,1986.69
ord_09167,upi,1,8553.81
ord_09168,upi,1,603.51
ord_09169,credit_card,1,808.83
ord_09170,upi,1,1804.27
ord_09171,upi,1,2134.32
ord_09172,debit_card,1,1039.2
ord_09173,upi,1,799.46
ord_09174,upi,1,9085.11
ord_09175,debit_card,1,17406.67
ord_09176,debit_card,1,1445.48
ord_09177,credit_card,2,3274.71
ord_09178,upi,1,6770.34
ord_09179,upi,1,1823.22
ord_09180,credit_card,3,2687.16
ord_09181,upi,1,7471.2
ord_09182,cod,1,678.92
ord_09183,upi,1,9260.15
ord_09184,upi,1,8683.87
ord_09185,upi,1,7844.99
ord_09186,credit_card,3,1800.83
ord_09187,credit_card,1,547.05
ord_09188,upi,1,7807.01
ord_09189,wallet,1,3664.95
ord_09190,upi,1,7268.88
ord_09191,wallet,1,6208.67
ord_09192,upi,1,2154.54
ord_09193,upi,1,16136.73
ord_09194,debit_card,1,1975.84
ord_09195,credit_card,1,13790.81
ord_09196,credit_card,2,635.98
ord_09197,debit_card,1,4432.59
ord_09198,upi,1,6587.08
ord_09199,upi,1,2595.36
ord_09200,upi,1,908.28
ord_09201,credit_card,4,13533.83
ord_09202,debit_card,1,4368.7
ord_09203,credit_card,6,11975.92
ord_09204,credit_card,3,1255.18
ord_09205,credit_card,5,957.99
ord_09206,cod,1,2299.17
ord_09207,credit_card,1,1154.89
ord_09208,credit_card,5,2199.85
ord_09209,upi,1,6754.22
ord_09210,credit_card,6,8481.78
ord_09211,cod,1,1050.13
ord_09212,credit_card,5,1595.37
ord_09213,upi,1,10808.21
ord_09214,credit_card,4,1591.5
ord_09215,upi,1,727.11
ord_09216,wallet,1,5960.44
ord_09217,upi,1,5757.89
ord_09218,credit_card,4,3138.02
ord_09219,upi,1,15099.37
ord_09220,credit_card,5,5167.69
ord_09221,credit_card,5,2548.67
ord_09222,credit_card,4,4861.42
ord_09223,debit_card,1,7038.83
ord_09224,credit_card,2,590.49
ord_09225,upi,1,6264.34
ord_09226,upi,1,424.89
ord_09227,upi,1,2663.78
ord_09228,credit_card,5,1348.04
ord_09229,upi,1,14725.08
ord_09230,credit_card,1,2968.1
ord_09231,upi,1,2725.32
ord_09232,cod,1,8390.03
ord_09233,credit_card,2,930.4
ord_09234,upi,1,1130.04
ord_09235,cod,1,3886.74
ord_09236,wallet,1,8679.35
ord_09237,upi,1,778.4
ord_09238,credit_card,2,3740.65
ord_09239,credit_card,6,8047.25
ord_09240,upi,1,10991.46
ord_09241,upi,1,7598.93
ord_09242,credit_card,5,2149.78
ord_09243,upi,1,1239.71
ord_09244,credit_card,5,4946.82
ord_09245,credit_card,2,954.68
ord_09246,upi,1,16191.09
ord_09247,wallet,1,914.16
ord_09248,credit_card,4,7611.86
ord_09249,debit_card,1,12280.71
ord_09250,debit_card,1,10581.03
ord_09251,upi,1,8296.12
ord_09252,upi,1,7285.81
ord_09253,credit_card,2,1870.95
ord_09254,cod,1,860.93
ord_09255,upi,1,13466.17
ord_09256,credit_card,1,400.39
ord_09257,wallet,1,2715.4
ord_09258,credit_card,6,12525.86
ord_09259,credit_card,4,376.87
ord_09260,upi,1,1137.79
ord_09261,upi,1,8625.7
ord_09262,credit_card,3,5184.52
ord_09263,cod,1,16746.28
ord_09264,cod,1,12435.42
ord_09265,debit_card,1,2697.23
ord_09266,credit_card,3,1346.38
ord_09267,debit_card,1,1502.11
ord_09268,wallet,1,17323.1
ord_09269,credit_card,1,3997.42
ord_09270,cod,1,7128.43
ord_09271,upi,1,3252.44
ord_09272,upi,1,2410.89
ord_09273,upi,1,7046.35
ord_09274,upi,1,441.81
ord_09275,upi,1,1228.57
ord_09276,upi,1,6062.26
ord_09277,upi,1,1284.72
ord_09278,upi,1,572.96
ord_09279,cod,1,406.66
ord_09280,cod,1,4520.86
ord_09281,wallet,1,5645.21
ord_09282,credit_card,4,12191.88
ord_09283,upi,1,2076.22
ord_09284,wallet,1,8036.31
ord_09285,credit_card,4,2912.69
ord_09286,upi,1,451.31
ord_09287,upi,1,383.85
ord_09288,upi,1,6702.38
ord_09289,upi,1,613.33
ord_09290,upi,1,1497.85
ord_09291,upi,1,4132.74
ord_09292,debit_card,1,402.18
ord_09293,cod,1,14210.15
ord_09294,upi,1,3605.88
ord_09295,credit_card,6,6971.12
ord_09296,debit_card,1,774.99
ord_09297,cod,1,6437.32
ord_09298,credit_card,1,1164.96
ord_09299,wallet,1,1882.1
ord_09300,upi,1,276.62
ord_09301,debit_card,1,13192.67
ord_09302,upi,1,12735.22
ord_09303,upi,1,1767.0
ord_09304,wallet,1,565.56
ord_09305,upi,1,1853.45
ord_09306,cod,1,1055.78
ord_09307,upi,1,790.78
ord_09308,debit_card,1,9357.24
ord_09309,debit_card,1,973.06
ord_09310,upi,1,3314.18
ord_09311,upi,1,1407.7
ord_09312,upi,1,7442.59
ord_09313,credit_card,3,8914.04
ord_09314,cod,1,3124.67
ord_09315,upi,1,452.63
ord_09316,upi,1,8515.3
ord_09317,upi,1,14622.4
ord_09318,upi,1,1787.68
ord_09319,credit_card,6,3616.06
ord_09320,cod,1,3010.87
ord_09321,wallet,1,584.07
ord_09322,credit_card,6,7914.06
ord_09323,cod,1,6774.67
ord_09324,upi,1,514.03
ord_09325,upi,1,198.9
ord_09326,upi,1,1041.85
ord_09327,upi,1,9325.47
ord_09328,cod,1,2129.78
ord_09329,upi,1,7333.31
ord_09330,upi,1,7809.43
ord_09331,upi,1,2124.46
ord_09332,debit_card,1,4481.17
ord_09333,credit_card,3,3124.58
ord_09334,cod,1,2276.84
ord_09335,upi,1,7920.73
ord_09336,upi,1,1767.17
ord_09337,upi,1,740.89
ord_09338,credit_card,2,3077.05
ord_09339,upi,1,2298.12
ord_09340,upi,1,969.17
ord_09341,credit_card,5,1121.3
ord_09342,credit_card,2,459.3
ord_09343,debit_card,1,1035.36
ord_09344,upi,1,4468.13
ord_09345,upi,1,8338.39
ord_09346,upi,1,12399.82
ord_09347,upi,1,416.71
ord_09348,upi,1,5796.49
ord_09349,cod,1,8426.5
ord_09350,cod,1,1874.16
ord_09351,upi,1,8063.85
ord_09352,credit_card,4,1078.5
ord_09353,upi,1,2865.8
ord_09354,upi,1,12151.62
ord_09355,upi,1,393.49
ord_09356,debit_card,1,1437.44
ord_09357,debit_card,1,2338.87
ord_09358,credit_card,2,3316.58
ord_09359,credit_card,1,1261.13
ord_09360,debit_card,1,563.09
ord_09361,debit_card,1,716.88
ord_09362,upi,1,668.46
ord_09363,debit_card,1,9643.61
ord_09364,cod,1,1195.1
ord_09365,credit_card,3,2456.16
ord_09366,wallet,1,1616.3
ord_09367,upi,1,13467.55
ord_09368,upi,1,2827.1
ord_09369,upi,1,8385.61
ord_09370,debit_card,1,10542.88
ord_09371,credit_card,4,1545.31
ord_09372,upi,1,8872.66
ord_09373,upi,1,14475.77
ord_09374,upi,1,930.72
ord_09375,credit_card,1,442.22
ord_09376,credit_card,3,2624.13
ord_09377,upi,1,2567.18
ord_09378,debit_card,1,1020.7
ord_09379,cod,1,2441.14
ord_09380,wallet,1,453.79
ord_09381,credit_card,3,3444.99
ord_09382,credit_card,4,7294.63
ord_09383,credit_card,4,2374.03
ord_09384,credit_card,2,6227.32
ord_09385,debit_card,1,821.73
ord_09386,debit_card,1,1818.23
ord_09387,cod,1,2560.17
ord_09388,cod,1,4278.41
ord_09389,wallet,1,1862.87
ord_09390,upi,1,2595.4
ord_09391,credit_card,3,1921.34
ord_09392,upi,1,529.83
ord_09393,upi,1,608.7
ord_09394,credit_card,6,11647.54
ord_09395,credit_card,4,10266.78
ord_09396,cod,1,8625.44
ord_09397,credit_card,5,8928.92
ord_09398,cod,1,10777.91
ord_09399,wallet,1,994.3
ord_09400,credit_card,4,6420.19
ord_09401,cod,1,5638.36
ord_09402,credit_card,2,2061.5
ord_09403,credit_card,4,273.29
ord_09404,upi,1,358.77
ord_09405,debit_card,1,390.73
ord_09406,cod,1,1253.18
ord_09407,upi,1,3231.94
ord_09408,upi,1,3712.71
ord_09409,wallet,1,13221.05
ord_09410,upi,1,858.54
ord_09411,credit_card,4,502.46
ord_09412,upi,1,9840.72
ord_09413,upi,1,6916.08
ord_09414,credit_card,3,1432.17
ord_09415,upi,1,9307.23
ord_09416,credit_card,3,15878.45
ord_09417,upi,1,9835.26
ord_09418,upi,1,2308.46
ord_09419,cod,1,2111.49
ord_09420,credit_card,2,2837.65
ord_09421,credit_card,6,2647.87
ord_09422,credit_card,5,8598.17
ord_09423,wallet,1,465.49
ord_09424,debit_card,1,7019.31
ord_09425,upi,1,1617.89
ord_09426,credit_card,3,2749.33
ord_09427,upi,1,2006.67
ord_09428,cod,1,876.17
ord_09429,upi,1,7007.78
ord_09430,upi,1,1229.63
ord_09431,debit_card,1,2212.07
ord_09432,upi,1,10503.9
ord_09433,credit_card,1,5026.64
ord_09434,credit_card,6,3612.48
ord_09435,upi,1,8755.04
ord_09436,upi,1,221.83
ord_09437,upi,1,9633.61
ord_09438,debit_card,1,1207.48
ord_09439,upi,1,2761.23
ord_09440,credit_card,5,497.71
ord_09441,debit_card,1,6616.37
ord_09442,credit_card,6,2023.33
ord_09443,credit_card,6,4827.11
ord_09444,credit_card,2,7648.11
ord_09445,credit_card,2,1598.38
ord_09446,debit_card,1,6904.34
ord_09447,wallet,1,1363.96
ord_09448,credit_card,4,650.74
ord_09449,cod,1,375.74
ord_09450,upi,1,11147.11
ord_09451,upi,1,2100.61
ord_09452,credit_card,3,2813.81
ord_09453,credit_card,4,11336.12
ord_09454,wallet,1,8207.52
ord_09455,upi,1,1284.53
ord_09456,upi,1,1713.2
ord_09457,credit_card,5,4650.58
ord_09458,upi,1,493.97
ord_09459,upi,1,1230.97
ord_09460,wallet,1,1618.01
ord_09461,upi,1,2005.57
ord_09462,upi,1,3108.32
ord_09463,upi,1,4445.51
ord_09464,upi,1,1283.42
ord_09465,cod,1,1479.95
ord_09466,wallet,1,1918.51
ord_09467,upi,1,1499.97
ord_09468,debit_card,1,5056.69
ord_09469,upi,1,3726.47
ord_09470,upi,1,5990.0
ord_09471,upi,1,9918.33
ord_09472,upi,1,956.53
ord_09473,credit_card,6,1372.21
ord_09474,debit_card,1,440.95
ord_09475,credit_card,6,1184.89
ord_09476,debit_card,1,1096.77
ord_09477,upi,1,10043.91
ord_09478,cod,1,7817.38
ord_09479,credit_card,6,1798.75
ord_09480,upi,1,10023.99
ord_09481,credit_card,5,571.56
ord_09482,upi,1,2504.53
ord_09483,credit_card,4,497.38
ord_09484,credit_card,3,532.15
ord_09485,debit_card,1,1683.78
ord_09486,cod,1,639.77
ord_09487,upi,1,7188.54
ord_09488,wallet,1,817.3
ord_09489,upi,1,818.35
ord_09490,credit_card,2,1230.86
ord_09491,upi,1,2608.73
ord_09492,cod,1,5727.32
ord_09493,upi,1,1200.86
ord_09494,debit_card,1,659.06
ord_09495,credit_card,2,7418.11
ord_09496,credit_card,6,4178.8
ord_09497,debit_card,1,4504.79
ord_09498,credit_card,6,1286.24
ord_09499,credit_card,2,1493.77
ord_09500,credit_card,6,17898.98
ord_09501,wallet,1,8415.29
ord_09502,credit_card,1,3327.96
ord_09503,wallet,1,1218.87
ord_09504,credit_card,5,760.46
ord_09505,upi,1,395.62
ord_09506,credit_card,4,6724.09
ord_09507,upi,1,518.0
ord_09508,upi,1,1861.64
ord_09509,credit_card,5,5749.44
ord_09510,debit_card,1,2033.58
ord_09511,credit_card,1,2842.42
ord_09512,cod,1,2094.22
ord_09513,credit_card,2,7364.38
ord_09514,upi,1,3110.52
ord_09515,credit_card,6,3377.24
ord_09516,cod,1,1748.2
ord_09517,upi,1,438.96
ord_09518,wallet,1,4232.51
ord_09519,credit_card,2,296.81
ord_09520,cod,1,9265.0
ord_09521,credit_card,3,11569.59
ord_09522,upi,1,161.01
ord_09523,wallet,1,1163.13
ord_09524,debit_card,1,1097.56
ord_09525,cod,1,462.37
ord_09526,upi,1,2106.3
ord_09527,credit_card,1,2888.62
ord_09528,upi,1,1841.69
ord_09529,cod,1,15551.58
ord_09530,cod,1,9764.14
ord_09531,credit_card,2,12136.69
ord_09532,credit_card,4,15738.57
ord_09533,cod,1,5915.77
ord_09534,cod,1,1857.61
ord_09535,credit_card,5,389.02
ord_09536,credit_card,5,477.75
ord_09537,credit_card,6,6762.3
ord_09538,credit_card,2,659.31
ord_09539,wallet,1,3749.48
ord_09540,upi,1,1046.35
ord_09541,credit_card,1,2612.35
ord_09542,cod,1,22257.45
ord_09543,credit_card,3,11164.31
ord_09544,cod,1,4963.81
ord_09545,debit_card,1,1663.87
ord_09546,cod,1,24247.52
ord_09547,upi,1,1715.99
ord_09548,wallet,1,1196.78
ord_09549,upi,1,857.73
ord_09550,wallet,1,3079.13
ord_09551,upi,1,736.27
ord_09552,cod,1,3993.71
ord_09553,upi,1,511.05
ord_09554,upi,1,1976.7
ord_09555,cod,1,1159.04
ord_09556,upi,1,515.24
ord_09557,upi,1,4239.97
ord_09558,cod,1,1830.93
ord_09559,credit_card,1,862.18
ord_09560,upi,1,7404.73
ord_09561,wallet,1,1227.12
ord_09562,cod,1,2230.77
ord_09563,upi,1,11486.28
ord_09564,debit_card,1,9810.74
ord_09565,cod,1,8691.91
ord_09566,credit_card,1,2937.95
ord_09567,upi,1,8562.31
ord_09568,credit_card,2,10385.11
ord_09569,upi,1,981.94
ord_09570,wallet,1,3520.34
ord_09571,debit_card,1,8591.92
ord_09572,upi,1,819.62
ord_09573,cod,1,11542.25
ord_09574,cod,1,2565.07
ord_09575,debit_card,1,7872.82
ord_09576,upi,1,9847.52
ord_09577,cod,1,8242.13
ord_09578,wallet,1,1277.62
ord_09579,debit_card,1,3405.09
ord_09580,credit_card,5,1966.13
ord_09581,wallet,1,1581.56
ord_09582,upi,1,1823.19
ord_09583,credit_card,2,695.33
ord_09584,credit_card,1,4294.09
ord_09585,credit_card,5,1558.43
ord_09586,credit_card,4,12120.84
ord_09587,upi,1,1036.14
ord_09588,upi,1,15299.52
ord_09589,credit_card,2,1149.84
ord_09590,cod,1,1750.74
ord_09591,upi,1,1864.83
ord_09592,debit_card,1,1724.37
ord_09593,upi,1,3143.22
ord_09594,credit_card,1,9365.67
ord_09595,wallet,1,1164.48
ord_09596,upi,1,684.45
ord_09597,cod,1,3068.47
ord_09598,upi,1,1967.64
ord_09599,credit_card,6,983.71
ord_09600,wallet,1,1004.51
ord_09601,upi,1,1195.83
ord_09602,credit_card,3,833.56
ord_09603,cod,1,4555.24
ord_09604,wallet,1,1541.1
ord_09605,upi,1,682.08
ord_09606,upi,1,7223.52
ord_09607,wallet,1,18547.01
ord_09608,debit_card,1,460.93
ord_09609,upi,1,473.48
ord_09610,upi,1,640.71
ord_09611,cod,1,3888.54
ord_09612,debit_card,1,6140.91
ord_09613,credit_card,5,722.68
ord_09614,upi,1,1875.85
ord_09615,debit_card,1,4893.64
ord_09616,credit_card,6,10810.6
ord_09617,credit_card,5,13729.73
ord_09618,cod,1,788.85
ord_09619,wallet,1,1594.07
ord_09620,debit_card,1,1102.67
ord_09621,credit_card,3,404.76
ord_09622,upi,1,1594.05
ord_09623,cod,1,1486.46
ord_09624,upi,1,848.43
ord_09625,upi,1,634.17
ord_09626,wallet,1,376.13
ord_09627,debit_card,1,6003.19
ord_09628,upi,1,6756.96
ord_09629,upi,1,4845.96
ord_09630,upi,1,584.31
ord_09631,wallet,1,10023.64
ord_09632,upi,1,1528.72
ord_09633,wallet,1,3032.57
ord_09634,upi,1,1290.63
ord_09635,credit_card,6,10445.1
ord_09636,upi,1,5622.58
ord_09637,upi,1,1261.34
ord_09638,upi,1,1050.84
ord_09639,wallet,1,2571.95
ord_09640,credit_card,2,2494.81
ord_09641,upi,1,19583.98
ord_09642,upi,1,2353.31
ord_09643,credit_card,5,10479.42
ord_09644,cod,1,3514.58
ord_09645,credit_card,4,703.56
ord_09646,credit_card,2,512.4
ord_09647,upi,1,1292.14
ord_09648,credit_card,5,3595.63
ord_09649,credit_card,1,1258.53
ord_09650,wallet,1,9829.84
ord_09651,credit_card,4,641.93
ord_09652,debit_card,1,8469.24
ord_09653,wallet,1,3357.2
ord_09654,credit_card,2,1868.33
ord_09655,credit_card,3,1166.35
ord_09656,upi,1,1444.94
ord_09657,credit_card,3,2315.19
ord_09658,upi,1,1445.09
ord_09659,upi,1,3118.19
ord_09660,upi,1,4079.49
ord_09661,debit_card,1,4296.12
ord_09662,debit_card,1,4520.78
ord_09663,debit_card,1,2254.54
ord_09664,upi,1,1571.8
ord_09665,debit_card,1,479.86
ord_09666,credit_card,5,8523.86
ord_09667,credit_card,6,5220.81
ord_09668,upi,1,13267.37
ord_09669,debit_card,1,3794.33
ord_09670,credit_card,5,1332.93
ord_09671,wallet,1,1710.04
ord_09672,upi,1,1619.02
ord_09673,wallet,1,772.91
ord_09674,upi,1,8036.1
ord_09675,credit_card,2,3038.92
ord_09676,credit_card,6,6563.07
ord_09677,credit_card,4,8182.46
ord_09678,credit_card,3,506.14
ord_09679,upi,1,16672.07
ord_09680,credit_card,3,995.78
ord_09681,credit_card,1,627.7
ord_09682,wallet,1,9237.81
ord_09683,debit_card,1,332.43
ord_09684,upi,1,6221.29
ord_09685,upi,1,1288.24
ord_09686,debit_card,1,7418.52
ord_09687,upi,1,1719.54
ord_09688,cod,1,6517.93
ord_09689,upi,1,184.06
ord_09690,credit_card,5,9797.95
ord_09691,credit_card,1,2008.57
ord_09692,cod,1,1568.06
ord_09693,credit_card,3,1180.02
ord_09694,upi,1,4790.47
ord_09695,upi,1,14608.54
ord_09696,credit_card,5,10861.29
ord_09697,debit_card,1,713.67
ord_09698,credit_card,6,8510.75
ord_09699,debit_card,1,3971.61
ord_09700,credit_card,4,6090.51
ord_09701,upi,1,5291.52
ord_09702,credit_card,1,7919.39
ord_09703,upi,1,2134.63
ord_09704,upi,1,2077.13
ord_09705,debit_card,1,2501.96
ord_09706,credit_card,4,4772.05
ord_09707,wallet,1,3578.03
ord_09708,upi,1,299.61
ord_09709,upi,1,16231.65
ord_09710,upi,1,6674.31
ord_09711,debit_card,1,4457.96
ord_09712,upi,1,1616.79
ord_09713,debit_card,1,7909.5
ord_09714,upi,1,3503.5
ord_09715,wallet,1,2576.5
ord_09716,credit_card,5,15076.48
ord_09717,credit_card,6,7827.69
ord_09718,wallet,1,12148.18
ord_09719,upi,1,2571.32
ord_09720,debit_card,1,1102.43
ord_09721,credit_card,1,1940.68
ord_09722,cod,1,13519.21
ord_09723,wallet,1,2477.41
ord_09724,upi,1,589.26
ord_09725,upi,1,9779.18
ord_09726,upi,1,7243.0
ord_09727,debit_card,1,313.44
ord_09728,credit_card,3,8937.62
ord_09729,upi,1,1730.55
ord_09730,debit_card,1,3156.29
ord_09731,wallet,1,12060.76
ord_09732,wallet,1,1254.79
ord_09733,credit_card,1,1515.56
ord_09734,credit_card,3,6183.83
ord_09735,debit_card,1,1033.43
ord_09736,upi,1,12869.7
ord_09737,wallet,1,997.2
ord_09738,credit_card,4,1714.82
ord_09739,upi,1,8591.31
ord_09740,upi,1,8652.71
ord_09741,debit_card,1,1732.75
ord_09742,credit_card,5,9832.54
ord_09743,cod,1,3745.72
ord_09744,credit_card,2,8711.51
ord_09745,cod,1,3566.23
ord_09746,upi,1,603.19
ord_09747,debit_card,1,1440.0
ord_09748,credit_card,6,7537.26
ord_09749,upi,1,1781.11
ord_09750,credit_card,5,3215.29
ord_09751,upi,1,1021.22
ord_09752,upi,1,3931.56
ord_09753,credit_card,1,14802.99
ord_09754,credit_card,5,6086.05
ord_09755,upi,1,1598.3
ord_09756,debit_card,1,11193.42
ord_09757,credit_card,1,1996.53
ord_09758,cod,1,766.47
ord_09759,wallet,1,5388.79
ord_09760,upi,1,1505.57
ord_09761,credit_card,5,932.34
ord_09762,upi,1,768.78
ord_09763,cod,1,4854.63
ord_09764,upi,1,990.41
ord_09765,cod,1,889.41
ord_09766,credit_card,3,1262.63
ord_09767,upi,1,2240.34
ord_09768,upi,1,7658.55
ord_09769,credit_card,1,11282.42
ord_09770,wallet,1,10396.88
ord_09771,upi,1,9390.58
ord_09772,upi,1,2310.17
ord_09773,upi,1,7326.35
ord_09774,upi,1,1910.04
ord_09775,wallet,1,9315.94
ord_09776,upi,1,5431.17
ord_09777,credit_card,2,8204.62
ord_09778,debit_card,1,6421.67
ord_09779,wallet,1,2951.16
ord_09780,credit_card,4,1556.68
ord_09781,credit_card,5,3152.62
ord_09782,wallet,1,8592.02
ord_09783,wallet,1,471.36
ord_09784,cod,1,20518.45
ord_09785,credit_card,4,1577.56
ord_09786,upi,1,844.19
ord_09787,credit_card,5,1181.85
ord_09788,upi,1,3336.28
ord_09789,upi,1,1282.53
ord_09790,cod,1,7485.43
ord_09791,debit_card,1,13450.4
ord_09792,upi,1,1437.26
ord_09793,upi,1,1914.14
ord_09794,upi,1,5266.03
ord_09795,upi,1,1995.17
ord_09796,credit_card,5,546.96
ord_09797,credit_card,1,4178.04
ord_09798,debit_card,1,429.07
ord_09799,upi,1,2014.82
ord_09800,credit_card,4,6585.27
ord_09801,upi,1,11723.5
ord_09802,cod,1,5121.31
ord_09803,credit_card,1,385.86
ord_09804,upi,1,10364.93
ord_09805,upi,1,2298.23
ord_09806,credit_card,1,174.0
ord_09807,debit_card,1,1437.62
ord_09808,debit_card,1,7736.81
ord_09809,upi,1,8596.26
ord_09810,upi,1,519.47
ord_09811,credit_card,4,810.61
ord_09812,upi,1,15982.97
ord_09813,cod,1,2015.49
ord_09814,upi,1,12398.96
ord_09815,credit_card,3,4761.3
ord_09816,wallet,1,1409.94
ord_09817,upi,1,2216.03
ord_09818,credit_card,6,4951.58
ord_09819,credit_card,3,4875.64
ord_09820,cod,1,2712.94
ord_09821,cod,1,556.38
ord_09822,cod,1,671.48
ord_09823,credit_card,5,1076.88
ord_09824,upi,1,1334.69
ord_09825,cod,1,2613.91
ord_09826,credit_card,6,10892.16
ord_09827,upi,1,12099.82
ord_09828,upi,1,3378.09
ord_09829,credit_card,1,2359.45
ord_09830,cod,1,2827.94
ord_09831,debit_card,1,4579.35
ord_09832,cod,1,1798.4
ord_09833,upi,1,8093.83
ord_09834,cod,1,1848.27
ord_09835,cod,1,7487.52
ord_09836,credit_card,6,821.61
ord_09837,credit_card,2,14915.48
ord_09838,upi,1,1090.04
ord_09839,debit_card,1,2214.14
ord_09840,cod,1,1883.45
ord_09841,upi,1,1955.35
ord_09842,upi,1,3635.64
ord_09843,cod,1,3695.91
ord_09844,cod,1,1493.3
ord_09845,debit_card,1,14293.47
ord_09846,credit_card,4,7615.48
ord_09847,credit_card,5,2874.23
ord_09848,upi,1,1907.4
ord_09849,upi,1,209.93
ord_09850,debit_card,1,5789.42
ord_09851,credit_card,6,2144.56
ord_09852,upi,1,13867.75
ord_09853,credit_card,2,2769.72
ord_09854,upi,1,528.43
ord_09855,debit_card,1,7013.61
ord_09856,upi,1,2316.38
ord_09857,upi,1,11279.01
ord_09858,upi,1,2060.61
ord_09859,credit_card,2,3839.62
ord_09860,upi,1,587.97
ord_09861,debit_card,1,776.17
ord_09862,upi,1,507.84
ord_09863,credit_card,3,4593.37
ord_09864,debit_card,1,811.71
ord_09865,credit_card,6,779.04
ord_09866,credit_card,2,8005.02
ord_09867,credit_card,5,10219.32
ord_09868,upi,1,1516.22
ord_09869,upi,1,7933.94
ord_09870,cod,1,2741.85
ord_09871,debit_card,1,9808.98
ord_09872,upi,1,7083.9
ord_09873,upi,1,2263.31
ord_09874,cod,1,2573.71
ord_09875,cod,1,472.36
ord_09876,debit_card,1,428.43
ord_09877,upi,1,1154.02
ord_09878,debit_card,1,679.35
ord_09879,credit_card,2,480.8
ord_09880,credit_card,5,1398.88
ord_09881,debit_card,1,960.48
ord_09882,upi,1,3432.69
ord_09883,credit_card,1,1583.65
ord_09884,credit_card,1,14974.75
ord_09885,upi,1,1170.57
ord_09886,upi,1,1057.66
ord_09887,cod,1,1811.29
ord_09888,wallet,1,3986.99
ord_09889,upi,1,8272.4
ord_09890,cod,1,741.82
ord_09891,credit_card,4,3851.0
ord_09892,upi,1,872.27
ord_09893,upi,1,481.68
ord_09894,upi,1,6890.5
ord_09895,credit_card,5,9460.86
ord_09896,upi,1,1450.28
ord_09897,credit_card,3,1255.99
ord_09898,upi,1,2425.09
ord_09899,cod,1,4579.08
ord_09900,credit_card,5,2476.75
ord_09901,wallet,1,478.36
ord_09902,credit_card,2,8957.86
ord_09903,upi,1,8122.39
ord_09904,cod,1,8977.51
ord_09905,credit_card,1,2757.34
ord_09906,upi,1,4419.93
ord_09907,debit_card,1,5568.53
ord_09908,upi,1,5774.9
ord_09909,upi,1,4121.96
ord_09910,credit_card,3,7559.91
ord_09911,debit_card,1,7596.25
ord_09912,wallet,1,783.16
ord_09913,cod,1,1059.37
ord_09914,debit_card,1,7837.45
ord_09915,credit_card,2,785.79
ord_09916,cod,1,1938.99
ord_09917,upi,1,1917.05
ord_09918,credit_card,4,827.16
ord_09919,credit_card,1,1369.2
ord_09920,wallet,1,9362.03
ord_09921,upi,1,1536.54
ord_09922,debit_card,1,7329.38
ord_09923,debit_card,1,1231.11
ord_09924,debit_card,1,3237.07
ord_09925,upi,1,952.1
ord_09926,debit_card,1,726.66
ord_09927,credit_card,4,1987.15
ord_09928,debit_card,1,9202.42
ord_09929,upi,1,8588.08
ord_09930,upi,1,6821.32
ord_09931,debit_card,1,5390.02
ord_09932,credit_card,2,7171.03
ord_09933,cod,1,462.81
ord_09934,upi,1,3928.59
ord_09935,wallet,1,2946.31
ord_09936,credit_card,4,17889.33
ord_09937,upi,1,7599.58
ord_09938,upi,1,1311.09
ord_09939,debit_card,1,747.44
ord_09940,debit_card,1,9417.67
ord_09941,upi,1,2963.27
ord_09942,credit_card,3,286.67
ord_09943,cod,1,8882.71
ord_09944,debit_card,1,15819.25
ord_09945,debit_card,1,618.34
ord_09946,upi,1,1635.25
ord_09947,wallet,1,11895.13
ord_09948,debit_card,1,1235.45
ord_09949,upi,1,7513.5
ord_09950,credit_card,1,415.94
ord_09951,upi,1,13447.5
ord_09952,upi,1,10720.44
ord_09953,upi,1,5246.11
ord_09954,debit_card,1,5006.3
ord_09955,cod,1,1038.09
ord_09956,upi,1,1956.86
ord_09957,upi,1,932.68
ord_09958,upi,1,488.02
ord_09959,upi,1,2286.84
ord_09960,credit_card,1,15132.29
ord_09961,wallet,1,9929.44
ord_09962,upi,1,3203.26
ord_09963,credit_card,3,9593.92
ord_09964,cod,1,2233.5
ord_09965,upi,1,1777.25
ord_09966,upi,1,8524.3
ord_09967,cod,1,13126.06
ord_09968,debit_card,1,3483.2
ord_09969,cod,1,615.31
ord_09970,upi,1,2871.4
ord_09971,credit_card,4,1523.48
ord_09972,wallet,1,3258.46
ord_09973,upi,1,1762.91
ord_09974,debit_card,1,654.2
ord_09975,credit_card,5,972.65
ord_09976,debit_card,1,13065.9
ord_09977,upi,1,1436.69
ord_09978,upi,1,656.1
ord_09979,upi,1,6870.04
ord_09980,wallet,1,819.08
ord_09981,credit_card,5,3054.12
ord_09982,debit_card,1,9296.04
ord_09983,credit_card,1,7254.14
ord_09984,credit_card,2,748.37
ord_09985,credit_card,3,7327.61
ord_09986,upi,1,1711.54
ord_09987,wallet,1,687.54
ord_09988,wallet,1,12902.97
ord_09989,credit_card,4,1571.61
ord_09990,upi,1,904.8
ord_09991,cod,1,1090.66
ord_09992,credit_card,2,2840.84
ord_09993,credit_card,3,4070.27
ord_09994,upi,1,1631.35
ord_09995,credit_card,2,9309.82
ord_09996,debit_card,1,6844.76
ord_09997,upi,1,3249.68
ord_09998,upi,1,7346.64
ord_09999,upi,1,1839.3
ord_10000,credit_card,6,1316.44
ord_10001,credit_card,2,6065.39
ord_10002,credit_card,6,7686.41
ord_10003,cod,1,2306.77
ord_10004,debit_card,1,2866.67
ord_10005,credit_card,3,1446.86
ord_10006,debit_card,1,3066.31
ord_10007,upi,1,3450.3
ord_10008,upi,1,6491.93
ord_10009,debit_card,1,2537.35
ord_10010,cod,1,4447.17
ord_10011,cod,1,6875.48
ord_10012,cod,1,4031.61
ord_10013,upi,1,10969.84
ord_10014,wallet,1,579.2
ord_10015,wallet,1,2308.32
ord_10016,upi,1,401.17
ord_10017,cod,1,574.39
ord_10018,debit_card,1,13033.57
ord_10019,debit_card,1,1105.95
ord_10020,credit_card,3,10178.81
ord_10021,upi,1,2462.94
ord_10022,debit_card,1,1102.18
ord_10023,upi,1,1421.82
ord_10024,upi,1,5209.11
ord_10025,upi,1,463.02
ord_10026,credit_card,6,232.29
ord_10027,cod,1,2172.93
ord_10028,upi,1,4617.88
ord_10029,credit_card,3,716.7
ord_10030,upi,1,1418.19
ord_10031,upi,1,3182.73
ord_10032,wallet,1,5019.51
ord_10033,credit_card,1,446.63
ord_10034,credit_card,6,10537.92
ord_10035,cod,1,10063.11
ord_10036,credit_card,6,1987.78
ord_10037,upi,1,1625.57
ord_10038,upi,1,10322.44
ord_10039,credit_card,5,537.14
ord_10040,upi,1,6574.38
ord_10041,credit_card,2,9332.3
ord_10042,upi,1,602.63
ord_10043,upi,1,2198.05
ord_10044,credit_card,4,203.49
ord_10045,credit_card,3,8767.12
ord_10046,upi,1,1776.89
ord_10047,debit_card,1,976.13
ord_10048,credit_card,6,10400.3
ord_10049,upi,1,4549.26
ord_10050,credit_card,4,8164.36
ord_10051,debit_card,1,4385.04
ord_10052,credit_card,2,7262.42
ord_10053,debit_card,1,12052.15
ord_10054,cod,1,1226.59
ord_10055,credit_card,1,2759.18
ord_10056,credit_card,3,2343.67
ord_10057,upi,1,4844.41
ord_10058,debit_card,1,8291.28
ord_10059,upi,1,2025.73
ord_10060,upi,1,7162.1
ord_10061,wallet,1,10964.55
ord_10062,wallet,1,840.37
ord_10063,upi,1,1174.29
ord_10064,cod,1,13765.33
ord_10065,upi,1,1280.1
ord_10066,credit_card,3,1146.78
ord_10067,credit_card,3,2389.56
ord_10068,upi,1,3244.49
ord_10069,credit_card,3,3614.08
ord_10070,upi,1,5476.11
ord_10071,debit_card,1,10944.72
ord_10072,credit_card,3,5712.59
ord_10073,credit_card,6,642.0
ord_10074,upi,1,3283.31
ord_10075,upi,1,7454.17
ord_10076,cod,1,2165.25
ord_10077,credit_card,5,11115.27
ord_10078,upi,1,891.29
ord_10079,debit_card,1,8482.81
ord_10080,cod,1,2195.48
ord_10081,cod,1,2292.79
ord_10082,credit_card,1,3753.87
ord_10083,credit_card,2,6329.57
ord_10084,credit_card,5,1569.53
ord_10085,credit_card,6,2205.63
ord_10086,upi,1,20589.32
ord_10087,upi,1,1667.91
ord_10088,cod,1,9777.41
ord_10089,cod,1,14203.39
ord_10090,debit_card,1,616.87
ord_10091,wallet,1,1986.79
ord_10092,wallet,1,5455.32
ord_10093,credit_card,2,7626.87
ord_10094,upi,1,9027.2
ord_10095,credit_card,2,4554.87
ord_10096,wallet,1,8096.29
ord_10097,upi,1,8229.16
ord_10098,upi,1,1162.83
ord_10099,credit_card,4,3112.93
ord_10100,credit_card,3,1378.18
ord_10101,upi,1,10978.69
ord_10102,upi,1,4340.3
ord_10103,upi,1,3178.43
ord_10104,cod,1,9023.63
ord_10105,cod,1,1733.51
ord_10106,wallet,1,5476.99
ord_10107,wallet,1,4553.41
ord_10108,upi,1,11451.85
ord_10109,wallet,1,8064.89
ord_10110,upi,1,296.63
ord_10111,credit_card,5,3044.02
ord_10112,credit_card,3,10852.98
ord_10113,upi,1,1163.8
ord_10114,upi,1,1911.46
ord_10115,debit_card,1,1194.59
ord_10116,upi,1,5381.25
ord_10117,credit_card,3,282.8
ord_10118,credit_card,4,1856.57
ord_10119,credit_card,3,2549.44
ord_10120,cod,1,8319.05
ord_10121,cod,1,808.17
ord_10122,debit_card,1,10417.6
ord_10123,credit_card,3,9921.79
ord_10124,wallet,1,1104.63
ord_10125,wallet,1,2913.04
ord_10126,credit_card,4,1774.52
ord_10127,upi,1,3383.55
ord_10128,credit_card,1,1498.68
ord_10129,upi,1,9406.96
ord_10130,debit_card,1,815.05
ord_10131,credit_card,4,8727.71
ord_10132,cod,1,3003.67
ord_10133,upi,1,2186.02
ord_10134,credit_card,3,556.74
ord_10135,upi,1,15338.76
ord_10136,upi,1,1630.42
ord_10137,upi,1,10061.42
ord_10138,upi,1,2592.12
ord_10139,credit_card,5,8325.97
ord_10140,credit_card,6,1499.89
ord_10141,upi,1,13981.42
ord_10142,credit_card,6,2378.22
ord_10143,debit_card,1,1839.85
ord_10144,upi,1,20413.65
ord_10145,credit_card,6,7800.82
ord_10146,wallet,1,710.96
ord_10147,debit_card,1,5511.87
ord_10148,cod,1,1190.68
ord_10149,credit_card,3,6870.76
ord_10150,cod,1,1363.04
ord_10151,upi,1,8290.48
ord_10152,cod,1,1235.2
ord_10153,cod,1,9222.7
ord_10154,credit_card,4,9738.63
ord_10155,wallet,1,481.98
ord_10156,credit_card,4,800.36
ord_10157,credit_card,3,4043.71
ord_10158,wallet,1,12460.41
ord_10159,wallet,1,11755.23
ord_10160,credit_card,1,15592.36
ord_10161,upi,1,577.32
ord_10162,wallet,1,1538.52
ord_10163,credit_card,2,1024.89
ord_10164,debit_card,1,8157.14
ord_10165,credit_card,2,7446.48
ord_10166,upi,1,9611.16
ord_10167,wallet,1,14411.16
ord_10168,credit_card,5,1343.41
ord_10169,credit_card,6,5311.08
ord_10170,credit_card,5,2887.78
ord_10171,upi,1,13279.62
ord_10172,upi,1,2206.71
ord_10173,credit_card,1,489.23
ord_10174,credit_card,1,968.35
ord_10175,debit_card,1,505.78
ord_10176,credit_card,2,4086.36
ord_10177,credit_card,6,8301.26
ord_10178,credit_card,6,2973.51
ord_10179,credit_card,3,3946.86
ord_10180,credit_card,4,2266.83
ord_10181,upi,1,8496.61
ord_10182,upi,1,1805.85
ord_10183,credit_card,5,4398.21
ord_10184,upi,1,794.05
ord_10185,wallet,1,996.42
ord_10186,credit_card,6,1747.25
ord_10187,cod,1,6364.02
ord_10188,wallet,1,10650.37
ord_10189,debit_card,1,444.61
ord_10190,credit_card,4,225.67
ord_10191,cod,1,13560.3
ord_10192,credit_card,1,1146.97
ord_10193,wallet,1,776.63
ord_10194,cod,1,969.0
ord_10195,credit_card,2,1367.21
ord_10196,debit_card,1,2136.41
ord_10197,upi,1,584.83
ord_10198,upi,1,2220.92
ord_10199,wallet,1,970.21
ord_10200,upi,1,2085.77
ord_10201,upi,1,911.64
ord_10202,cod,1,17040.68
ord_10203,upi,1,9896.5
ord_10204,credit_card,3,15269.42
ord_10205,upi,1,1862.0
ord_10206,upi,1,1539.33
ord_10207,credit_card,1,542.29
ord_10208,upi,1,1326.94
ord_10209,cod,1,3327.57
ord_10210,credit_card,6,20453.77
ord_10211,upi,1,4260.63
ord_10212,upi,1,627.31
ord_10213,credit_card,1,5356.26
ord_10214,debit_card,1,7542.34
ord_10215,upi,1,5199.36
ord_10216,wallet,1,7990.25
ord_10217,cod,1,7605.63
ord_10218,credit_card,6,5747.53
ord_10219,upi,1,1115.39
ord_10220,upi,1,1399.82
ord_10221,credit_card,1,2513.0
ord_10222,debit_card,1,1349.43
ord_10223,upi,1,1219.7
ord_10224,credit_card,5,1586.97
ord_10225,credit_card,1,9478.0
ord_10226,wallet,1,11456.43
ord_10227,credit_card,5,5346.05
ord_10228,upi,1,1110.58
ord_10229,credit_card,1,10617.11
ord_10230,wallet,1,1042.97
ord_10231,debit_card,1,911.82
ord_10232,upi,1,5841.13
ord_10233,credit_card,5,8416.13
ord_10234,cod,1,8873.38
ord_10235,cod,1,441.92
ord_10236,credit_card,1,15251.28
ord_10237,wallet,1,13706.6
ord_10238,credit_card,3,6441.4
ord_10239,upi,1,12472.69
ord_10240,credit_card,6,942.13
ord_10241,upi,1,2687.02
ord_10242,upi,1,409.26
ord_10243,wallet,1,772.54
ord_10244,credit_card,2,1309.77
ord_10245,credit_card,6,7967.31
ord_10246,credit_card,2,1111.23
ord_10247,debit_card,1,3061.51
ord_10248,debit_card,1,3441.63
ord_10249,wallet,1,938.78
ord_10250,upi,1,1897.39
ord_10251,cod,1,7492.81
ord_10252,credit_card,3,4444.44
ord_10253,credit_card,2,5655.89
ord_10254,cod,1,3496.04
ord_10255,upi,1,291.99
ord_10256,wallet,1,8133.68
ord_10257,cod,1,2016.56
ord_10258,upi,1,2823.26
ord_10259,wallet,1,4447.87
ord_10260,cod,1,835.52
ord_10261,upi,1,2452.0
ord_10262,upi,1,3518.11
ord_10263,wallet,1,1331.19
ord_10264,credit_card,3,922.8
ord_10265,wallet,1,1532.46
ord_10266,upi,1,1970.82
ord_10267,credit_card,1,1206.85
ord_10268,upi,1,843.98
ord_10269,cod,1,5019.71
ord_10270,upi,1,2572.76
ord_10271,wallet,1,8352.97
ord_10272,wallet,1,482.86
ord_10273,upi,1,1076.45
ord_10274,upi,1,2300.12
ord_10275,upi,1,1283.63
ord_10276,wallet,1,515.59
ord_10277,credit_card,6,731.66
ord_10278,debit_card,1,1291.1
ord_10279,cod,1,759.59
ord_10280,upi,1,16184.43
ord_10281,upi,1,15029.85
ord_10282,credit_card,6,1168.92
ord_10283,upi,1,1555.9
ord_10284,wallet,1,1391.39
ord_10285,upi,1,7571.17
ord_10286,credit_card,4,488.61
ord_10287,debit_card,1,8989.44
ord_10288,credit_card,1,1226.29
ord_10289,credit_card,5,4590.93
ord_10290,upi,1,3145.88
ord_10291,debit_card,1,5958.06
ord_10292,cod,1,686.65
ord_10293,credit_card,2,5429.42
ord_10294,cod,1,10452.72
ord_10295,upi,1,1835.25
ord_10296,credit_card,5,2074.73
ord_10297,upi,1,1216.15
ord_10298,credit_card,2,4178.3
ord_10299,upi,1,2269.87
ord_10300,debit_card,1,1591.18
ord_10301,upi,1,1557.03
ord_10302,credit_card,2,259.97
ord_10303,debit_card,1,2552.1
ord_10304,credit_card,2,10984.98
ord_10305,credit_card,4,10393.65
ord_10306,wallet,1,11036.36
ord_10307,credit_card,3,2109.33
ord_10308,credit_card,5,14273.28
ord_10309,debit_card,1,428.7
ord_10310,credit_card,4,3768.35
ord_10311,upi,1,10324.41
ord_10312,upi,1,325.01
ord_10313,credit_card,6,4148.71
ord_10314,wallet,1,698.7
ord_10315,wallet,1,10918.27
ord_10316,debit_card,1,595.61
ord_10317,wallet,1,1070.48
ord_10318,upi,1,5042.94
ord_10319,debit_card,1,8990.33
ord_10320,credit_card,6,2577.87
ord_10321,credit_card,4,7954.05
ord_10322,cod,1,4984.72
ord_10323,credit_card,6,760.26
ord_10324,upi,1,958.45
ord_10325,cod,1,2765.02
ord_10326,upi,1,1894.17
ord_10327,cod,1,1655.24
ord_10328,credit_card,3,3620.38
ord_10329,credit_card,4,2337.65
ord_10330,credit_card,3,16174.48
ord_10331,cod,1,524.28
ord_10332,credit_card,1,2878.19
ord_10333,debit_card,1,3392.98
ord_10334,credit_card,2,16711.83
ord_10335,credit_card,2,3165.52
ord_10336,upi,1,1240.21
ord_10337,credit_card,3,6930.25
ord_10338,upi,1,2588.08
ord_10339,upi,1,3196.09
ord_10340,credit_card,4,1675.01
ord_10341,upi,1,13242.04
ord_10342,credit_card,5,935.11
ord_10343,upi,1,2616.69
ord_10344,credit_card,6,2178.39
ord_10345,credit_card,1,16192.21
ord_10346,credit_card,5,2257.82
ord_10347,debit_card,1,1902.04
ord_10348,upi,1,1492.22
ord_10349,upi,1,2816.3
ord_10350,upi,1,1715.07
ord_10351,credit_card,2,3122.9
ord_10352,credit_card,5,559.9
ord_10353,cod,1,8727.88
ord_10354,debit_card,1,6347.53
ord_10355,debit_card,1,420.52
ord_10356,cod,1,1530.12
ord_10357,cod,1,1865.07
ord_10358,upi,1,305.43
ord_10359,wallet,1,3048.64
ord_10360,cod,1,6703.88
ord_10361,credit_card,1,3479.15
ord_10362,upi,1,3375.52
ord_10363,upi,1,5673.11
ord_10364,debit_card,1,855.31
ord_10365,upi,1,6356.4
ord_10366,credit_card,4,7684.97
ord_10367,cod,1,3223.83
ord_10368,credit_card,5,3043.98
ord_10369,upi,1,1086.84
ord_10370,credit_card,6,959.06
ord_10371,upi,1,1790.85
ord_10372,upi,1,2361.49
ord_10373,upi,1,8209.01
ord_10374,credit_card,3,1068.46
ord_10375,cod,1,523.09
ord_10376,debit_card,1,3438.95
ord_10377,upi,1,1915.1
ord_10378,wallet,1,490.6
ord_10379,credit_card,6,1698.07
ord_10380,cod,1,10505.12
ord_10381,credit_card,3,11880.78
ord_10382,upi,1,2140.26
ord_10383,credit_card,6,825.71
ord_10384,wallet,1,647.5
ord_10385,upi,1,834.08
ord_10386,debit_card,1,9853.09
ord_10387,upi,1,3116.35
ord_10388,credit_card,2,1925.72
ord_10389,upi,1,7536.87
ord_10390,debit_card,1,2352.01
ord_10391,credit_card,1,8083.14
ord_10392,credit_card,1,10522.3
ord_10393,credit_card,2,1291.15
ord_10394,upi,1,12222.27
ord_10395,credit_card,2,987.5
ord_10396,credit_card,5,6510.57
ord_10397,debit_card,1,14712.36
ord_10398,wallet,1,6242.13
ord_10399,credit_card,4,2108.86
ord_10400,wallet,1,1189.71
ord_10401,credit_card,6,7593.47
ord_10402,upi,1,549.9
ord_10403,credit_card,2,1951.36
ord_10404,upi,1,556.67
ord_10405,upi,1,1704.58
ord_10406,debit_card,1,2142.98
ord_10407,debit_card,1,12311.18
ord_10408,debit_card,1,1053.99
ord_10409,upi,1,7253.43
ord_10410,debit_card,1,7640.3
ord_10411,wallet,1,7995.26
ord_10412,upi,1,3246.79
ord_10413,cod,1,329.85
ord_10414,upi,1,10509.88
ord_10415,upi,1,1641.77
ord_10416,credit_card,2,997.31
ord_10417,upi,1,1014.5
ord_10418,credit_card,1,2635.47
ord_10419,credit_card,4,2036.84
ord_10420,debit_card,1,3727.47
ord_10421,upi,1,3791.27
ord_10422,debit_card,1,657.68
ord_10423,credit_card,3,2380.28
ord_10424,credit_card,6,2007.94
ord_10425,upi,1,1267.55
ord_10426,upi,1,23553.1
ord_10427,debit_card,1,1039.08
ord_10428,upi,1,5013.3
ord_10429,wallet,1,14153.66
ord_10430,credit_card,2,472.34
ord_10431,upi,1,814.69
ord_10432,credit_card,4,5242.72
ord_10433,credit_card,1,4367.89
ord_10434,credit_card,3,879.16
ord_10435,credit_card,3,586.74
ord_10436,upi,1,1208.97
ord_10437,upi,1,9312.65
ord_10438,credit_card,4,3930.88
ord_10439,debit_card,1,8769.37
ord_10440,cod,1,10384.79
ord_10441,upi,1,8906.64
ord_10442,credit_card,2,8053.43
ord_10443,credit_card,3,8960.73
ord_10444,credit_card,5,1965.91
ord_10445,wallet,1,15356.47
ord_10446,upi,1,826.89
ord_10447,credit_card,1,1793.39
ord_10448,upi,1,2299.06
ord_10449,credit_card,6,2555.56
ord_10450,credit_card,2,169.41
ord_10451,debit_card,1,8759.38
ord_10452,cod,1,5187.74
ord_10453,debit_card,1,889.56
ord_10454,upi,1,1278.31
ord_10455,wallet,1,1670.11
ord_10456,wallet,1,757.49
ord_10457,credit_card,6,8323.62
ord_10458,upi,1,10441.24
ord_10459,cod,1,163.2
ord_10460,upi,1,723.14
ord_10461,cod,1,21518.35
ord_10462,upi,1,14378.62
ord_10463,upi,1,1727.55
ord_10464,cod,1,982.19
ord_10465,upi,1,8647.07
ord_10466,debit_card,1,9629.16
ord_10467,debit_card,1,4981.48
ord_10468,credit_card,1,9834.82
ord_10469,credit_card,1,810.43
ord_10470,debit_card,1,5916.24
ord_10471,debit_card,1,854.96
ord_10472,wallet,1,11140.56
ord_10473,cod,1,1673.22
ord_10474,credit_card,6,2805.63
ord_10475,upi,1,10090.16
ord_10476,upi,1,2909.22
ord_10477,credit_card,3,7236.42
ord_10478,wallet,1,1982.19
ord_10479,upi,1,7170.71
ord_10480,credit_card,4,4226.12
ord_10481,debit_card,1,6100.09
ord_10482,credit_card,2,13636.73
ord_10483,upi,1,847.43
ord_10484,debit_card,1,446.85
ord_10485,upi,1,3410.96
ord_10486,upi,1,6339.96
ord_10487,upi,1,21886.9
ord_10488,upi,1,4172.59
ord_10489,credit_card,3,10453.59
ord_10490,credit_card,5,11260.98
ord_10491,debit_card,1,5309.42
ord_10492,upi,1,728.56
ord_10493,credit_card,3,1676.5
ord_10494,upi,1,2142.14
ord_10495,upi,1,5182.85
ord_10496,upi,1,2310.8
ord_10497,wallet,1,9844.79
ord_10498,credit_card,4,1448.66
ord_10499,upi,1,3639.4
ord_10500,credit_card,2,2296.94
ord_10501,wallet,1,1449.23
ord_10502,upi,1,1353.66
ord_10503,upi,1,2506.1
ord_10504,wallet,1,3713.91
ord_10505,credit_card,4,6657.79
ord_10506,cod,1,11072.37
ord_10507,upi,1,12981.27
ord_10508,upi,1,7224.19
ord_10509,upi,1,7706.09
ord_10510,cod,1,462.03
ord_10511,upi,1,2920.95
ord_10512,debit_card,1,1508.68
ord_10513,upi,1,3577.31
ord_10514,upi,1,2342.01
ord_10515,upi,1,1660.35
ord_10516,credit_card,5,337.21
ord_10517,upi,1,6098.03
ord_10518,credit_card,3,10395.73
ord_10519,wallet,1,2314.02
ord_10520,upi,1,1213.35
ord_10521,upi,1,13784.11
ord_10522,upi,1,2209.46
ord_10523,upi,1,2488.35
ord_10524,upi,1,12056.81
ord_10525,upi,1,467.38
ord_10526,upi,1,405.73
ord_10527,wallet,1,2322.18
ord_10528,credit_card,5,1506.09
ord_10529,credit_card,5,772.37
ord_10530,cod,1,8152.48
ord_10531,upi,1,2806.64
ord_10532,wallet,1,24574.58
ord_10533,credit_card,1,5689.93
ord_10534,credit_card,3,2708.6
ord_10535,debit_card,1,6053.87
ord_10536,upi,1,616.33
ord_10537,upi,1,6588.1
ord_10538,credit_card,5,9243.59
ord_10539,debit_card,1,1869.32
ord_10540,debit_card,1,451.83
ord_10541,upi,1,8005.12
ord_10542,upi,1,1420.7
ord_10543,debit_card,1,2296.07
ord_10544,wallet,1,1786.82
ord_10545,upi,1,1314.27
ord_10546,upi,1,1156.32
ord_10547,credit_card,2,1872.77
ord_10548,wallet,1,1013.55
ord_10549,credit_card,6,9467.8
ord_10550,credit_card,1,856.97
ord_10551,credit_card,3,3405.4
ord_10552,credit_card,1,988.28
ord_10553,credit_card,3,9579.57
ord_10554,credit_card,6,254.94
ord_10555,wallet,1,1415.12
ord_10556,credit_card,2,784.59
ord_10557,credit_card,2,4160.13
ord_10558,credit_card,5,1061.19
ord_10559,debit_card,1,386.92
ord_10560,credit_card,1,5944.45
ord_10561,credit_card,3,2112.86
ord_10562,upi,1,10884.58
ord_10563,upi,1,493.14
ord_10564,upi,1,7527.14
ord_10565,cod,1,1062.92
ord_10566,credit_card,3,7768.27
ord_10567,wallet,1,14730.51
ord_10568,upi,1,1559.45
ord_10569,upi,1,2546.2
ord_10570,debit_card,1,3751.76
ord_10571,upi,1,5433.11
ord_10572,upi,1,2336.45
ord_10573,cod,1,2673.24
ord_10574,upi,1,7603.96
ord_10575,upi,1,920.35
ord_10576,upi,1,3137.13
ord_10577,cod,1,860.9
ord_10578,upi,1,4848.51
ord_10579,credit_card,6,608.06
ord_10580,wallet,1,10668.06
ord_10581,upi,1,4061.3
ord_10582,wallet,1,9115.44
ord_10583,credit_card,3,16753.45
ord_10584,cod,1,6062.45
ord_10585,credit_card,5,2639.08
ord_10586,credit_card,2,1372.8
ord_10587,upi,1,9496.78
ord_10588,credit_card,5,8379.35
ord_10589,credit_card,2,2039.62
ord_10590,credit_card,1,2406.73
ord_10591,debit_card,1,6049.5
ord_10592,credit_card,4,836.78
ord_10593,credit_card,2,294.32
ord_10594,upi,1,699.82
ord_10595,debit_card,1,521.86
ord_10596,upi,1,492.08
ord_10597,cod,1,868.18
ord_10598,upi,1,3742.87
ord_10599,cod,1,2303.16
ord_10600,credit_card,3,2718.34
ord_10601,upi,1,8200.76
ord_10602,wallet,1,5022.89
ord_10603,upi,1,16142.98
ord_10604,upi,1,2687.15
ord_10605,debit_card,1,12115.01
ord_10606,credit_card,1,9862.75
ord_10607,wallet,1,392.42
ord_10608,upi,1,2590.56
ord_10609,upi,1,3615.03
ord_10610,credit_card,3,8867.76
ord_10611,debit_card,1,2790.6
ord_10612,debit_card,1,6372.9
ord_10613,credit_card,6,7739.98
ord_10614,credit_card,6,8177.29
ord_10615,cod,1,14160.69
ord_10616,upi,1,417.05
ord_10617,cod,1,9269.51
ord_10618,credit_card,2,1361.38
ord_10619,credit_card,5,2151.5
ord_10620,upi,1,435.82
ord_10621,wallet,1,565.79
ord_10622,upi,1,1943.63
ord_10623,cod,1,3109.42
ord_10624,wallet,1,2988.32
ord_10625,upi,1,11753.57
ord_10626,cod,1,10643.62
ord_10627,upi,1,948.86
ord_10628,cod,1,742.8
ord_10629,credit_card,6,2050.3
ord_10630,cod,1,2394.8
ord_10631,cod,1,10397.12
ord_10632,debit_card,1,1535.02
ord_10633,credit_card,4,5143.47
ord_10634,credit_card,5,4127.01
ord_10635,credit_card,1,1798.03
ord_10636,upi,1,8286.98
ord_10637,credit_card,4,1403.7
ord_10638,credit_card,3,8718.56
ord_10639,upi,1,9397.45
ord_10640,cod,1,4650.53
ord_10641,upi,1,7757.35
ord_10642,credit_card,4,899.78
ord_10643,upi,1,2267.29
ord_10644,upi,1,3323.38
ord_10645,credit_card,1,2442.39
ord_10646,cod,1,3087.24
ord_10647,cod,1,10398.45
ord_10648,upi,1,3979.53
ord_10649,wallet,1,3496.38
ord_10650,upi,1,2546.31
ord_10651,upi,1,1168.91
ord_10652,cod,1,1136.49
ord_10653,upi,1,10250.05
ord_10654,upi,1,1543.04
ord_10655,wallet,1,9348.35
ord_10656,upi,1,1206.82
ord_10657,credit_card,4,5486.92
ord_10658,credit_card,2,10666.6
ord_10659,cod,1,235.19
ord_10660,upi,1,5037.32
ord_10661,upi,1,9405.74
ord_10662,upi,1,1939.89
ord_10663,debit_card,1,10532.96
ord_10664,cod,1,1400.56
ord_10665,debit_card,1,6663.11
ord_10666,upi,1,8886.0
ord_10667,credit_card,2,3698.84
ord_10668,upi,1,1344.19
ord_10669,debit_card,1,474.92
ord_10670,credit_card,5,2261.26
ord_10671,upi,1,1873.02
ord_10672,upi,1,10518.54
ord_10673,upi,1,872.3
ord_10674,credit_card,3,2140.42
ord_10675,upi,1,8012.72
ord_10676,upi,1,495.95
ord_10677,upi,1,2950.04
ord_10678,upi,1,537.41
ord_10679,upi,1,1822.22
ord_10680,cod,1,3407.83
ord_10681,upi,1,2090.2
ord_10682,upi,1,13387.79
ord_10683,debit_card,1,20199.68
ord_10684,cod,1,4240.29
ord_10685,credit_card,5,7397.08
ord_10686,credit_card,3,7014.6
ord_10687,upi,1,4980.56
ord_10688,upi,1,527.82
ord_10689,wallet,1,1900.18
ord_10690,wallet,1,14914.76
ord_10691,cod,1,7015.28
ord_10692,wallet,1,165.48
ord_10693,credit_card,6,14677.69
ord_10694,upi,1,1191.54
ord_10695,credit_card,5,1485.17
ord_10696,debit_card,1,921.58
ord_10697,cod,1,3990.88
ord_10698,upi,1,707.8
ord_10699,upi,1,867.57
ord_10700,upi,1,420.61
ord_10701,debit_card,1,200.16
ord_10702,cod,1,1080.91
ord_10703,debit_card,1,1076.76
ord_10704,cod,1,9179.21
ord_10705,wallet,1,8266.28
ord_10706,credit_card,1,1202.29
ord_10707,upi,1,903.71
ord_10708,wallet,1,1331.75
ord_10709,debit_card,1,2927.76
ord_10710,upi,1,11730.35
ord_10711,credit_card,5,1689.13
ord_10712,credit_card,6,1572.92
ord_10713,credit_card,5,1054.34
ord_10714,credit_card,5,1758.98
ord_10715,credit_card,1,1188.3
ord_10716,debit_card,1,2061.4
ord_10717,credit_card,5,1276.41
ord_10718,debit_card,1,1911.95
ord_10719,wallet,1,12371.39
ord_10720,debit_card,1,875.12
ord_10721,cod,1,6838.46
ord_10722,credit_card,3,254.4
ord_10723,upi,1,1944.41
ord_10724,upi,1,14972.86
ord_10725,upi,1,3470.43
ord_10726,cod,1,7530.91
ord_10727,cod,1,9788.51
ord_10728,credit_card,2,8772.21
ord_10729,cod,1,5189.31
ord_10730,debit_card,1,1523.68
ord_10731,upi,1,898.04
ord_10732,debit_card,1,9903.14
ord_10733,upi,1,1105.08
ord_10734,debit_card,1,856.86
ord_10735,credit_card,3,6137.71
ord_10736,credit_card,5,2801.51
ord_10737,upi,1,3959.43
ord_10738,credit_card,6,468.05
ord_10739,credit_card,5,3679.43
ord_10740,upi,1,15581.27
ord_10741,wallet,1,842.3
ord_10742,cod,1,16790.84
ord_10743,credit_card,4,6608.03
ord_10744,credit_card,4,1526.85
ord_10745,credit_card,3,3156.29
ord_10746,upi,1,847.87
ord_10747,upi,1,2142.45
ord_10748,upi,1,2955.78
ord_10749,upi,1,9625.45
ord_10750,upi,1,3554.5
ord_10751,debit_card,1,2252.07
ord_10752,debit_card,1,1133.05
ord_10753,wallet,1,5561.08
ord_10754,credit_card,6,4365.15
ord_10755,upi,1,1790.68
ord_10756,upi,1,7635.6
ord_10757,credit_card,1,2799.95
ord_10758,upi,1,9346.67
ord_10759,wallet,1,12359.35
ord_10760,upi,1,5010.74
ord_10761,debit_card,1,2625.61
ord_10762,upi,1,9861.78
ord_10763,wallet,1,2897.83
ord_10764,upi,1,2395.75
ord_10765,cod,1,1709.81
ord_10766,cod,1,3750.66
ord_10767,credit_card,2,485.02
ord_10768,wallet,1,2559.6
ord_10769,wallet,1,1473.35
ord_10770,debit_card,1,9974.99
ord_10771,upi,1,1320.86
ord_10772,upi,1,1961.03
ord_10773,credit_card,2,2250.96
ord_10774,upi,1,8717.02
ord_10775,cod,1,2834.08
ord_10776,cod,1,7418.68
ord_10777,credit_card,4,1122.08
ord_10778,wallet,1,478.17
ord_10779,wallet,1,6772.11
ord_10780,debit_card,1,562.47
ord_10781,wallet,1,3423.53
ord_10782,debit_card,1,950.71
ord_10783,upi,1,9271.6
ord_10784,upi,1,3984.13
ord_10785,cod,1,3309.53
ord_10786,upi,1,8571.76
ord_10787,credit_card,3,1012.78
ord_10788,cod,1,1605.41
ord_10789,debit_card,1,1543.53
ord_10790,credit_card,2,1817.98
ord_10791,cod,1,4427.4
ord_10792,credit_card,3,750.84
ord_10793,credit_card,5,835.42
ord_10794,credit_card,1,3319.18
ord_10795,upi,1,6445.1
ord_10796,upi,1,4841.29
ord_10797,upi,1,6610.13
ord_10798,credit_card,1,1434.76
ord_10799,upi,1,1697.39
ord_10800,upi,1,2763.49
ord_10801,credit_card,3,815.59
ord_10802,credit_card,1,1093.96
ord_10803,credit_card,5,18020.02
ord_10804,credit_card,5,1948.91
ord_10805,credit_card,3,1547.99
ord_10806,upi,1,5530.01
ord_10807,upi,1,9260.39
ord_10808,upi,1,1715.81
ord_10809,credit_card,5,2550.46
ord_10810,cod,1,1741.16
ord_10811,debit_card,1,10363.7
ord_10812,credit_card,3,7705.51
ord_10813,wallet,1,8378.94
ord_10814,upi,1,1345.02
ord_10815,credit_card,5,2679.15
ord_10816,credit_card,4,2831.92
ord_10817,upi,1,731.25
ord_10818,credit_card,3,944.59
ord_10819,cod,1,2116.34
ord_10820,upi,1,2901.14
ord_10821,upi,1,1382.88
ord_10822,upi,1,6929.63
ord_10823,cod,1,2018.15
ord_10824,upi,1,2578.28
ord_10825,upi,1,1415.05
ord_10826,credit_card,6,7066.96
ord_10827,upi,1,638.53
ord_10828,credit_card,2,5822.8
ord_10829,upi,1,3175.05
ord_10830,credit_card,1,7083.74
ord_10831,credit_card,3,2143.2
ord_10832,credit_card,2,785.37
ord_10833,credit_card,1,340.72
ord_10834,credit_card,5,11845.5
ord_10835,credit_card,3,3934.98
ord_10836,upi,1,764.29
ord_10837,upi,1,846.12
ord_10838,credit_card,4,10025.36
ord_10839,upi,1,1081.67
ord_10840,upi,1,883.51
ord_10841,cod,1,7443.04
ord_10842,credit_card,4,8399.04
ord_10843,upi,1,725.25
ord_10844,cod,1,3380.39
ord_10845,upi,1,8175.97
ord_10846,upi,1,2921.81
ord_10847,upi,1,2296.48
ord_10848,upi,1,1723.36
ord_10849,credit_card,5,5511.26
ord_10850,upi,1,2107.99
ord_10851,debit_card,1,7986.24
ord_10852,upi,1,2233.62
ord_10853,upi,1,4944.13
ord_10854,credit_card,4,3190.82
ord_10855,cod,1,2705.87
ord_10856,wallet,1,9188.54
ord_10857,upi,1,1217.03
ord_10858,credit_card,6,1269.99
ord_10859,wallet,1,1809.11
ord_10860,upi,1,12065.88
ord_10861,debit_card,1,346.87
ord_10862,cod,1,4619.58
ord_10863,upi,1,1550.54
ord_10864,credit_card,1,872.09
ord_10865,credit_card,4,4317.59
ord_10866,upi,1,661.74
ord_10867,upi,1,7196.04
ord_10868,credit_card,4,1603.35
ord_10869,upi,1,720.36
ord_10870,upi,1,2746.68
ord_10871,upi,1,1460.4
ord_10872,debit_card,1,4902.78
ord_10873,wallet,1,4229.0
ord_10874,upi,1,2333.46
ord_10875,debit_card,1,7903.25
ord_10876,upi,1,373.77
ord_10877,cod,1,1479.33
ord_10878,wallet,1,5456.37
ord_10879,credit_card,4,6924.61
ord_10880,credit_card,6,1373.88
ord_10881,credit_card,2,2159.98
ord_10882,cod,1,3200.23
ord_10883,upi,1,721.07
ord_10884,wallet,1,583.44
ord_10885,upi,1,1152.98
ord_10886,upi,1,22489.97
ord_10887,credit_card,4,7246.46
ord_10888,upi,1,440.31
ord_10889,upi,1,16228.24
ord_10890,credit_card,2,501.46
ord_10891,upi,1,979.96
ord_10892,wallet,1,8067.97
ord_10893,credit_card,6,3014.99
ord_10894,upi,1,1581.03
ord_10895,wallet,1,16023.51
ord_10896,upi,1,812.84
ord_10897,cod,1,2488.93
ord_10898,credit_card,2,5622.47
ord_10899,upi,1,3464.81
ord_10900,credit_card,4,7999.61
ord_10901,credit_card,5,7826.96
ord_10902,upi,1,14637.26
ord_10903,wallet,1,5052.36
ord_10904,credit_card,3,2000.52
ord_10905,cod,1,1359.12
ord_10906,credit_card,3,8754.61
ord_10907,upi,1,1598.12
ord_10908,debit_card,1,867.17
ord_10909,upi,1,6590.53
ord_10910,debit_card,1,3825.37
ord_10911,credit_card,1,7311.88
ord_10912,upi,1,476.3
ord_10913,credit_card,1,4068.71
ord_10914,upi,1,1764.0
ord_10915,upi,1,5919.73
ord_10916,upi,1,8419.78
ord_10917,credit_card,1,2767.72
ord_10918,upi,1,10448.71
ord_10919,credit_card,4,6234.5
ord_10920,debit_card,1,946.05
ord_10921,debit_card,1,1962.17
ord_10922,upi,1,1184.77
ord_10923,cod,1,366.97
ord_10924,upi,1,12082.88
ord_10925,cod,1,7800.96
ord_10926,credit_card,5,1826.3
ord_10927,credit_card,3,4592.84
ord_10928,upi,1,4228.96
ord_10929,debit_card,1,1743.63
ord_10930,wallet,1,836.34
ord_10931,debit_card,1,3769.13
ord_10932,credit_card,2,2320.76
ord_10933,debit_card,1,2278.76
ord_10934,debit_card,1,3526.2
ord_10935,upi,1,19304.46
ord_10936,upi,1,505.53
ord_10937,wallet,1,1995.82
ord_10938,credit_card,4,7770.38
ord_10939,upi,1,403.94
ord_10940,upi,1,5722.34
ord_10941,upi,1,2721.23
ord_10942,wallet,1,964.23
ord_10943,credit_card,3,4797.8
ord_10944,credit_card,3,5454.05
ord_10945,credit_card,2,2743.39
ord_10946,credit_card,3,9704.03
ord_10947,cod,1,10804.93
ord_10948,upi,1,3866.72
ord_10949,upi,1,1179.0
ord_10950,wallet,1,2345.78
ord_10951,credit_card,4,2936.68
ord_10952,upi,1,15997.64
ord_10953,upi,1,7963.95
ord_10954,upi,1,1504.89
ord_10955,credit_card,3,739.76
ord_10956,cod,1,251.51
ord_10957,debit_card,1,16734.13
ord_10958,wallet,1,9016.0
ord_10959,upi,1,863.05
ord_10960,cod,1,11037.82
ord_10961,upi,1,1022.88
ord_10962,upi,1,3300.02
ord_10963,debit_card,1,3294.14
ord_10964,credit_card,5,7588.56
ord_10965,upi,1,2779.66
ord_10966,cod,1,531.56
ord_10967,cod,1,1652.51
ord_10968,cod,1,3948.09
ord_10969,upi,1,7516.64
ord_10970,debit_card,1,7794.21
ord_10971,wallet,1,8042.57
ord_10972,cod,1,774.28
ord_10973,upi,1,5188.6
ord_10974,credit_card,6,3294.75
ord_10975,credit_card,2,447.78
ord_10976,debit_card,1,2371.75
ord_10977,credit_card,5,2233.32
ord_10978,debit_card,1,7274.97
ord_10979,wallet,1,9482.36
ord_10980,credit_card,3,8542.77
ord_10981,debit_card,1,8608.6
ord_10982,debit_card,1,7970.08
ord_10983,credit_card,6,3242.56
ord_10984,upi,1,1806.69
ord_10985,upi,1,9384.35
ord_10986,wallet,1,7317.04
ord_10987,credit_card,5,1332.55
ord_10988,upi,1,7720.18
ord_10989,credit_card,1,742.8
ord_10990,credit_card,4,13536.32
ord_10991,credit_card,3,1974.5
ord_10992,credit_card,6,934.82
ord_10993,upi,1,5097.41
ord_10994,credit_card,4,6993.58
ord_10995,debit_card,1,1017.28
ord_10996,credit_card,1,6405.98
ord_10997,credit_card,3,2090.25
ord_10998,credit_card,5,1084.64
ord_10999,debit_card,1,8538.01
ord_11000,upi,1,9276.53
ord_11001,wallet,1,9205.97
ord_11002,credit_card,1,1845.16
ord_11003,upi,1,1610.79
ord_11004,credit_card,6,5701.84
ord_11005,upi,1,2561.5
ord_11006,credit_card,1,13333.55
ord_11007,upi,1,736.97
ord_11008,wallet,1,3743.33
ord_11009,credit_card,6,8646.94
ord_11010,upi,1,2664.74
ord_11011,upi,1,7782.24
ord_11012,credit_card,2,471.09
ord_11013,cod,1,1128.91
ord_11014,debit_card,1,543.63
ord_11015,upi,1,1721.63
ord_11016,upi,1,1567.11
ord_11017,credit_card,6,1775.22
ord_11018,credit_card,6,502.83
ord_11019,upi,1,3139.69
ord_11020,upi,1,3293.73
ord_11021,wallet,1,8419.22
ord_11022,upi,1,467.02
ord_11023,upi,1,7409.72
ord_11024,wallet,1,7974.63
ord_11025,upi,1,1666.62
ord_11026,upi,1,2111.58
ord_11027,credit_card,5,8037.01
ord_11028,upi,1,604.74
ord_11029,wallet,1,2098.87
ord_11030,upi,1,3811.07
ord_11031,upi,1,7246.4
ord_11032,wallet,1,3550.1
ord_11033,upi,1,9258.65
ord_11034,credit_card,6,6051.2
ord_11035,credit_card,4,787.07
ord_11036,debit_card,1,510.71
ord_11037,upi,1,2324.82
ord_11038,upi,1,1834.62
ord_11039,upi,1,1630.65
ord_11040,wallet,1,16395.64
ord_11041,credit_card,3,2679.2
ord_11042,upi,1,2013.74
ord_11043,wallet,1,1765.98
ord_11044,upi,1,745.88
ord_11045,credit_card,6,7154.81
ord_11046,debit_card,1,2265.7
ord_11047,cod,1,9409.83
ord_11048,upi,1,6319.29
ord_11049,wallet,1,8114.07
ord_11050,cod,1,1405.36
ord_11051,wallet,1,8473.26
ord_11052,wallet,1,4331.98
ord_11053,cod,1,9045.69
ord_11054,upi,1,405.54
ord_11055,debit_card,1,8339.1
ord_11056,upi,1,3073.47
ord_11057,upi,1,672.81
ord_11058,credit_card,3,1949.09
ord_11059,wallet,1,1800.6
ord_11060,credit_card,3,566.74
ord_11061,upi,1,857.66
ord_11062,cod,1,15148.28
ord_11063,debit_card,1,2200.82
ord_11064,wallet,1,14689.03
ord_11065,wallet,1,7433.45
ord_11066,credit_card,6,12207.52
ord_11067,upi,1,17860.49
ord_11068,debit_card,1,3943.07
ord_11069,credit_card,4,1543.23
ord_11070,upi,1,1782.9
ord_11071,upi,1,2118.56
ord_11072,credit_card,3,3540.89
ord_11073,wallet,1,959.54
ord_11074,wallet,1,9831.07
ord_11075,debit_card,1,1186.49
ord_11076,cod,1,10572.44
ord_11077,cod,1,1553.83
ord_11078,credit_card,2,7283.85
ord_11079,wallet,1,868.2
ord_11080,cod,1,185.58
ord_11081,wallet,1,6321.09
ord_11082,credit_card,1,3164.34
ord_11083,credit_card,4,8144.55
ord_11084,upi,1,3460.95
ord_11085,debit_card,1,12653.11
ord_11086,upi,1,653.62
ord_11087,wallet,1,3525.41
ord_11088,credit_card,4,7750.55
ord_11089,debit_card,1,415.41
ord_11090,upi,1,823.59
ord_11091,cod,1,336.82
ord_11092,credit_card,4,1659.38
ord_11093,cod,1,1193.75
ord_11094,credit_card,5,1051.66
ord_11095,credit_card,5,20322.43
ord_11096,upi,1,14779.09
ord_11097,cod,1,1039.71
ord_11098,upi,1,386.41
ord_11099,upi,1,5354.99
ord_11100,cod,1,405.52
ord_11101,debit_card,1,4572.08
ord_11102,credit_card,4,3033.72
ord_11103,debit_card,1,8768.61
ord_11104,credit_card,3,1392.62
ord_11105,upi,1,11246.32
ord_11106,upi,1,464.46
ord_11107,cod,1,15734.61
ord_11108,credit_card,6,761.61
ord_11109,upi,1,12847.1
ord_11110,upi,1,5419.17
ord_11111,wallet,1,1066.81
ord_11112,upi,1,2327.89
ord_11113,upi,1,1226.22
ord_11114,upi,1,7807.41
ord_11115,upi,1,11837.9
ord_11116,cod,1,9861.37
ord_11117,upi,1,450.57
ord_11118,debit_card,1,1110.28
ord_11119,credit_card,4,3870.43
ord_11120,debit_card,1,3670.16
ord_11121,credit_card,4,733.83
ord_11122,debit_card,1,1903.53
ord_11123,cod,1,1963.18
ord_11124,credit_card,6,509.34
ord_11125,credit_card,1,8780.8
ord_11126,credit_card,3,5257.97
ord_11127,cod,1,3157.53
ord_11128,credit_card,5,6938.84
ord_11129,debit_card,1,1792.75
ord_11130,upi,1,1513.5
ord_11131,upi,1,11907.3
ord_11132,debit_card,1,3712.89
ord_11133,credit_card,1,5657.28
ord_11134,upi,1,3146.85
ord_11135,upi,1,4991.26
ord_11136,upi,1,6527.45
ord_11137,credit_card,6,598.47
ord_11138,upi,1,460.19
ord_11139,wallet,1,824.04
ord_11140,cod,1,2465.2
ord_11141,credit_card,1,304.26
ord_11142,upi,1,664.88
ord_11143,debit_card,1,1121.34
ord_11144,debit_card,1,1509.91
ord_11145,upi,1,3171.24
ord_11146,upi,1,4715.21
ord_11147,credit_card,4,1813.03
ord_11148,debit_card,1,353.51
ord_11149,upi,1,2738.44
ord_11150,upi,1,1053.54
ord_11151,upi,1,3127.17
ord_11152,debit_card,1,2923.8
ord_11153,cod,1,1530.96
ord_11154,upi,1,2087.41
ord_11155,credit_card,3,1049.22
ord_11156,credit_card,3,1223.81
ord_11157,credit_card,5,1611.54
ord_11158,wallet,1,2359.31
ord_11159,credit_card,4,1924.22
ord_11160,wallet,1,905.53
ord_11161,wallet,1,6679.3
ord_11162,credit_card,6,2228.62
ord_11163,upi,1,8640.45
ord_11164,cod,1,2906.22
ord_11165,upi,1,392.57
ord_11166,debit_card,1,986.44
ord_11167,upi,1,806.48
ord_11168,debit_card,1,3039.18
ord_11169,upi,1,251.31
ord_11170,cod,1,6018.42
ord_11171,upi,1,3720.86
ord_11172,upi,1,2687.28
ord_11173,debit_card,1,2254.01
ord_11174,credit_card,2,2197.98
ord_11175,upi,1,10192.01
ord_11176,credit_card,2,9586.36
ord_11177,credit_card,5,3276.34
ord_11178,credit_card,6,1725.53
ord_11179,upi,1,13897.2
ord_11180,credit_card,4,7684.5
ord_11181,upi,1,2333.57
ord_11182,cod,1,16252.83
ord_11183,upi,1,6405.69
ord_11184,credit_card,1,1887.72
ord_11185,upi,1,1037.37
ord_11186,upi,1,369.96
ord_11187,upi,1,826.93
ord_11188,wallet,1,2027.66
ord_11189,debit_card,1,2680.56
ord_11190,credit_card,4,4359.31
ord_11191,cod,1,1836.04
ord_11192,upi,1,8572.08
ord_11193,upi,1,1337.09
ord_11194,credit_card,5,3191.35
ord_11195,debit_card,1,7964.69
ord_11196,upi,1,8007.43
ord_11197,wallet,1,566.86
ord_11198,upi,1,4867.99
ord_11199,credit_card,1,7426.96
ord_11200,upi,1,7168.77
ord_11201,debit_card,1,558.2
ord_11202,upi,1,1029.79
ord_11203,upi,1,10913.56
ord_11204,cod,1,963.21
ord_11205,credit_card,1,10354.1
ord_11206,upi,1,2414.42
ord_11207,upi,1,4624.86
ord_11208,upi,1,454.94
ord_11209,cod,1,795.81
ord_11210,cod,1,2822.34
ord_11211,debit_card,1,1297.08
ord_11212,cod,1,13203.15
ord_11213,upi,1,7520.24
ord_11214,wallet,1,819.01
ord_11215,credit_card,2,11004.15
ord_11216,upi,1,702.08
ord_11217,upi,1,306.63
ord_11218,cod,1,960.86
ord_11219,cod,1,1867.98
ord_11220,credit_card,2,2564.27
ord_11221,wallet,1,1531.2
ord_11222,upi,1,1709.81
ord_11223,upi,1,2356.33
ord_11224,credit_card,6,2715.42
ord_11225,debit_card,1,15719.55
ord_11226,upi,1,3291.9
ord_11227,upi,1,1446.11
ord_11228,credit_card,3,7036.69
ord_11229,credit_card,1,7314.82
ord_11230,wallet,1,4024.24
ord_11231,wallet,1,8614.01
ord_11232,cod,1,18828.49
ord_11233,upi,1,1207.83
ord_11234,credit_card,5,6576.19
ord_11235,debit_card,1,955.74
ord_11236,credit_card,1,698.18
ord_11237,credit_card,3,1742.74
ord_11238,credit_card,3,1127.2
ord_11239,upi,1,2788.01
ord_11240,debit_card,1,3233.18
ord_11241,upi,1,9896.9
ord_11242,upi,1,1141.26
ord_11243,debit_card,1,10457.32
ord_11244,cod,1,11229.49
ord_11245,upi,1,1214.41
ord_11246,cod,1,3509.38
ord_11247,upi,1,2810.2
ord_11248,credit_card,4,8681.25
ord_11249,debit_card,1,8199.77
ord_11250,upi,1,668.34
ord_11251,wallet,1,4030.57
ord_11252,debit_card,1,7164.17
ord_11253,cod,1,3512.41
ord_11254,credit_card,5,1043.26
ord_11255,credit_card,2,1068.58
ord_11256,debit_card,1,3233.67
ord_11257,upi,1,1235.65
ord_11258,wallet,1,6030.48
ord_11259,upi,1,1864.15
ord_11260,upi,1,513.39
ord_11261,wallet,1,498.83
ord_11262,credit_card,3,1432.31
ord_11263,credit_card,4,8764.56
ord_11264,upi,1,423.67
ord_11265,credit_card,5,8735.83
ord_11266,upi,1,9113.09
ord_11267,debit_card,1,939.01
ord_11268,debit_card,1,1802.28
ord_11269,upi,1,2925.33
ord_11270,upi,1,1803.98
ord_11271,credit_card,1,9496.51
ord_11272,upi,1,1566.69
ord_11273,credit_card,5,7966.38
ord_11274,credit_card,6,1586.04
ord_11275,cod,1,5371.5
ord_11276,cod,1,14430.63
ord_11277,upi,1,1984.56
ord_11278,credit_card,5,10004.88
ord_11279,credit_card,5,2231.3
ord_11280,upi,1,2902.77
ord_11281,wallet,1,3232.24
ord_11282,credit_card,2,14132.92
ord_11283,upi,1,944.72
ord_11284,upi,1,8710.97
ord_11285,upi,1,1069.31
ord_11286,upi,1,2125.79
ord_11287,debit_card,1,761.04
ord_11288,wallet,1,3730.92
ord_11289,upi,1,1612.14
ord_11290,wallet,1,1226.54
ord_11291,upi,1,917.54
ord_11292,upi,1,1523.81
ord_11293,upi,1,4456.56
ord_11294,credit_card,2,2346.45
ord_11295,debit_card,1,2797.07
ord_11296,credit_card,1,1683.46
ord_11297,upi,1,13636.98
ord_11298,credit_card,5,2608.95
ord_11299,debit_card,1,838.02
ord_11300,upi,1,456.73
ord_11301,wallet,1,2014.3
ord_11302,upi,1,1376.4
ord_11303,cod,1,3660.11
ord_11304,upi,1,1405.35
ord_11305,credit_card,6,13366.44
ord_11306,debit_card,1,934.71
ord_11307,upi,1,6880.46
ord_11308,upi,1,5682.8
ord_11309,credit_card,6,6163.75
ord_11310,upi,1,2050.54
ord_11311,debit_card,1,1837.03
ord_11312,wallet,1,563.73
ord_11313,debit_card,1,1644.96
ord_11314,credit_card,4,1809.72
ord_11315,cod,1,8823.99
ord_11316,credit_card,3,866.96
ord_11317,upi,1,1073.75
ord_11318,wallet,1,6345.43
ord_11319,upi,1,8075.47
ord_11320,upi,1,824.04
ord_11321,debit_card,1,492.24
ord_11322,upi,1,260.76
ord_11323,upi,1,16658.73
ord_11324,upi,1,2393.74
ord_11325,wallet,1,733.05
ord_11326,upi,1,1519.94
ord_11327,credit_card,2,6136.22
ord_11328,upi,1,564.31
ord_11329,upi,1,15462.05
ord_11330,credit_card,1,7205.33
ord_11331,upi,1,1541.82
ord_11332,debit_card,1,895.62
ord_11333,credit_card,6,7512.76
ord_11334,upi,1,946.85
ord_11335,debit_card,1,1011.99
ord_11336,upi,1,7733.5
ord_11337,credit_card,4,9651.42
ord_11338,upi,1,15214.25
ord_11339,debit_card,1,12687.41
ord_11340,debit_card,1,13533.58
ord_11341,upi,1,1285.44
ord_11342,upi,1,9496.64
ord_11343,upi,1,2754.93
ord_11344,upi,1,1867.24
ord_11345,upi,1,10495.33
ord_11346,credit_card,5,2309.57
ord_11347,debit_card,1,1873.23
ord_11348,cod,1,949.91
ord_11349,upi,1,503.28
ord_11350,upi,1,2216.34
ord_11351,upi,1,2077.28
ord_11352,credit_card,6,11206.15
ord_11353,debit_card,1,6413.18
ord_11354,upi,1,6951.52
ord_11355,credit_card,5,3738.74
ord_11356,debit_card,1,1878.28
ord_11357,credit_card,3,1161.85
ord_11358,credit_card,2,1480.1
ord_11359,upi,1,8462.17
ord_11360,credit_card,4,6748.13
ord_11361,wallet,1,3189.48
ord_11362,credit_card,5,2110.42
ord_11363,upi,1,339.03
ord_11364,upi,1,4107.44
ord_11365,debit_card,1,10036.78
ord_11366,upi,1,3410.73
ord_11367,cod,1,829.36
ord_11368,debit_card,1,2642.81
ord_11369,credit_card,1,1708.28
ord_11370,cod,1,13095.42
ord_11371,upi,1,3649.52
ord_11372,credit_card,6,743.39
ord_11373,wallet,1,1288.41
ord_11374,upi,1,10258.44
ord_11375,debit_card,1,555.34
ord_11376,wallet,1,11265.03
ord_11377,credit_card,4,1361.66
ord_11378,upi,1,1334.42
ord_11379,wallet,1,13470.68
ord_11380,debit_card,1,1470.97
ord_11381,upi,1,13993.29
ord_11382,credit_card,1,5567.6
ord_11383,upi,1,2546.33
ord_11384,wallet,1,266.88
ord_11385,debit_card,1,1595.49
ord_11386,upi,1,1393.52
ord_11387,debit_card,1,3494.85
ord_11388,cod,1,5712.92
ord_11389,debit_card,1,22245.92
ord_11390,upi,1,8136.92
ord_11391,wallet,1,1605.48
ord_11392,cod,1,1159.96
ord_11393,upi,1,1713.89
ord_11394,upi,1,2107.67
ord_11395,upi,1,439.11
ord_11396,wallet,1,734.09
ord_11397,upi,1,618.88
ord_11398,credit_card,6,2440.71
ord_11399,credit_card,3,3865.3
ord_11400,debit_card,1,1884.02
ord_11401,upi,1,2732.73
ord_11402,credit_card,4,3146.95
ord_11403,upi,1,1104.3
ord_11404,upi,1,6834.92
ord_11405,credit_card,5,1381.87
ord_11406,credit_card,4,1499.04
ord_11407,upi,1,5499.9
ord_11408,credit_card,2,2857.3
ord_11409,credit_card,6,590.41
ord_11410,upi,1,1285.33
ord_11411,credit_card,5,4940.01
ord_11412,credit_card,4,2341.31
ord_11413,credit_card,1,2152.28
ord_11414,credit_card,3,9616.41
ord_11415,cod,1,8007.6
ord_11416,upi,1,8431.79
ord_11417,upi,1,3401.49
ord_11418,debit_card,1,13076.41
ord_11419,upi,1,4250.73
ord_11420,wallet,1,17186.57
ord_11421,debit_card,1,8030.76
ord_11422,credit_card,3,7700.52
ord_11423,credit_card,4,1284.41
ord_11424,credit_card,5,9474.52
ord_11425,debit_card,1,497.23
ord_11426,credit_card,1,4495.71
ord_11427,cod,1,238.29
ord_11428,upi,1,18069.14
ord_11429,wallet,1,2588.53
ord_11430,debit_card,1,8345.73
ord_11431,credit_card,2,15552.09
ord_11432,credit_card,4,6654.4
ord_11433,debit_card,1,1548.39
ord_11434,credit_card,5,14028.66
ord_11435,upi,1,771.56
ord_11436,wallet,1,455.77
ord_11437,upi,1,3531.09
ord_11438,upi,1,12228.38
ord_11439,credit_card,3,2329.09
ord_11440,wallet,1,11194.89
ord_11441,debit_card,1,1749.65
ord_11442,debit_card,1,490.59
ord_11443,credit_card,1,186.5
ord_11444,wallet,1,2240.41
ord_11445,wallet,1,1433.27
ord_11446,upi,1,1914.52
ord_11447,credit_card,2,1268.33
ord_11448,cod,1,18588.79
ord_11449,upi,1,11310.39
ord_11450,cod,1,2155.53
ord_11451,upi,1,238.19
ord_11452,upi,1,10557.94
ord_11453,upi,1,1015.02
ord_11454,credit_card,2,251.85
ord_11455,credit_card,1,7449.58
ord_11456,upi,1,814.44
ord_11457,cod,1,6131.53
ord_11458,cod,1,2671.39
ord_11459,cod,1,10589.81
ord_11460,credit_card,3,14461.9
ord_11461,wallet,1,973.1
ord_11462,upi,1,3519.44
ord_11463,upi,1,9301.06
ord_11464,credit_card,1,1288.63
ord_11465,credit_card,6,2647.84
ord_11466,credit_card,6,2606.72
ord_11467,debit_card,1,195.21
ord_11468,credit_card,2,1151.79
ord_11469,credit_card,1,7109.87
ord_11470,cod,1,1835.25
ord_11471,upi,1,2457.33
ord_11472,upi,1,781.44
ord_11473,upi,1,1720.98
ord_11474,cod,1,1073.42
ord_11475,credit_card,6,5916.4
ord_11476,credit_card,4,24179.46
ord_11477,upi,1,15610.21
ord_11478,upi,1,275.47
ord_11479,credit_card,3,983.41
ord_11480,credit_card,3,12154.78
ord_11481,upi,1,453.49
ord_11482,credit_card,2,4110.71
ord_11483,upi,1,4915.05
ord_11484,credit_card,1,2191.19
ord_11485,upi,1,1635.81
ord_11486,credit_card,3,629.74
ord_11487,credit_card,3,654.77
ord_11488,debit_card,1,7791.52
ord_11489,upi,1,2322.62
ord_11490,upi,1,3319.62
ord_11491,cod,1,1793.47
ord_11492,cod,1,575.48
ord_11493,upi,1,625.46
ord_11494,cod,1,1046.29
ord_11495,debit_card,1,2473.09
ord_11496,credit_card,1,2990.8
ord_11497,upi,1,1366.29
ord_11498,wallet,1,508.8
ord_11499,credit_card,2,1138.46
ord_11500,cod,1,2546.87
ord_11501,upi,1,4761.09
ord_11502,credit_card,3,6941.64
ord_11503,cod,1,1448.17
ord_11504,cod,1,969.3
ord_11505,upi,1,2733.72
ord_11506,debit_card,1,1368.81
ord_11507,upi,1,783.32
ord_11508,credit_card,2,14803.06
ord_11509,upi,1,2772.14
ord_11510,upi,1,2248.17
ord_11511,cod,1,2339.66
ord_11512,credit_card,2,816.66
ord_11513,cod,1,9110.61
ord_11514,upi,1,15373.39
ord_11515,debit_card,1,1803.67
ord_11516,upi,1,1491.75
ord_11517,upi,1,2063.03
ord_11518,credit_card,1,16562.89
ord_11519,cod,1,6466.09
ord_11520,upi,1,1362.22
ord_11521,upi,1,553.79
ord_11522,cod,1,1108.73
ord_11523,cod,1,2686.2
ord_11524,upi,1,2736.42
ord_11525,upi,1,9035.71
ord_11526,credit_card,1,477.07
ord_11527,wallet,1,2103.81
ord_11528,upi,1,3809.43
ord_11529,debit_card,1,8462.71
ord_11530,credit_card,5,5647.89
ord_11531,upi,1,1216.06
ord_11532,upi,1,9602.84
ord_11533,cod,1,207.39
ord_11534,credit_card,3,6636.77
ord_11535,upi,1,656.69
ord_11536,credit_card,6,7485.66
ord_11537,upi,1,9875.4
ord_11538,upi,1,5144.79
ord_11539,upi,1,9963.04
ord_11540,upi,1,380.91
ord_11541,cod,1,9348.56
ord_11542,wallet,1,9163.9
ord_11543,upi,1,7417.35
ord_11544,upi,1,2128.28
ord_11545,upi,1,3786.33
ord_11546,credit_card,6,1308.27
ord_11547,upi,1,1000.49
ord_11548,upi,1,7522.53
ord_11549,wallet,1,6185.32
ord_11550,upi,1,212.19
ord_11551,upi,1,1558.36
ord_11552,upi,1,360.23
ord_11553,upi,1,3999.88
ord_11554,upi,1,10263.18
ord_11555,upi,1,7198.77
ord_11556,upi,1,209.27
ord_11557,wallet,1,1237.63
ord_11558,cod,1,14897.17
ord_11559,cod,1,3005.09
ord_11560,upi,1,522.83
ord_11561,credit_card,3,1874.6
ord_11562,upi,1,1761.25
ord_11563,upi,1,2817.65
ord_11564,upi,1,861.31
ord_11565,credit_card,2,2483.44
ord_11566,credit_card,6,4622.36
ord_11567,cod,1,902.01
ord_11568,upi,1,2961.37
ord_11569,credit_card,1,9055.99
ord_11570,cod,1,552.39
ord_11571,upi,1,4369.51
ord_11572,upi,1,5810.62
ord_11573,cod,1,1779.69
ord_11574,wallet,1,8781.93
ord_11575,wallet,1,1929.82
ord_11576,wallet,1,5993.96
ord_11577,credit_card,4,575.89
ord_11578,upi,1,363.09
ord_11579,cod,1,11093.04
ord_11580,cod,1,2707.16
ord_11581,upi,1,453.58
ord_11582,credit_card,4,11045.17
ord_11583,upi,1,1397.6
ord_11584,debit_card,1,4580.89
ord_11585,wallet,1,783.79
ord_11586,credit_card,1,1322.11
ord_11587,credit_card,3,1039.73
ord_11588,debit_card,1,373.53
ord_11589,cod,1,386.71
ord_11590,upi,1,3371.35
ord_11591,credit_card,1,1486.72
ord_11592,wallet,1,1942.79
ord_11593,credit_card,2,11492.74
ord_11594,credit_card,2,936.08
ord_11595,upi,1,708.03
ord_11596,debit_card,1,10636.34
ord_11597,debit_card,1,959.5
ord_11598,cod,1,1732.98
ord_11599,debit_card,1,1984.81
ord_11600,debit_card,1,600.38
ord_11601,upi,1,13310.55
ord_11602,wallet,1,448.88
ord_11603,upi,1,3046.7
ord_11604,cod,1,8573.17
ord_11605,credit_card,3,15214.54
ord_11606,upi,1,5929.89
ord_11607,upi,1,950.32
ord_11608,credit_card,2,7859.43
ord_11609,debit_card,1,434.41
ord_11610,upi,1,2643.38
ord_11611,credit_card,6,6287.41
ord_11612,upi,1,2217.35
ord_11613,wallet,1,6874.64
ord_11614,upi,1,460.99
ord_11615,upi,1,771.62
ord_11616,cod,1,494.91
ord_11617,credit_card,2,3543.12
ord_11618,upi,1,1079.24
ord_11619,credit_card,5,1673.34
ord_11620,wallet,1,2494.64
ord_11621,credit_card,4,5944.45
ord_11622,upi,1,1467.5
ord_11623,credit_card,5,403.34
ord_11624,credit_card,6,7685.54
ord_11625,upi,1,9208.09
ord_11626,credit_card,6,2248.68
ord_11627,credit_card,3,4719.4
ord_11628,wallet,1,1028.24
ord_11629,upi,1,976.47
ord_11630,upi,1,7912.61
ord_11631,upi,1,2382.69
ord_11632,debit_card,1,589.21
ord_11633,upi,1,2578.98
ord_11634,credit_card,2,7734.88
ord_11635,credit_card,1,1396.49
ord_11636,cod,1,1734.83
ord_11637,cod,1,485.65
ord_11638,debit_card,1,13900.16
ord_11639,debit_card,1,10005.02
ord_11640,credit_card,4,795.98
ord_11641,credit_card,4,11928.43
ord_11642,upi,1,3074.51
ord_11643,upi,1,15750.84
ord_11644,upi,1,9149.16
ord_11645,upi,1,4120.85
ord_11646,credit_card,6,494.9
ord_11647,credit_card,5,10262.09
ord_11648,debit_card,1,8523.52
ord_11649,cod,1,2944.5
ord_11650,upi,1,10397.6
ord_11651,credit_card,6,8268.38
ord_11652,wallet,1,2324.77
ord_11653,upi,1,8688.82
ord_11654,credit_card,3,1027.85
ord_11655,cod,1,7088.71
ord_11656,credit_card,1,2588.82
ord_11657,debit_card,1,899.34
ord_11658,upi,1,7733.28
ord_11659,upi,1,2044.46
ord_11660,credit_card,2,2491.16
ord_11661,credit_card,2,494.31
ord_11662,debit_card,1,4458.91
ord_11663,upi,1,4280.51
ord_11664,cod,1,1401.57
ord_11665,upi,1,5470.56
ord_11666,upi,1,1244.46
ord_11667,credit_card,3,933.05
ord_11668,upi,1,6568.74
ord_11669,credit_card,4,1908.45
ord_11670,upi,1,10472.6
ord_11671,upi,1,806.35
ord_11672,credit_card,5,592.18
ord_11673,upi,1,417.27
ord_11674,upi,1,1905.46
ord_11675,upi,1,470.08
ord_11676,wallet,1,7526.78
ord_11677,debit_card,1,1557.45
ord_11678,credit_card,4,600.06
ord_11679,upi,1,5183.91
ord_11680,upi,1,1557.05
ord_11681,upi,1,411.37
ord_11682,cod,1,1099.95
ord_11683,debit_card,1,1116.89
ord_11684,credit_card,4,6985.79
ord_11685,cod,1,11991.34
ord_11686,credit_card,3,5813.49
ord_11687,debit_card,1,8266.25
ord_11688,upi,1,10033.49
ord_11689,wallet,1,15520.44
ord_11690,upi,1,1042.92
ord_11691,upi,1,7235.41
ord_11692,credit_card,5,827.5
ord_11693,upi,1,9895.0
ord_11694,credit_card,2,1650.23
ord_11695,upi,1,1831.28
ord_11696,upi,1,1615.48
ord_11697,credit_card,2,2948.84
ord_11698,debit_card,1,9800.51
ord_11699,upi,1,2317.27
ord_11700,credit_card,1,17374.06
ord_11701,wallet,1,4173.44
ord_11702,upi,1,7461.43
ord_11703,credit_card,6,8232.09
ord_11704,wallet,1,2522.81
ord_11705,credit_card,6,6246.36
ord_11706,credit_card,3,2805.49
ord_11707,credit_card,2,1153.09
ord_11708,credit_card,6,2096.56
ord_11709,credit_card,4,556.47
ord_11710,credit_card,6,623.7
ord_11711,credit_card,3,1976.19
ord_11712,credit_card,2,160.71
ord_11713,debit_card,1,3177.65
ord_11714,upi,1,4966.49
ord_11715,wallet,1,2211.58
ord_11716,cod,1,254.63
ord_11717,upi,1,684.88
ord_11718,upi,1,6734.48
ord_11719,cod,1,1070.71
ord_11720,cod,1,12522.78
ord_11721,upi,1,5004.6
ord_11722,upi,1,5472.47
ord_11723,upi,1,1699.2
ord_11724,upi,1,1095.4
ord_11725,credit_card,6,2902.25
ord_11726,upi,1,12570.59
ord_11727,wallet,1,10919.26
ord_11728,debit_card,1,2535.19
ord_11729,wallet,1,2797.2
ord_11730,credit_card,1,859.65
ord_11731,upi,1,476.27
ord_11732,credit_card,3,728.55
ord_11733,upi,1,1938.61
ord_11734,debit_card,1,9198.92
ord_11735,credit_card,4,835.24
ord_11736,credit_card,4,9572.8
ord_11737,credit_card,1,2356.23
ord_11738,debit_card,1,6335.24
ord_11739,upi,1,716.18
ord_11740,upi,1,7560.16
ord_11741,credit_card,6,10017.01
ord_11742,upi,1,1028.67
ord_11743,upi,1,626.93
ord_11744,wallet,1,1413.06
ord_11745,credit_card,4,729.21
ord_11746,debit_card,1,1599.4
ord_11747,upi,1,1672.79
ord_11748,upi,1,3179.58
ord_11749,credit_card,4,905.15
ord_11750,credit_card,1,4347.37
ord_11751,debit_card,1,2364.39
ord_11752,debit_card,1,4361.11
ord_11753,upi,1,12315.91
ord_11754,credit_card,6,1569.15
ord_11755,upi,1,2172.12
ord_11756,credit_card,3,2155.65
ord_11757,upi,1,10315.04
ord_11758,credit_card,4,823.01
ord_11759,upi,1,15879.29
ord_11760,credit_card,2,2138.08
ord_11761,credit_card,3,242.14
ord_11762,upi,1,8107.14
ord_11763,debit_card,1,2311.71
ord_11764,cod,1,7774.22
ord_11765,credit_card,2,287.17
ord_11766,upi,1,1136.62
ord_11767,credit_card,6,10548.11
ord_11768,upi,1,7236.35
ord_11769,upi,1,511.4
ord_11770,upi,1,703.54
ord_11771,credit_card,3,9735.65
ord_11772,debit_card,1,643.75
ord_11773,debit_card,1,13251.06
ord_11774,upi,1,2705.75
ord_11775,debit_card,1,9226.33
ord_11776,cod,1,12702.41
ord_11777,credit_card,6,1255.01
ord_11778,upi,1,9590.34
ord_11779,upi,1,618.6
ord_11780,wallet,1,3641.59
ord_11781,credit_card,4,4100.87
ord_11782,cod,1,1749.57
ord_11783,credit_card,2,7088.99
ord_11784,credit_card,1,10784.12
ord_11785,upi,1,2277.7
ord_11786,upi,1,870.31
ord_11787,debit_card,1,12873.11
ord_11788,debit_card,1,6783.26
ord_11789,credit_card,2,11609.75
ord_11790,wallet,1,382.81
ord_11791,upi,1,1676.12
ord_11792,wallet,1,18935.17
ord_11793,upi,1,10708.26
ord_11794,debit_card,1,1625.04
ord_11795,debit_card,1,4514.4
ord_11796,upi,1,3338.27
ord_11797,upi,1,1189.68
ord_11798,wallet,1,1756.42
ord_11799,cod,1,385.87
ord_11800,credit_card,4,8192.9
ord_11801,wallet,1,1141.2
ord_11802,upi,1,1607.74
ord_11803,upi,1,2186.6
ord_11804,upi,1,14519.46
ord_11805,upi,1,262.61
ord_11806,upi,1,11675.73
ord_11807,credit_card,6,882.15
ord_11808,credit_card,1,7317.98
ord_11809,cod,1,5119.01
ord_11810,upi,1,5584.46
ord_11811,upi,1,2255.89
ord_11812,credit_card,6,535.86
ord_11813,credit_card,6,789.61
ord_11814,credit_card,6,8959.55
ord_11815,credit_card,6,4104.33
ord_11816,credit_card,5,4700.44
ord_11817,upi,1,2338.22
ord_11818,upi,1,13772.22
ord_11819,credit_card,3,2761.71
ord_11820,upi,1,2738.9
ord_11821,upi,1,465.35
ord_11822,debit_card,1,11796.33
ord_11823,credit_card,6,7026.55
ord_11824,upi,1,960.4
ord_11825,credit_card,1,979.86
ord_11826,credit_card,1,845.26
ord_11827,debit_card,1,1066.48
ord_11828,debit_card,1,2550.88
ord_11829,wallet,1,8275.92
ord_11830,upi,1,1843.46
ord_11831,cod,1,1734.13
ord_11832,wallet,1,2063.76
ord_11833,credit_card,2,1972.41
ord_11834,upi,1,3145.53
ord_11835,upi,1,2699.85
ord_11836,cod,1,7626.37
ord_11837,credit_card,3,1827.15
ord_11838,upi,1,800.75
ord_11839,credit_card,5,5935.78
ord_11840,upi,1,8298.05
ord_11841,debit_card,1,1878.39
ord_11842,credit_card,1,443.25
ord_11843,upi,1,3371.77
ord_11844,credit_card,4,3671.0
ord_11845,upi,1,5588.45
ord_11846,credit_card,5,9445.29
ord_11847,wallet,1,3048.39
ord_11848,wallet,1,1566.76
ord_11849,wallet,1,3985.28
ord_11850,upi,1,485.41
ord_11851,credit_card,6,572.76
ord_11852,upi,1,13693.45
ord_11853,upi,1,6546.55
ord_11854,upi,1,996.41
ord_11855,credit_card,3,5168.81
ord_11856,upi,1,2621.81
ord_11857,upi,1,2943.24
ord_11858,wallet,1,9280.36
ord_11859,wallet,1,1608.3
ord_11860,credit_card,2,4670.25
ord_11861,upi,1,10369.34
ord_11862,debit_card,1,2283.48
ord_11863,cod,1,1050.62
ord_11864,upi,1,6319.15
ord_11865,debit_card,1,906.06
ord_11866,upi,1,9332.04
ord_11867,credit_card,2,15925.66
ord_11868,upi,1,7124.46
ord_11869,credit_card,1,9534.79
ord_11870,debit_card,1,10941.18
ord_11871,upi,1,7635.43
ord_11872,cod,1,6713.87
ord_11873,upi,1,2264.83
ord_11874,upi,1,426.65
ord_11875,cod,1,792.48
ord_11876,credit_card,4,834.05
ord_11877,cod,1,947.73
ord_11878,upi,1,1849.69
ord_11879,upi,1,854.04
ord_11880,upi,1,580.92
ord_11881,credit_card,1,917.71
ord_11882,credit_card,6,1827.59
ord_11883,credit_card,4,683.5
ord_11884,debit_card,1,7302.19
ord_11885,debit_card,1,1180.5
ord_11886,upi,1,2503.03
ord_11887,credit_card,3,1926.24
ord_11888,credit_card,4,468.47
ord_11889,upi,1,12245.19
ord_11890,upi,1,1186.42
ord_11891,upi,1,728.67
ord_11892,cod,1,6493.9
ord_11893,credit_card,2,1588.37
ord_11894,upi,1,3345.97
ord_11895,cod,1,5117.11
ord_11896,credit_card,2,14439.68
ord_11897,upi,1,1692.07
ord_11898,debit_card,1,959.52
ord_11899,upi,1,2841.24
ord_11900,cod,1,1180.57
ord_11901,debit_card,1,16847.52
ord_11902,upi,1,604.29
ord_11903,debit_card,1,1778.71
ord_11904,wallet,1,3883.02
ord_11905,upi,1,7260.17
ord_11906,credit_card,4,9258.98
ord_11907,credit_card,5,441.33
ord_11908,wallet,1,3066.01
ord_11909,credit_card,2,12427.61
ord_11910,upi,1,16590.46
ord_11911,upi,1,1468.23
ord_11912,upi,1,15050.78
ord_11913,cod,1,1219.67
ord_11914,debit_card,1,12631.56
ord_11915,credit_card,4,1681.05
ord_11916,debit_card,1,4227.54
ord_11917,credit_card,4,2485.34
ord_11918,debit_card,1,1734.94
ord_11919,cod,1,3680.81
ord_11920,credit_card,6,1189.74
ord_11921,cod,1,2795.64
ord_11922,upi,1,4558.72
ord_11923,credit_card,1,5530.05
ord_11924,credit_card,3,2982.91
ord_11925,credit_card,3,6806.8
ord_11926,cod,1,2149.27
ord_11927,credit_card,5,13052.81
ord_11928,wallet,1,3101.32
ord_11929,cod,1,1046.98
ord_11930,debit_card,1,21261.16
ord_11931,upi,1,2235.19
ord_11932,upi,1,1678.36
ord_11933,upi,1,5996.33
ord_11934,debit_card,1,6573.3
ord_11935,cod,1,14596.18
ord_11936,upi,1,1272.57
ord_11937,upi,1,1406.83
ord_11938,upi,1,9107.12
ord_11939,upi,1,1289.46
ord_11940,credit_card,4,1673.29
ord_11941,debit_card,1,8782.71
ord_11942,credit_card,1,440.18
ord_11943,cod,1,1952.87
ord_11944,debit_card,1,1243.45
ord_11945,upi,1,1241.5
ord_11946,upi,1,7729.4
ord_11947,upi,1,782.13
ord_11948,credit_card,4,1598.19
ord_11949,cod,1,4249.04
ord_11950,upi,1,9442.23
ord_11951,upi,1,1730.56
ord_11952,cod,1,860.48
ord_11953,upi,1,10309.51
ord_11954,credit_card,2,449.89
ord_11955,debit_card,1,1742.84
ord_11956,debit_card,1,14535.69
ord_11957,cod,1,14534.37
ord_11958,debit_card,1,3033.31
ord_11959,upi,1,2097.79
ord_11960,debit_card,1,676.11
ord_11961,upi,1,1344.0
ord_11962,upi,1,1904.75
ord_11963,credit_card,5,18893.61
ord_11964,upi,1,9631.28
ord_11965,credit_card,5,8683.21
ord_11966,credit_card,4,1323.43
ord_11967,credit_card,3,7647.15
ord_11968,debit_card,1,778.76
ord_11969,upi,1,25984.46
ord_11970,credit_card,1,6292.69
ord_11971,wallet,1,1993.13
ord_11972,upi,1,279.09
ord_11973,debit_card,1,2311.08
ord_11974,upi,1,7910.71
ord_11975,upi,1,1147.86
ord_11976,upi,1,5162.3
ord_11977,upi,1,1684.36
ord_11978,upi,1,1349.04
ord_11979,credit_card,5,804.28
ord_11980,credit_card,6,8309.63
ord_11981,credit_card,1,12813.75
ord_11982,credit_card,6,1028.11
ord_11983,upi,1,8462.17
ord_11984,upi,1,1906.73
ord_11985,credit_card,1,2905.81
ord_11986,cod,1,1544.38
ord_11987,wallet,1,3847.26
ord_11988,cod,1,3127.88
ord_11989,upi,1,1931.51
ord_11990,debit_card,1,20960.85
ord_11991,credit_card,5,3649.68
ord_11992,upi,1,17736.36
ord_11993,credit_card,4,12159.89
ord_11994,credit_card,1,6476.15
ord_11995,wallet,1,1252.17
ord_11996,upi,1,6918.09
ord_11997,upi,1,8499.0
ord_11998,credit_card,3,1467.34
ord_11999,upi,1,2197.35
ord_12000,upi,1,2274.08
ord_12001,cod,1,1054.27
ord_12002,credit_card,2,992.29
ord_12003,debit_card,1,917.97
ord_12004,credit_card,6,9649.82
ord_12005,credit_card,5,1449.69
ord_12006,credit_card,2,9128.43
ord_12007,cod,1,9639.06
ord_12008,upi,1,1343.22
ord_12009,credit_card,1,6483.69
ord_12010,upi,1,2805.29
ord_12011,credit_card,2,7168.96
ord_12012,credit_card,1,16628.93
ord_12013,credit_card,1,1186.58
ord_12014,upi,1,1897.54
ord_12015,upi,1,2844.97
ord_12016,wallet,1,1938.28
ord_12017,credit_card,6,1329.85
ord_12018,upi,1,14580.51
ord_12019,credit_card,5,3190.32
ord_12020,cod,1,2128.14
ord_12021,cod,1,1143.91
ord_12022,cod,1,2106.6
ord_12023,cod,1,1567.16
ord_12024,upi,1,408.01
ord_12025,debit_card,1,1339.98
ord_12026,upi,1,2010.81
ord_12027,upi,1,9124.75
ord_12028,credit_card,6,13973.39
ord_12029,credit_card,3,1435.25
ord_12030,wallet,1,1551.44
ord_12031,debit_card,1,2005.25
ord_12032,upi,1,1559.73
ord_12033,upi,1,1665.66
ord_12034,upi,1,515.08
ord_12035,upi,1,7140.54
ord_12036,upi,1,1682.24
ord_12037,upi,1,9261.22
ord_12038,credit_card,5,9402.19
ord_12039,upi,1,10195.23
ord_12040,credit_card,2,6713.84
ord_12041,upi,1,4688.28
ord_12042,upi,1,13939.79
ord_12043,credit_card,1,2120.1
ord_12044,upi,1,8566.69
ord_12045,debit_card,1,7002.73
ord_12046,upi,1,2780.67
ord_12047,credit_card,3,3927.39
ord_12048,debit_card,1,1730.94
ord_12049,cod,1,3526.91
ord_12050,credit_card,3,629.25
ord_12051,upi,1,3017.3
ord_12052,cod,1,1189.04
ord_12053,upi,1,9057.09
ord_12054,debit_card,1,2343.97
ord_12055,credit_card,6,9491.39
ord_12056,credit_card,1,7358.69
ord_12057,cod,1,9900.21
ord_12058,wallet,1,4319.74
ord_12059,credit_card,5,1115.87
ord_12060,upi,1,18639.63
ord_12061,cod,1,6841.61
ord_12062,debit_card,1,5912.94
ord_12063,credit_card,4,8617.58
ord_12064,credit_card,5,8590.53
ord_12065,upi,1,2489.32
ord_12066,upi,1,10029.17
ord_12067,upi,1,624.59
ord_12068,cod,1,1817.89
ord_12069,credit_card,6,3011.93
ord_12070,wallet,1,8159.38
ord_12071,credit_card,1,9050.54
ord_12072,wallet,1,8322.42
ord_12073,cod,1,15540.71
ord_12074,wallet,1,901.2
ord_12075,upi,1,2513.29
ord_12076,credit_card,2,463.42
ord_12077,wallet,1,951.86
ord_12078,wallet,1,14296.77
ord_12079,credit_card,6,1016.27
ord_12080,cod,1,1792.22
ord_12081,upi,1,6671.6
ord_12082,upi,1,6303.46
ord_12083,credit_card,4,1508.74
ord_12084,credit_card,1,3081.52
ord_12085,debit_card,1,3158.63
ord_12086,debit_card,1,5984.27
ord_12087,upi,1,4256.07
ord_12088,upi,1,2450.21
ord_12089,upi,1,2929.2
ord_12090,wallet,1,755.87
ord_12091,credit_card,1,3691.78
ord_12092,upi,1,2101.25
ord_12093,debit_card,1,8455.95
ord_12094,wallet,1,957.6
ord_12095,credit_card,6,7819.01
ord_12096,credit_card,2,561.0
ord_12097,cod,1,714.19
ord_12098,upi,1,12012.79
ord_12099,upi,1,1964.78
ord_12100,debit_card,1,13379.36
ord_12101,wallet,1,956.33
ord_12102,wallet,1,8137.17
ord_12103,upi,1,3324.09
ord_12104,wallet,1,9864.44
ord_12105,wallet,1,2034.29
ord_12106,debit_card,1,929.68
ord_12107,cod,1,7034.39
ord_12108,wallet,1,2012.84
ord_12109,credit_card,3,10983.21
ord_12110,credit_card,6,4100.62
ord_12111,credit_card,6,2629.28
ord_12112,credit_card,6,664.0
ord_12113,credit_card,1,1521.08
ord_12114,upi,1,17268.62
ord_12115,upi,1,3566.19
ord_12116,cod,1,6669.45
ord_12117,cod,1,694.27
ord_12118,credit_card,6,6622.01
ord_12119,upi,1,313.45
ord_12120,upi,1,1221.0
ord_12121,upi,1,1295.06
ord_12122,debit_card,1,2436.77
ord_12123,credit_card,4,3519.86
ord_12124,wallet,1,18361.71
ord_12125,debit_card,1,1508.18
ord_12126,wallet,1,1582.6
ord_12127,upi,1,1349.66
ord_12128,credit_card,4,5940.55
ord_12129,upi,1,3348.33
ord_12130,upi,1,2868.14
ord_12131,upi,1,655.63
ord_12132,cod,1,11116.25
ord_12133,upi,1,9651.65
ord_12134,upi,1,457.91
ord_12135,upi,1,1506.63
ord_12136,credit_card,2,7705.64
ord_12137,debit_card,1,5178.35
ord_12138,upi,1,1263.81
ord_12139,wallet,1,6732.94
ord_12140,upi,1,2103.4
ord_12141,credit_card,6,12644.18
ord_12142,upi,1,1575.99
ord_12143,credit_card,2,945.53
ord_12144,wallet,1,1005.41
ord_12145,upi,1,2042.46
ord_12146,upi,1,5251.42
ord_12147,credit_card,5,17999.7
ord_12148,cod,1,905.04
ord_12149,credit_card,3,13028.58
ord_12150,cod,1,1134.23
ord_12151,upi,1,1259.17
ord_12152,debit_card,1,7554.02
ord_12153,upi,1,2042.75
ord_12154,wallet,1,9803.16
ord_12155,upi,1,1081.0
ord_12156,upi,1,1649.3
ord_12157,upi,1,1548.99
ord_12158,debit_card,1,15635.96
ord_12159,upi,1,1754.63
ord_12160,credit_card,1,11604.37
ord_12161,upi,1,472.25
ord_12162,upi,1,1780.95
ord_12163,upi,1,6496.08
ord_12164,cod,1,1010.49
ord_12165,credit_card,3,1447.24
ord_12166,credit_card,1,9726.31
ord_12167,debit_card,1,829.61
ord_12168,upi,1,2649.73
ord_12169,credit_card,1,8469.94
ord_12170,upi,1,1000.28
ord_12171,credit_card,1,746.11
ord_12172,credit_card,1,655.3
ord_12173,upi,1,10829.84
ord_12174,cod,1,6276.08
ord_12175,credit_card,6,14919.73
ord_12176,debit_card,1,9076.93
ord_12177,wallet,1,1469.61
ord_12178,upi,1,694.55
ord_12179,upi,1,5954.24
ord_12180,upi,1,527.0
ord_12181,credit_card,6,3354.05
ord_12182,wallet,1,17291.52
ord_12183,wallet,1,9565.15
ord_12184,credit_card,2,10103.74
ord_12185,debit_card,1,4582.29
ord_12186,credit_card,4,4785.69
ord_12187,cod,1,9498.01
ord_12188,credit_card,3,3422.72
ord_12189,credit_card,2,3693.68
ord_12190,upi,1,4804.8
ord_12191,credit_card,6,1463.69
ord_12192,upi,1,2702.62
ord_12193,cod,1,540.94
ord_12194,wallet,1,7171.32
ord_12195,debit_card,1,1317.66
ord_12196,upi,1,256.09
ord_12197,cod,1,13182.75
ord_12198,credit_card,2,6159.91
ord_12199,debit_card,1,8139.19
ord_12200,debit_card,1,3329.13
ord_12201,credit_card,5,10921.34
ord_12202,credit_card,2,695.75
ord_12203,wallet,1,2161.93
ord_12204,credit_card,4,9223.64
ord_12205,credit_card,1,2012.98
ord_12206,cod,1,11203.73
ord_12207,credit_card,1,494.64
ord_12208,cod,1,752.26
ord_12209,wallet,1,12709.61
ord_12210,debit_card,1,5938.67
ord_12211,credit_card,1,1071.73
ord_12212,credit_card,3,2775.84
ord_12213,upi,1,1562.77
ord_12214,cod,1,3825.42
ord_12215,upi,1,8788.17
ord_12216,credit_card,6,9884.53
ord_12217,wallet,1,1490.81
ord_12218,credit_card,1,512.49
ord_12219,upi,1,8320.35
ord_12220,debit_card,1,7595.32
ord_12221,credit_card,6,1157.62
ord_12222,credit_card,3,7129.5
ord_12223,wallet,1,1431.48
ord_12224,cod,1,4608.75
ord_12225,debit_card,1,679.45
ord_12226,credit_card,5,8754.59
ord_12227,wallet,1,299.29
ord_12228,cod,1,2256.34
ord_12229,credit_card,3,756.53
ord_12230,upi,1,1639.7
ord_12231,upi,1,724.35
ord_12232,debit_card,1,9278.5
ord_12233,debit_card,1,671.84
ord_12234,debit_card,1,13153.78
ord_12235,upi,1,1363.94
ord_12236,credit_card,3,1843.19
ord_12237,credit_card,4,2950.29
ord_12238,upi,1,2275.72
ord_12239,cod,1,2031.3
ord_12240,upi,1,360.38
ord_12241,wallet,1,2480.45
ord_12242,upi,1,589.29
ord_12243,credit_card,5,500.67
ord_12244,credit_card,6,771.21
ord_12245,cod,1,2262.95
ord_12246,upi,1,8249.71
ord_12247,upi,1,999.58
ord_12248,upi,1,5802.94
ord_12249,credit_card,1,583.21
ord_12250,credit_card,5,1519.39
ord_12251,credit_card,6,1921.42
ord_12252,debit_card,1,748.92
ord_12253,cod,1,1188.11
ord_12254,wallet,1,1517.46
ord_12255,cod,1,6828.01
ord_12256,debit_card,1,6848.0
ord_12257,cod,1,686.45
ord_12258,wallet,1,1698.04
ord_12259,upi,1,9685.08
ord_12260,upi,1,455.28
ord_12261,upi,1,576.3
ord_12262,credit_card,2,2271.88
ord_12263,credit_card,3,9283.56
ord_12264,upi,1,2822.54
ord_12265,upi,1,9154.67
ord_12266,upi,1,12722.58
ord_12267,credit_card,2,1576.67
ord_12268,wallet,1,12613.06
ord_12269,wallet,1,11784.66
ord_12270,credit_card,4,1713.61
ord_12271,upi,1,2285.55
ord_12272,upi,1,2133.24
ord_12273,credit_card,2,9009.25
ord_12274,upi,1,933.76
ord_12275,wallet,1,15220.71
ord_12276,wallet,1,14364.81
ord_12277,upi,1,12685.4
ord_12278,cod,1,8402.02
ord_12279,cod,1,2991.46
ord_12280,credit_card,1,9050.45
ord_12281,upi,1,2252.95
ord_12282,upi,1,5401.83
ord_12283,debit_card,1,1955.0
ord_12284,upi,1,2015.18
ord_12285,upi,1,2206.38
ord_12286,debit_card,1,947.96
ord_12287,cod,1,1321.61
ord_12288,wallet,1,2231.12
ord_12289,debit_card,1,1653.63
ord_12290,debit_card,1,2450.39
ord_12291,credit_card,4,9304.94
ord_12292,upi,1,7939.23
ord_12293,cod,1,1299.35
ord_12294,upi,1,3184.96
ord_12295,debit_card,1,4761.4
ord_12296,upi,1,2697.7
ord_12297,credit_card,2,906.25
ord_12298,upi,1,2027.43
ord_12299,credit_card,1,8448.87
ord_12300,upi,1,1023.66
ord_12301,upi,1,1071.67
ord_12302,upi,1,15478.65
ord_12303,upi,1,3700.36
ord_12304,upi,1,1320.09
ord_12305,wallet,1,7094.61
ord_12306,debit_card,1,5713.75
ord_12307,credit_card,4,945.63
ord_12308,upi,1,2371.73
ord_12309,wallet,1,15251.91
ord_12310,credit_card,2,1542.35
ord_12311,cod,1,1477.21
ord_12312,upi,1,1061.83
ord_12313,upi,1,5746.94
ord_12314,credit_card,6,1435.24
ord_12315,cod,1,7243.83
ord_12316,upi,1,1504.54
ord_12317,upi,1,1269.87
ord_12318,debit_card,1,605.14
ord_12319,credit_card,1,4566.45
ord_12320,upi,1,1886.84
ord_12321,upi,1,1527.29
ord_12322,wallet,1,9761.07
ord_12323,upi,1,8445.87
ord_12324,upi,1,3530.95
ord_12325,upi,1,962.44
ord_12326,upi,1,922.68
ord_12327,credit_card,4,11188.88
ord_12328,debit_card,1,7414.12
ord_12329,upi,1,8048.69
ord_12330,wallet,1,437.11
ord_12331,debit_card,1,3768.8
ord_12332,upi,1,9153.26
ord_12333,credit_card,1,809.62
ord_12334,wallet,1,7380.5
ord_12335,upi,1,771.93
ord_12336,credit_card,1,8768.23
ord_12337,cod,1,592.32
ord_12338,credit_card,2,583.49
ord_12339,wallet,1,1095.67
ord_12340,credit_card,6,9428.6
ord_12341,debit_card,1,1192.16
ord_12342,upi,1,2058.35
ord_12343,debit_card,1,16791.12
ord_12344,credit_card,6,1960.74
ord_12345,credit_card,3,1629.62
ord_12346,credit_card,5,790.62
ord_12347,debit_card,1,1133.41
ord_12348,credit_card,4,1093.01
ord_12349,upi,1,10726.87
ord_12350,wallet,1,9569.44
ord_12351,credit_card,4,763.27
ord_12352,credit_card,1,6683.55
ord_12353,debit_card,1,4096.24
ord_12354,upi,1,287.75
ord_12355,upi,1,12937.76
ord_12356,upi,1,8075.67
ord_12357,cod,1,1140.26
ord_12358,upi,1,728.51
ord_12359,upi,1,2105.17
ord_12360,upi,1,6900.13
ord_12361,credit_card,4,1058.87
ord_12362,debit_card,1,887.04
ord_12363,upi,1,9059.81
ord_12364,credit_card,5,946.09
ord_12365,credit_card,2,17666.12
ord_12366,credit_card,3,3919.85
ord_12367,wallet,1,2031.32
ord_12368,cod,1,1299.77
ord_12369,upi,1,7523.62
ord_12370,credit_card,2,627.02
ord_12371,upi,1,459.24
ord_12372,upi,1,741.95
ord_12373,credit_card,4,2023.59
ord_12374,upi,1,8065.05
ord_12375,upi,1,6051.2
ord_12376,wallet,1,2881.77
ord_12377,debit_card,1,1563.57
ord_12378,credit_card,4,13536.54
ord_12379,cod,1,1407.28
ord_12380,credit_card,3,9488.96
ord_12381,upi,1,677.05
ord_12382,debit_card,1,2893.51
ord_12383,debit_card,1,3211.47
ord_12384,upi,1,10649.5
ord_12385,upi,1,4749.52
ord_12386,wallet,1,1266.15
ord_12387,upi,1,3821.28
ord_12388,upi,1,5400.67
ord_12389,upi,1,3391.28
ord_12390,upi,1,1547.11
ord_12391,credit_card,4,6114.9
ord_12392,debit_card,1,11834.7
ord_12393,credit_card,5,1999.15
ord_12394,credit_card,1,1115.38
ord_12395,cod,1,24759.68
ord_12396,upi,1,2027.36
ord_12397,upi,1,6632.15
ord_12398,debit_card,1,5846.03
ord_12399,debit_card,1,13353.59
ord_12400,wallet,1,3349.41
ord_12401,upi,1,345.6
ord_12402,credit_card,1,12279.51
ord_12403,wallet,1,928.82
ord_12404,cod,1,4305.66
ord_12405,cod,1,2276.37
ord_12406,credit_card,5,5357.71
ord_12407,upi,1,1913.09
ord_12408,upi,1,9086.92
ord_12409,upi,1,3203.79
ord_12410,upi,1,6388.93
ord_12411,upi,1,3410.75
ord_12412,upi,1,10214.13
ord_12413,upi,1,1043.08
ord_12414,debit_card,1,1116.72
ord_12415,wallet,1,816.32
ord_12416,upi,1,10012.02
ord_12417,wallet,1,1746.94
ord_12418,upi,1,10392.89
ord_12419,upi,1,1118.61
ord_12420,wallet,1,1209.4
ord_12421,credit_card,5,4279.62
ord_12422,credit_card,5,2504.44
ord_12423,cod,1,820.41
ord_12424,upi,1,15998.06
ord_12425,debit_card,1,2760.91
ord_12426,upi,1,1650.12
ord_12427,credit_card,5,8845.69
ord_12428,upi,1,8222.64
ord_12429,cod,1,12758.58
ord_12430,credit_card,1,2576.03
ord_12431,cod,1,1787.69
ord_12432,credit_card,6,889.68
ord_12433,credit_card,5,2558.05
ord_12434,upi,1,5080.74
ord_12435,wallet,1,14710.14
ord_12436,cod,1,1273.8
ord_12437,cod,1,2568.4
ord_12438,upi,1,5791.62
ord_12439,debit_card,1,8124.34
ord_12440,credit_card,4,1521.22
ord_12441,upi,1,1737.66
ord_12442,upi,1,6761.91
ord_12443,upi,1,1677.75
ord_12444,wallet,1,10342.26
ord_12445,debit_card,1,4865.87
ord_12446,upi,1,6492.01
ord_12447,debit_card,1,1926.64
ord_12448,debit_card,1,4848.74
ord_12449,upi,1,14359.76
ord_12450,wallet,1,2006.89
ord_12451,upi,1,3307.03
ord_12452,upi,1,9377.69
ord_12453,cod,1,6542.56
ord_12454,cod,1,13250.52
ord_12455,upi,1,7841.53
ord_12456,credit_card,5,805.24
ord_12457,upi,1,6927.68
ord_12458,cod,1,12048.98
ord_12459,credit_card,5,923.93
ord_12460,upi,1,2199.02
ord_12461,cod,1,1772.09
ord_12462,wallet,1,9376.22
ord_12463,upi,1,10999.43
ord_12464,upi,1,2434.19
ord_12465,upi,1,8729.76
ord_12466,credit_card,2,1228.66
ord_12467,credit_card,6,10053.68
ord_12468,upi,1,8913.07
ord_12469,cod,1,593.51
ord_12470,upi,1,579.8
ord_12471,credit_card,3,740.28
ord_12472,cod,1,17483.46
ord_12473,upi,1,15045.62
ord_12474,credit_card,4,10531.4
ord_12475,upi,1,1048.99
ord_12476,credit_card,4,923.59
ord_12477,wallet,1,3192.14
ord_12478,upi,1,8035.44
ord_12479,upi,1,1144.77
ord_12480,credit_card,2,623.66
ord_12481,credit_card,3,8461.55
ord_12482,upi,1,1731.88
ord_12483,upi,1,2835.18
ord_12484,wallet,1,8232.47
ord_12485,debit_card,1,2437.79
ord_12486,upi,1,12865.75
ord_12487,credit_card,1,18262.7
ord_12488,upi,1,2128.02
ord_12489,cod,1,1695.91
ord_12490,upi,1,1481.74
ord_12491,credit_card,6,259.98
ord_12492,cod,1,9254.39
ord_12493,upi,1,6255.16
ord_12494,upi,1,17923.01
ord_12495,upi,1,5826.12
ord_12496,cod,1,14794.37
ord_12497,upi,1,870.48
ord_12498,debit_card,1,16047.37
ord_12499,cod,1,4446.14
ord_12500,upi,1,2721.27
ord_12501,credit_card,4,691.66
ord_12502,upi,1,367.61
ord_12503,debit_card,1,684.76
ord_12504,credit_card,5,817.23
ord_12505,credit_card,6,357.57
ord_12506,upi,1,10001.34
ord_12507,upi,1,17004.61
ord_12508,upi,1,1873.76
ord_12509,upi,1,6923.8
ord_12510,upi,1,672.39
ord_12511,cod,1,681.42
ord_12512,upi,1,7450.24
ord_12513,wallet,1,7048.73
ord_12514,credit_card,6,5337.8
ord_12515,credit_card,2,7151.01
ord_12516,cod,1,882.24
ord_12517,debit_card,1,2390.57
ord_12518,upi,1,1574.89
ord_12519,debit_card,1,11999.48
ord_12520,wallet,1,4686.38
ord_12521,upi,1,1178.66
ord_12522,wallet,1,8948.75
ord_12523,upi,1,1201.68
ord_12524,upi,1,8397.11
ord_12525,upi,1,3486.97
ord_12526,upi,1,3687.06
ord_12527,credit_card,3,450.09
ord_12528,upi,1,1248.6
ord_12529,cod,1,1524.85
ord_12530,upi,1,8915.12
ord_12531,upi,1,2893.17
ord_12532,credit_card,4,968.06
ord_12533,credit_card,3,16796.16
ord_12534,upi,1,1489.67
ord_12535,upi,1,1961.08
ord_12536,upi,1,610.94
ord_12537,wallet,1,782.48
ord_12538,wallet,1,1302.87
ord_12539,cod,1,2274.2
ord_12540,cod,1,9196.04
ord_12541,wallet,1,9960.6
ord_12542,debit_card,1,1515.14
ord_12543,cod,1,294.59
ord_12544,upi,1,3856.78
ord_12545,upi,1,1226.43
ord_12546,upi,1,6593.83
ord_12547,wallet,1,2053.89
ord_12548,upi,1,2107.59
ord_12549,upi,1,679.38
ord_12550,credit_card,3,8262.18
ord_12551,upi,1,3889.77
ord_12552,wallet,1,8000.44
ord_12553,credit_card,4,3078.53
ord_12554,credit_card,4,579.05
ord_12555,cod,1,760.06
ord_12556,debit_card,1,1254.51
ord_12557,upi,1,499.21
ord_12558,upi,1,2873.79
ord_12559,upi,1,4192.34
ord_12560,debit_card,1,4100.37
ord_12561,credit_card,3,1360.99
ord_12562,upi,1,1720.91
ord_12563,credit_card,4,11095.03
ord_12564,wallet,1,3791.09
ord_12565,cod,1,9415.04
ord_12566,upi,1,2066.74
ord_12567,credit_card,4,8512.8
ord_12568,debit_card,1,2866.31
ord_12569,cod,1,5806.54
ord_12570,credit_card,4,6831.03
ord_12571,wallet,1,12392.13
ord_12572,upi,1,2687.34
ord_12573,credit_card,1,5774.56
ord_12574,upi,1,355.81
ord_12575,wallet,1,3654.65
ord_12576,upi,1,11601.92
ord_12577,credit_card,3,2259.62
ord_12578,credit_card,4,7091.92
ord_12579,credit_card,5,941.24
ord_12580,upi,1,1631.89
ord_12581,upi,1,10318.31
ord_12582,upi,1,1047.81
ord_12583,debit_card,1,1645.72
ord_12584,upi,1,444.53
ord_12585,cod,1,3151.74
ord_12586,wallet,1,2993.85
ord_12587,credit_card,1,1552.05
ord_12588,debit_card,1,1130.88
ord_12589,cod,1,573.8
ord_12590,cod,1,2426.24
ord_12591,upi,1,519.97
ord_12592,upi,1,971.98
ord_12593,wallet,1,3020.58
ord_12594,credit_card,2,1012.63
ord_12595,cod,1,14700.62
ord_12596,debit_card,1,313.11
ord_12597,debit_card,1,437.17
ord_12598,cod,1,6728.77
ord_12599,upi,1,11851.58
ord_12600,credit_card,2,5188.51
ord_12601,credit_card,2,4701.54
ord_12602,debit_card,1,5994.41
ord_12603,cod,1,8152.76
ord_12604,cod,1,2162.72
ord_12605,upi,1,1512.42
ord_12606,debit_card,1,10987.03
ord_12607,debit_card,1,730.11
ord_12608,wallet,1,314.05
ord_12609,upi,1,1335.68
ord_12610,debit_card,1,3289.26
ord_12611,debit_card,1,19297.57
ord_12612,credit_card,3,1625.39
ord_12613,upi,1,740.57
ord_12614,upi,1,6415.45
ord_12615,credit_card,2,1521.33
ord_12616,credit_card,2,589.19
ord_12617,debit_card,1,1393.86
ord_12618,cod,1,2629.17
ord_12619,upi,1,1890.44
ord_12620,cod,1,16415.49
ord_12621,credit_card,3,5979.57
ord_12622,credit_card,4,7929.46
ord_12623,credit_card,5,14603.99
ord_12624,credit_card,1,9997.62
ord_12625,wallet,1,420.7
ord_12626,debit_card,1,2866.36
ord_12627,debit_card,1,1648.2
ord_12628,wallet,1,3154.37
ord_12629,upi,1,6358.82
ord_12630,upi,1,11370.71
ord_12631,upi,1,1245.28
ord_12632,credit_card,4,1658.4
ord_12633,upi,1,18525.22
ord_12634,upi,1,11772.17
ord_12635,upi,1,3582.26
ord_12636,credit_card,1,1952.04
ord_12637,credit_card,6,4332.41
ord_12638,debit_card,1,8216.08
ord_12639,upi,1,12622.67
ord_12640,upi,1,1043.72
ord_12641,upi,1,1811.01
ord_12642,upi,1,2653.07
ord_12643,debit_card,1,11599.45
ord_12644,cod,1,463.46
ord_12645,wallet,1,1419.19
ord_12646,credit_card,5,12145.9
ord_12647,debit_card,1,3221.77
ord_12648,credit_card,6,739.44
ord_12649,debit_card,1,1238.39
ord_12650,cod,1,854.62
ord_12651,wallet,1,496.41
ord_12652,wallet,1,388.12
ord_12653,debit_card,1,8620.68
ord_12654,credit_card,5,2329.06
ord_12655,cod,1,367.28
ord_12656,credit_card,5,1061.99
ord_12657,credit_card,4,377.61
ord_12658,upi,1,2669.01
ord_12659,upi,1,3043.83
ord_12660,credit_card,4,1279.74
ord_12661,upi,1,6494.42
ord_12662,upi,1,4700.9
ord_12663,upi,1,3737.75
ord_12664,cod,1,1357.09
ord_12665,wallet,1,7755.35
ord_12666,credit_card,3,313.06
ord_12667,wallet,1,713.97
ord_12668,credit_card,2,8951.38
ord_12669,cod,1,1793.89
ord_12670,credit_card,2,3907.9
ord_12671,upi,1,658.55
ord_12672,debit_card,1,7483.05
ord_12673,cod,1,4909.04
ord_12674,upi,1,12632.56
ord_12675,upi,1,9158.9
ord_12676,upi,1,3348.56
ord_12677,credit_card,6,1128.58
ord_12678,cod,1,7074.81
ord_12679,cod,1,2236.59
ord_12680,upi,1,3754.24
ord_12681,credit_card,4,664.27
ord_12682,upi,1,735.87
ord_12683,upi,1,11722.9
ord_12684,upi,1,1821.13
ord_12685,upi,1,775.36
ord_12686,cod,1,6632.1
ord_12687,credit_card,4,2312.84
ord_12688,upi,1,10405.77
ord_12689,debit_card,1,1049.54
ord_12690,credit_card,1,1230.94
ord_12691,credit_card,1,922.0
ord_12692,upi,1,8680.38
ord_12693,debit_card,1,1753.01
ord_12694,upi,1,13061.53
ord_12695,upi,1,2027.82
ord_12696,credit_card,5,7823.48
ord_12697,cod,1,7834.56
ord_12698,upi,1,1288.73
ord_12699,debit_card,1,11417.8
ord_12700,credit_card,5,2518.92
ord_12701,credit_card,1,1105.22
ord_12702,upi,1,2842.69
ord_12703,credit_card,2,1185.5
ord_12704,upi,1,1685.12
ord_12705,wallet,1,5536.83
ord_12706,upi,1,7962.82
ord_12707,debit_card,1,2137.24
ord_12708,credit_card,6,503.08
ord_12709,upi,1,2492.21
ord_12710,upi,1,869.49
ord_12711,upi,1,2106.67
ord_12712,debit_card,1,482.92
ord_12713,wallet,1,799.16
ord_12714,upi,1,2414.07
ord_12715,debit_card,1,7264.07
ord_12716,cod,1,1227.07
ord_12717,wallet,1,2132.67
ord_12718,upi,1,968.83
ord_12719,credit_card,1,970.36
ord_12720,upi,1,585.04
ord_12721,wallet,1,8255.28
ord_12722,upi,1,1894.19
ord_12723,wallet,1,2427.3
ord_12724,upi,1,703.55
ord_12725,cod,1,1182.14
ord_12726,upi,1,2119.67
ord_12727,debit_card,1,6874.03
ord_12728,credit_card,4,746.59
ord_12729,upi,1,6551.94
ord_12730,credit_card,6,2824.9
ord_12731,upi,1,446.26
ord_12732,upi,1,9176.23
ord_12733,cod,1,611.0
ord_12734,upi,1,6523.95
ord_12735,credit_card,2,1346.79
ord_12736,debit_card,1,1316.21
ord_12737,upi,1,5284.63
ord_12738,debit_card,1,2458.02
ord_12739,wallet,1,8127.47
ord_12740,credit_card,4,2150.62
ord_12741,credit_card,1,7104.86
ord_12742,upi,1,9962.05
ord_12743,credit_card,4,4943.8
ord_12744,upi,1,958.47
ord_12745,cod,1,550.32
ord_12746,upi,1,8486.45
ord_12747,cod,1,3098.56
ord_12748,upi,1,3609.33
ord_12749,upi,1,2182.77
ord_12750,upi,1,411.78
ord_12751,upi,1,6855.15
ord_12752,upi,1,14559.77
ord_12753,upi,1,362.13
ord_12754,wallet,1,1535.26
ord_12755,credit_card,4,4460.47
ord_12756,wallet,1,8848.96
ord_12757,credit_card,2,1206.5
ord_12758,cod,1,553.69
ord_12759,wallet,1,9748.38
ord_12760,upi,1,1691.64
ord_12761,upi,1,2327.06
ord_12762,upi,1,1109.91
ord_12763,credit_card,6,746.33
ord_12764,debit_card,1,11066.59
ord_12765,upi,1,2226.05
ord_12766,debit_card,1,1949.91
ord_12767,credit_card,3,8182.68
ord_12768,upi,1,5917.91
ord_12769,wallet,1,11299.84
ord_12770,upi,1,2584.09
ord_12771,cod,1,8413.39
ord_12772,upi,1,2311.17
ord_12773,cod,1,6381.0
ord_12774,credit_card,5,6477.08
ord_12775,debit_card,1,3278.7
ord_12776,cod,1,924.87
ord_12777,upi,1,10057.33
ord_12778,upi,1,8848.72
ord_12779,credit_card,4,8563.23
ord_12780,upi,1,692.06
ord_12781,upi,1,10003.77
ord_12782,credit_card,6,173.26
ord_12783,credit_card,6,3163.13
ord_12784,credit_card,4,1112.69
ord_12785,upi,1,2873.13
ord_12786,upi,1,12389.98
ord_12787,cod,1,3277.79
ord_12788,wallet,1,8767.86
ord_12789,upi,1,2777.53
ord_12790,credit_card,1,3056.94
ord_12791,credit_card,3,1511.73
ord_12792,upi,1,2324.08
ord_12793,upi,1,6850.48
ord_12794,debit_card,1,1702.94
ord_12795,credit_card,3,983.94
ord_12796,cod,1,2270.22
ord_12797,upi,1,595.19
ord_12798,credit_card,3,2530.62
ord_12799,debit_card,1,832.84
ord_12800,wallet,1,1769.99
ord_12801,debit_card,1,1530.01
ord_12802,credit_card,3,4440.46
ord_12803,upi,1,1109.48
ord_12804,upi,1,2120.52
ord_12805,upi,1,6157.17
ord_12806,upi,1,16194.38
ord_12807,upi,1,2365.07
ord_12808,wallet,1,835.81
ord_12809,upi,1,765.81
ord_12810,credit_card,4,564.78
ord_12811,wallet,1,1290.23
ord_12812,credit_card,1,22926.38
ord_12813,upi,1,935.12
ord_12814,credit_card,2,11745.34
ord_12815,upi,1,1698.26
ord_12816,wallet,1,3200.72
ord_12817,upi,1,8543.21
ord_12818,upi,1,3411.1
ord_12819,upi,1,1236.27
ord_12820,credit_card,5,705.19
ord_12821,debit_card,1,3437.18
ord_12822,upi,1,1545.88
ord_12823,wallet,1,492.25
ord_12824,cod,1,19457.46
ord_12825,credit_card,1,1530.94
ord_12826,credit_card,6,731.84
ord_12827,cod,1,12724.99
ord_12828,debit_card,1,7216.28
ord_12829,debit_card,1,11193.92
ord_12830,credit_card,2,16250.58
ord_12831,upi,1,8782.68
ord_12832,credit_card,6,2147.7
ord_12833,debit_card,1,700.16
ord_12834,upi,1,7112.81
ord_12835,credit_card,2,9438.48
ord_12836,credit_card,1,3099.91
ord_12837,upi,1,922.7
ord_12838,upi,1,748.75
ord_12839,cod,1,3707.24
ord_12840,upi,1,7464.7
ord_12841,credit_card,5,1251.66
ord_12842,cod,1,7914.56
ord_12843,upi,1,496.79
ord_12844,credit_card,5,4433.75
ord_12845,upi,1,804.42
ord_12846,upi,1,2045.45
ord_12847,upi,1,5548.03
ord_12848,upi,1,1730.11
ord_12849,cod,1,526.42
ord_12850,cod,1,12228.22
ord_12851,credit_card,6,7563.9
ord_12852,upi,1,12367.75
ord_12853,credit_card,3,10234.71
ord_12854,debit_card,1,2977.78
ord_12855,upi,1,163.33
ord_12856,upi,1,351.28
ord_12857,debit_card,1,2984.4
ord_12858,credit_card,5,7565.49
ord_12859,debit_card,1,2739.32
ord_12860,upi,1,779.38
ord_12861,upi,1,2385.76
ord_12862,credit_card,4,1544.95
ord_12863,credit_card,4,5560.16
ord_12864,upi,1,2966.32
ord_12865,credit_card,5,2559.76
ord_12866,upi,1,876.48
ord_12867,upi,1,845.85
ord_12868,upi,1,12465.22
ord_12869,credit_card,4,8365.19
ord_12870,debit_card,1,5899.01
ord_12871,upi,1,1906.73
ord_12872,debit_card,1,1588.9
ord_12873,credit_card,5,5964.61
ord_12874,credit_card,3,5854.8
ord_12875,cod,1,10846.03
ord_12876,credit_card,1,936.44
ord_12877,upi,1,374.51
ord_12878,upi,1,1662.93
ord_12879,wallet,1,2951.19
ord_12880,debit_card,1,8087.83
ord_12881,debit_card,1,10871.93
ord_12882,cod,1,743.6
ord_12883,credit_card,2,6564.16
ord_12884,upi,1,1504.68
ord_12885,credit_card,3,2079.65
ord_12886,credit_card,6,7600.57
ord_12887,upi,1,20964.42
ord_12888,upi,1,1864.34
ord_12889,credit_card,6,2956.54
ord_12890,credit_card,4,1821.6
ord_12891,upi,1,6519.23
ord_12892,cod,1,1179.16
ord_12893,upi,1,5984.62
ord_12894,cod,1,1759.82
ord_12895,credit_card,1,2087.66
ord_12896,upi,1,551.98
ord_12897,cod,1,463.16
ord_12898,upi,1,10199.02
ord_12899,credit_card,3,1229.39
ord_12900,credit_card,5,2231.43
ord_12901,cod,1,1219.54
ord_12902,credit_card,6,7000.91
ord_12903,credit_card,6,5098.72
ord_12904,cod,1,550.51
ord_12905,upi,1,2799.93
ord_12906,upi,1,591.39
ord_12907,credit_card,1,917.92
ord_12908,credit_card,6,891.78
ord_12909,upi,1,1923.38
ord_12910,upi,1,2033.48
ord_12911,credit_card,5,7509.98
ord_12912,credit_card,3,14159.18
ord_12913,credit_card,2,803.59
ord_12914,debit_card,1,1669.47
ord_12915,credit_card,2,5710.55
ord_12916,credit_card,2,1214.08
ord_12917,upi,1,1500.2
ord_12918,upi,1,1217.01
ord_12919,wallet,1,620.87
ord_12920,upi,1,7712.62
ord_12921,upi,1,1089.8
ord_12922,cod,1,6733.42
ord_12923,credit_card,1,501.03
ord_12924,debit_card,1,7526.98
ord_12925,upi,1,6617.78
ord_12926,credit_card,2,612.06
ord_12927,credit_card,1,11919.13
ord_12928,credit_card,4,2079.97
ord_12929,upi,1,6735.19
ord_12930,cod,1,1527.68
ord_12931,upi,1,10643.33
ord_12932,upi,1,9720.81
ord_12933,wallet,1,10534.91
ord_12934,upi,1,1324.4
ord_12935,upi,1,723.2
ord_12936,debit_card,1,5487.2
ord_12937,upi,1,7098.04
ord_12938,cod,1,2035.03
ord_12939,wallet,1,7783.61
ord_12940,upi,1,1287.92
ord_12941,credit_card,1,1219.57
ord_12942,credit_card,2,1089.33
ord_12943,upi,1,376.47
ord_12944,wallet,1,1932.66
ord_12945,upi,1,1134.44
ord_12946,credit_card,3,11042.57
ord_12947,debit_card,1,6876.09
ord_12948,upi,1,14520.79
ord_12949,credit_card,3,1694.54
ord_12950,cod,1,1310.56
ord_12951,credit_card,3,9909.34
ord_12952,wallet,1,9064.69
ord_12953,wallet,1,1124.28
ord_12954,credit_card,3,602.88
ord_12955,credit_card,4,3099.5
ord_12956,cod,1,7800.02
ord_12957,upi,1,1397.66
ord_12958,upi,1,1082.56
ord_12959,cod,1,15936.66
ord_12960,cod,1,595.09
ord_12961,wallet,1,4996.78
ord_12962,upi,1,3080.86
ord_12963,debit_card,1,1482.82
ord_12964,debit_card,1,1309.19
ord_12965,upi,1,10879.94
ord_12966,upi,1,2688.94
ord_12967,credit_card,5,2780.47
ord_12968,debit_card,1,6405.32
ord_12969,upi,1,24529.98
ord_12970,upi,1,1131.26
ord_12971,credit_card,2,5675.67
ord_12972,cod,1,6640.02
ord_12973,credit_card,5,11998.43
ord_12974,debit_card,1,4282.72
ord_12975,credit_card,5,2689.11
ord_12976,wallet,1,9236.04
ord_12977,cod,1,10912.8
ord_12978,debit_card,1,7542.29
ord_12979,credit_card,5,3174.07
ord_12980,wallet,1,12631.17
ord_12981,upi,1,1415.63
ord_12982,credit_card,4,783.34
ord_12983,credit_card,5,1521.02
ord_12984,cod,1,1898.26
ord_12985,debit_card,1,1585.2
ord_12986,wallet,1,618.07
ord_12987,upi,1,664.4
ord_12988,debit_card,1,5266.12
ord_12989,wallet,1,375.92
ord_12990,credit_card,6,646.27
ord_12991,upi,1,9219.94
ord_12992,cod,1,6185.99
ord_12993,debit_card,1,15732.74
ord_12994,debit_card,1,7086.74
ord_12995,wallet,1,1087.46
ord_12996,wallet,1,1970.61
ord_12997,credit_card,2,8199.29
ord_12998,credit_card,5,11115.21
ord_12999,upi,1,2835.5
ord_13000,upi,1,6868.19
ord_13001,credit_card,2,1254.26
ord_13002,wallet,1,1024.68
ord_13003,debit_card,1,981.32
ord_13004,credit_card,1,4488.02
ord_13005,upi,1,768.46
ord_13006,credit_card,3,10605.17
ord_13007,debit_card,1,3827.34
ord_13008,upi,1,2099.03
ord_13009,debit_card,1,3308.67
ord_13010,credit_card,1,2054.81
ord_13011,cod,1,11168.23
ord_13012,upi,1,5412.78
ord_13013,upi,1,5351.57
ord_13014,cod,1,5474.72
ord_13015,upi,1,1218.0
ord_13016,debit_card,1,2258.93
ord_13017,cod,1,950.29
ord_13018,wallet,1,12304.25
ord_13019,credit_card,6,1292.24
ord_13020,cod,1,2252.17
ord_13021,wallet,1,1295.78
ord_13022,upi,1,3370.99
ord_13023,upi,1,436.57
ord_13024,credit_card,5,3992.4
ord_13025,cod,1,8102.05
ord_13026,wallet,1,10373.53
ord_13027,credit_card,6,5428.87
ord_13028,upi,1,7888.92
ord_13029,upi,1,967.13
ord_13030,upi,1,8413.14
ord_13031,wallet,1,8128.56
ord_13032,upi,1,3084.08
ord_13033,wallet,1,1659.25
ord_13034,upi,1,12290.25
ord_13035,upi,1,10991.53
ord_13036,credit_card,2,1553.1
ord_13037,upi,1,1684.29
ord_13038,upi,1,10544.14
ord_13039,cod,1,7767.11
ord_13040,cod,1,12109.42
ord_13041,upi,1,6991.55
ord_13042,credit_card,6,10254.28
ord_13043,upi,1,1697.77
ord_13044,credit_card,3,4070.35
ord_13045,upi,1,10654.19
ord_13046,upi,1,1360.49
ord_13047,debit_card,1,7301.0
ord_13048,upi,1,2878.91
ord_13049,credit_card,5,2642.9
ord_13050,wallet,1,7319.8
ord_13051,cod,1,6075.18
ord_13052,credit_card,4,5960.4
ord_13053,debit_card,1,1127.36
ord_13054,cod,1,8598.99
ord_13055,upi,1,6142.03
ord_13056,upi,1,1221.3
ord_13057,credit_card,3,13176.12
ord_13058,credit_card,6,417.82
ord_13059,cod,1,7839.38
ord_13060,wallet,1,1572.89
ord_13061,cod,1,4760.43
ord_13062,upi,1,1198.42
ord_13063,upi,1,1308.08
ord_13064,credit_card,3,469.45
ord_13065,upi,1,1469.27
ord_13066,upi,1,9876.93
ord_13067,credit_card,5,9191.36
ord_13068,cod,1,10080.67
ord_13069,debit_card,1,9637.78
ord_13070,upi,1,10101.82
ord_13071,cod,1,2908.99
ord_13072,upi,1,2671.55
ord_13073,credit_card,3,1496.43
ord_13074,credit_card,6,3939.23
ord_13075,credit_card,2,1372.65
ord_13076,upi,1,1344.21
ord_13077,credit_card,2,1312.97
ord_13078,upi,1,3704.43
ord_13079,upi,1,402.31
ord_13080,upi,1,3468.35
ord_13081,upi,1,5407.74
ord_13082,wallet,1,1107.8
ord_13083,upi,1,363.26
ord_13084,credit_card,6,847.98
ord_13085,credit_card,1,5725.02
ord_13086,credit_card,3,18641.25
ord_13087,credit_card,5,8684.18
ord_13088,credit_card,5,922.73
ord_13089,upi,1,9574.53
ord_13090,upi,1,386.79
ord_13091,cod,1,5546.84
ord_13092,upi,1,9687.32
ord_13093,wallet,1,4859.09
ord_13094,credit_card,6,431.44
ord_13095,upi,1,529.95
ord_13096,upi,1,1202.01
ord_13097,cod,1,284.1
ord_13098,wallet,1,1136.03
ord_13099,credit_card,1,2093.85
ord_13100,wallet,1,9977.78
ord_13101,debit_card,1,9111.46
ord_13102,debit_card,1,3372.2
ord_13103,cod,1,477.56
ord_13104,upi,1,7358.98
ord_13105,credit_card,6,892.82
ord_13106,upi,1,1476.65
ord_13107,wallet,1,1668.3
ord_13108,cod,1,8932.45
ord_13109,upi,1,515.65
ord_13110,upi,1,8587.71
ord_13111,debit_card,1,661.4
ord_13112,credit_card,4,7369.76
ord_13113,cod,1,1512.83
ord_13114,debit_card,1,782.0
ord_13115,upi,1,816.09
ord_13116,upi,1,4872.13
ord_13117,credit_card,2,1078.31
ord_13118,upi,1,9208.65
ord_13119,debit_card,1,1173.54
ord_13120,upi,1,24330.55
ord_13121,credit_card,1,464.44
ord_13122,cod,1,3560.88
ord_13123,wallet,1,1949.53
ord_13124,debit_card,1,16732.44
ord_13125,upi,1,1268.23
ord_13126,cod,1,7861.52
ord_13127,upi,1,11548.46
ord_13128,credit_card,3,3377.45
ord_13129,debit_card,1,6469.08
ord_13130,upi,1,2947.7
ord_13131,upi,1,495.96
ord_13132,upi,1,630.12
ord_13133,debit_card,1,1443.14
ord_13134,upi,1,11298.49
ord_13135,credit_card,2,19078.23
ord_13136,upi,1,4855.94
ord_13137,debit_card,1,2645.5
ord_13138,upi,1,507.53
ord_13139,credit_card,2,1016.39
ord_13140,cod,1,16812.89
ord_13141,upi,1,4046.71
ord_13142,upi,1,165.5
ord_13143,upi,1,1029.04
ord_13144,upi,1,1545.4
ord_13145,debit_card,1,4098.35
ord_13146,upi,1,5566.96
ord_13147,wallet,1,1502.91
ord_13148,debit_card,1,2422.8
ord_13149,cod,1,14701.21
ord_13150,debit_card,1,766.81
ord_13151,debit_card,1,12215.28
ord_13152,credit_card,3,7369.88
ord_13153,upi,1,2561.22
ord_13154,debit_card,1,4516.47
ord_13155,upi,1,2445.78
ord_13156,debit_card,1,3502.79
ord_13157,debit_card,1,1959.57
ord_13158,credit_card,6,5771.02
ord_13159,wallet,1,3442.87
ord_13160,credit_card,1,367.36
ord_13161,cod,1,1114.62
ord_13162,wallet,1,2946.77
ord_13163,upi,1,6801.38
ord_13164,upi,1,1369.06
ord_13165,upi,1,7494.25
ord_13166,credit_card,1,2288.24
ord_13167,upi,1,2807.84
ord_13168,wallet,1,1839.5
ord_13169,debit_card,1,2236.49
ord_13170,upi,1,6702.75
ord_13171,debit_card,1,22948.02
ord_13172,upi,1,937.96
ord_13173,upi,1,8496.24
ord_13174,credit_card,4,1713.82
ord_13175,wallet,1,294.54
ord_13176,upi,1,487.91
ord_13177,credit_card,5,1581.92
ord_13178,credit_card,4,2864.99
ord_13179,debit_card,1,2498.39
ord_13180,upi,1,650.21
ord_13181,cod,1,13637.33
ord_13182,upi,1,9153.32
ord_13183,wallet,1,7964.16
ord_13184,wallet,1,2712.33
ord_13185,upi,1,608.68
ord_13186,upi,1,5314.51
ord_13187,upi,1,6623.42
ord_13188,upi,1,729.02
ord_13189,cod,1,6758.69
ord_13190,upi,1,18859.83
ord_13191,credit_card,5,8261.32
ord_13192,upi,1,18195.8
ord_13193,cod,1,10991.57
ord_13194,credit_card,2,4017.97
ord_13195,upi,1,1718.05
ord_13196,debit_card,1,6082.68
ord_13197,credit_card,3,5828.52
ord_13198,upi,1,6927.49
ord_13199,credit_card,2,743.6
ord_13200,debit_card,1,11941.37
ord_13201,cod,1,8252.12
ord_13202,upi,1,525.36
ord_13203,wallet,1,7146.19
ord_13204,credit_card,2,13653.67
ord_13205,upi,1,13912.85
ord_13206,upi,1,3189.2
ord_13207,upi,1,8420.19
ord_13208,debit_card,1,7823.36
ord_13209,credit_card,6,434.22
ord_13210,credit_card,5,11932.5
ord_13211,cod,1,487.13
ord_13212,upi,1,1141.56
ord_13213,upi,1,8671.8
ord_13214,upi,1,598.64
ord_13215,credit_card,2,1999.21
ord_13216,debit_card,1,2092.87
ord_13217,credit_card,3,7385.55
ord_13218,cod,1,4028.95
ord_13219,upi,1,7552.18
ord_13220,credit_card,4,8082.49
ord_13221,credit_card,1,6812.37
ord_13222,cod,1,9727.57
ord_13223,upi,1,507.86
ord_13224,credit_card,1,7476.4
ord_13225,debit_card,1,2768.25
ord_13226,cod,1,1458.43
ord_13227,credit_card,5,1631.27
ord_13228,upi,1,2081.18
ord_13229,upi,1,993.94
ord_13230,credit_card,4,6353.9
ord_13231,upi,1,995.37
ord_13232,upi,1,1417.66
ord_13233,credit_card,2,2118.43
ord_13234,credit_card,4,2027.46
ord_13235,upi,1,1324.65
ord_13236,wallet,1,11622.17
ord_13237,upi,1,930.02
ord_13238,debit_card,1,11428.78
ord_13239,credit_card,6,5476.24
ord_13240,debit_card,1,5455.19
ord_13241,credit_card,2,8900.22
ord_13242,credit_card,5,416.59
ord_13243,credit_card,3,2196.88
ord_13244,upi,1,17572.93
ord_13245,debit_card,1,9190.33
ord_13246,upi,1,4759.25
ord_13247,cod,1,456.64
ord_13248,credit_card,3,5775.79
ord_13249,upi,1,6486.55
ord_13250,cod,1,941.28
ord_13251,upi,1,13777.74
ord_13252,credit_card,2,829.58
ord_13253,upi,1,4385.47
ord_13254,credit_card,5,13961.28
ord_13255,upi,1,1360.35
ord_13256,credit_card,4,9528.58
ord_13257,upi,1,153.16
ord_13258,cod,1,592.27
ord_13259,wallet,1,3061.85
ord_13260,cod,1,590.79
ord_13261,credit_card,4,382.25
ord_13262,debit_card,1,9157.42
ord_13263,credit_card,6,11601.1
ord_13264,cod,1,7727.64
ord_13265,credit_card,5,2625.73
ord_13266,credit_card,6,6766.76
ord_13267,upi,1,18699.95
ord_13268,credit_card,4,1704.04
ord_13269,wallet,1,877.93
ord_13270,credit_card,5,3283.64
ord_13271,upi,1,867.27
ord_13272,debit_card,1,1026.59
ord_13273,debit_card,1,1397.3
ord_13274,cod,1,16104.83
ord_13275,credit_card,4,4503.37
ord_13276,wallet,1,1332.58
ord_13277,upi,1,4439.71
ord_13278,credit_card,5,6407.5
ord_13279,debit_card,1,13460.73
ord_13280,cod,1,9726.71
ord_13281,credit_card,3,5731.0
ord_13282,upi,1,2946.87
ord_13283,debit_card,1,6570.88
ord_13284,upi,1,7876.37
ord_13285,upi,1,834.88
ord_13286,upi,1,1067.34
ord_13287,upi,1,9852.82
ord_13288,credit_card,1,1882.96
ord_13289,upi,1,8993.01
ord_13290,upi,1,13149.6
ord_13291,credit_card,2,3053.47
ord_13292,credit_card,4,10247.62
ord_13293,credit_card,4,730.19
ord_13294,credit_card,2,2362.55
ord_13295,credit_card,3,950.89
ord_13296,upi,1,1369.0
ord_13297,cod,1,8229.31
ord_13298,upi,1,1094.72
ord_13299,upi,1,13381.81
ord_13300,debit_card,1,1041.63
ord_13301,wallet,1,861.51
ord_13302,upi,1,557.14
ord_13303,debit_card,1,5149.07
ord_13304,upi,1,14541.86
ord_13305,upi,1,881.69
ord_13306,credit_card,5,5920.39
ord_13307,upi,1,7379.11
ord_13308,credit_card,2,637.88
ord_13309,upi,1,6564.32
ord_13310,upi,1,2141.75
ord_13311,upi,1,811.76
ord_13312,upi,1,1489.0
ord_13313,debit_card,1,7735.87
ord_13314,credit_card,6,681.63
ord_13315,credit_card,4,617.97
ord_13316,upi,1,7711.82
ord_13317,cod,1,1163.47
ord_13318,credit_card,5,1170.29
ord_13319,upi,1,3275.72
ord_13320,credit_card,6,2423.27
ord_13321,upi,1,1585.05
ord_13322,upi,1,445.34
ord_13323,wallet,1,441.37
ord_13324,credit_card,6,13179.6
ord_13325,credit_card,5,7132.63
ord_13326,credit_card,4,430.96
ord_13327,wallet,1,13727.51
ord_13328,upi,1,17110.02
ord_13329,cod,1,8889.55
ord_13330,upi,1,1830.51
ord_13331,credit_card,6,8562.8
ord_13332,upi,1,1685.86
ord_13333,cod,1,8524.56
ord_13334,upi,1,6287.42
ord_13335,credit_card,4,2553.28
ord_13336,wallet,1,1923.2
ord_13337,cod,1,8656.24
ord_13338,debit_card,1,1803.1
ord_13339,debit_card,1,3104.13
ord_13340,upi,1,845.6
ord_13341,upi,1,1094.87
ord_13342,credit_card,5,3619.03
ord_13343,debit_card,1,2292.81
ord_13344,credit_card,2,9294.68
ord_13345,upi,1,1276.08
ord_13346,cod,1,2297.26
ord_13347,upi,1,8211.35
ord_13348,upi,1,1573.24
ord_13349,credit_card,2,199.82
ord_13350,credit_card,3,8413.48
ord_13351,credit_card,1,489.68
ord_13352,upi,1,504.36
ord_13353,debit_card,1,2184.78
ord_13354,upi,1,958.41
ord_13355,upi,1,4578.76
ord_13356,cod,1,2825.82
ord_13357,upi,1,477.09
ord_13358,credit_card,1,1036.02
ord_13359,cod,1,1024.49
ord_13360,upi,1,6813.87
ord_13361,credit_card,6,2205.41
ord_13362,debit_card,1,8977.13
ord_13363,credit_card,6,2453.88
ord_13364,credit_card,4,768.06
ord_13365,upi,1,4563.16
ord_13366,debit_card,1,9450.95
ord_13367,upi,1,9892.02
ord_13368,wallet,1,319.48
ord_13369,upi,1,8345.16
ord_13370,debit_card,1,3769.06
ord_13371,wallet,1,8017.06
ord_13372,upi,1,3474.66
ord_13373,cod,1,1627.07
ord_13374,cod,1,9591.31
ord_13375,wallet,1,985.2
ord_13376,credit_card,4,2908.28
ord_13377,wallet,1,9863.05
ord_13378,upi,1,13751.05
ord_13379,wallet,1,6780.68
ord_13380,upi,1,393.23
ord_13381,credit_card,4,1991.91
ord_13382,wallet,1,4712.12
ord_13383,debit_card,1,6497.56
ord_13384,upi,1,10852.43
ord_13385,debit_card,1,5899.24
ord_13386,credit_card,3,7600.09
ord_13387,upi,1,2539.78
ord_13388,upi,1,1055.45
ord_13389,upi,1,13736.8
ord_13390,upi,1,9766.31
ord_13391,credit_card,5,372.77
ord_13392,upi,1,6165.27
ord_13393,credit_card,1,1317.39
ord_13394,credit_card,5,6619.36
ord_13395,credit_card,5,1102.89
ord_13396,upi,1,2879.23
ord_13397,debit_card,1,14438.39
ord_13398,credit_card,6,2710.43
ord_13399,debit_card,1,4514.85
ord_13400,upi,1,1865.44
ord_13401,cod,1,1441.55
ord_13402,credit_card,1,6774.84
ord_13403,cod,1,412.65
ord_13404,upi,1,2122.91
ord_13405,upi,1,822.65
ord_13406,cod,1,1404.82
ord_13407,upi,1,3098.58
ord_13408,upi,1,8426.13
ord_13409,credit_card,6,10208.6
ord_13410,credit_card,4,723.93
ord_13411,upi,1,820.3
ord_13412,cod,1,11851.13
ord_13413,credit_card,3,5369.56
ord_13414,cod,1,771.17
ord_13415,credit_card,5,6167.54
ord_13416,upi,1,7642.13
ord_13417,upi,1,6445.89
ord_13418,upi,1,1710.94
ord_13419,wallet,1,3967.33
ord_13420,debit_card,1,13674.59
ord_13421,upi,1,6080.87
ord_13422,upi,1,2591.61
ord_13423,upi,1,4026.88
ord_13424,credit_card,2,14171.13
ord_13425,cod,1,1152.41
ord_13426,upi,1,11184.78
ord_13427,debit_card,1,851.63
ord_13428,credit_card,4,7872.13
ord_13429,wallet,1,2402.0
ord_13430,upi,1,9350.44
ord_13431,credit_card,1,466.72
ord_13432,credit_card,6,479.22
ord_13433,wallet,1,6996.71
ord_13434,upi,1,1760.93
ord_13435,credit_card,1,2770.45
ord_13436,credit_card,5,1703.29
ord_13437,debit_card,1,643.34
ord_13438,cod,1,2327.03
ord_13439,upi,1,4876.0
ord_13440,debit_card,1,2393.9
ord_13441,wallet,1,3340.46
ord_13442,upi,1,12241.28
ord_13443,debit_card,1,5744.79
ord_13444,debit_card,1,1732.72
ord_13445,cod,1,7863.86
ord_13446,upi,1,15790.12
ord_13447,debit_card,1,2678.7
ord_13448,debit_card,1,955.97
ord_13449,credit_card,6,3734.51
ord_13450,upi,1,6517.83
ord_13451,credit_card,6,13572.35
ord_13452,upi,1,1058.18
ord_13453,credit_card,3,1354.78
ord_13454,credit_card,2,7637.69
ord_13455,debit_card,1,3905.04
ord_13456,wallet,1,6258.08
ord_13457,credit_card,4,1177.84
ord_13458,credit_card,6,2647.87
ord_13459,credit_card,6,1515.67
ord_13460,cod,1,9363.41
ord_13461,upi,1,1334.12
ord_13462,upi,1,2995.64
ord_13463,upi,1,350.35
ord_13464,credit_card,6,11655.4
ord_13465,upi,1,5781.75
ord_13466,wallet,1,10393.68
ord_13467,credit_card,2,635.3
ord_13468,upi,1,6902.34
ord_13469,cod,1,8151.84
ord_13470,cod,1,2748.67
ord_13471,credit_card,2,872.33
ord_13472,upi,1,478.82
ord_13473,credit_card,5,7568.21
ord_13474,credit_card,1,1547.74
ord_13475,wallet,1,1299.82
ord_13476,upi,1,11936.62
ord_13477,debit_card,1,2324.18
ord_13478,upi,1,1485.11
ord_13479,cod,1,471.52
ord_13480,upi,1,3943.16
ord_13481,upi,1,3209.52
ord_13482,upi,1,1521.55
ord_13483,credit_card,1,1785.79
ord_13484,cod,1,4944.39
ord_13485,debit_card,1,2534.84
ord_13486,wallet,1,1800.94
ord_13487,upi,1,2521.95
ord_13488,upi,1,4272.01
ord_13489,cod,1,2944.37
ord_13490,upi,1,1089.3
ord_13491,upi,1,7978.01
ord_13492,upi,1,696.87
ord_13493,upi,1,5974.69
ord_13494,credit_card,3,6937.72
ord_13495,upi,1,499.64
ord_13496,upi,1,2362.92
ord_13497,wallet,1,1230.64
ord_13498,debit_card,1,6424.72
ord_13499,cod,1,887.1
ord_13500,upi,1,2611.6
ord_13501,cod,1,3010.17
ord_13502,credit_card,4,7142.89
ord_13503,credit_card,1,404.41
ord_13504,upi,1,7162.82
ord_13505,debit_card,1,3550.26
ord_13506,upi,1,1650.19
ord_13507,debit_card,1,10704.31
ord_13508,upi,1,7700.45
ord_13509,upi,1,9189.47
ord_13510,upi,1,2932.54
ord_13511,upi,1,417.58
ord_13512,cod,1,1245.05
ord_13513,debit_card,1,1776.22
ord_13514,upi,1,2470.54
ord_13515,credit_card,6,886.3
ord_13516,credit_card,2,4028.8
ord_13517,upi,1,7695.14
ord_13518,credit_card,4,808.03
ord_13519,cod,1,558.54
ord_13520,wallet,1,13751.56
ord_13521,upi,1,485.25
ord_13522,upi,1,1230.58
ord_13523,upi,1,1065.65
ord_13524,wallet,1,3608.45
ord_13525,cod,1,13326.9
ord_13526,upi,1,10906.12
ord_13527,upi,1,1054.3
ord_13528,wallet,1,547.97
ord_13529,upi,1,5693.88
ord_13530,debit_card,1,3241.31
ord_13531,credit_card,4,1147.43
ord_13532,upi,1,769.4
ord_13533,debit_card,1,213.06
ord_13534,upi,1,1771.62
ord_13535,cod,1,2731.51
ord_13536,debit_card,1,1363.9
ord_13537,wallet,1,1369.57
ord_13538,debit_card,1,5329.22
ord_13539,upi,1,3847.32
ord_13540,upi,1,561.99
ord_13541,upi,1,1484.2
ord_13542,cod,1,1486.07
ord_13543,wallet,1,8376.71
ord_13544,credit_card,2,8120.27
ord_13545,upi,1,7827.97
ord_13546,wallet,1,10654.92
ord_13547,upi,1,1026.09
ord_13548,upi,1,1792.03
ord_13549,credit_card,4,145.57
ord_13550,upi,1,2521.21
ord_13551,wallet,1,1350.98
ord_13552,debit_card,1,1055.24
ord_13553,debit_card,1,356.48
ord_13554,credit_card,5,597.35
ord_13555,upi,1,11004.89
ord_13556,credit_card,6,7636.45
ord_13557,upi,1,7235.52
ord_13558,upi,1,3624.02
ord_13559,credit_card,3,2746.59
ord_13560,wallet,1,203.58
ord_13561,upi,1,1083.78
ord_13562,upi,1,6525.96
ord_13563,wallet,1,424.17
ord_13564,cod,1,796.63
ord_13565,upi,1,9666.25
ord_13566,debit_card,1,532.82
ord_13567,upi,1,2046.61
ord_13568,cod,1,2487.5
ord_13569,cod,1,5618.4
ord_13570,upi,1,1598.96
ord_13571,debit_card,1,7155.12
ord_13572,upi,1,3140.44
ord_13573,upi,1,3518.28
ord_13574,credit_card,1,500.48
ord_13575,wallet,1,18436.58
ord_13576,upi,1,601.92
ord_13577,upi,1,10507.09
ord_13578,upi,1,3507.24
ord_13579,cod,1,1516.68
ord_13580,upi,1,19043.98
ord_13581,upi,1,1623.99
ord_13582,upi,1,2506.91
ord_13583,debit_card,1,519.69
ord_13584,upi,1,4370.33
ord_13585,upi,1,5894.22
ord_13586,upi,1,3879.94
ord_13587,upi,1,3186.05
ord_13588,wallet,1,426.96
ord_13589,credit_card,1,360.6
ord_13590,upi,1,2711.81
ord_13591,upi,1,2437.35
ord_13592,credit_card,4,11000.54
ord_13593,credit_card,5,11568.78
ord_13594,upi,1,1018.96
ord_13595,credit_card,6,2145.51
ord_13596,upi,1,1321.45
ord_13597,upi,1,7164.21
ord_13598,cod,1,11090.65
ord_13599,upi,1,719.35
ord_13600,cod,1,16812.87
ord_13601,upi,1,1423.2
ord_13602,upi,1,1207.83
ord_13603,credit_card,6,244.36
ord_13604,credit_card,5,2082.26
ord_13605,upi,1,636.59
ord_13606,credit_card,3,12484.64
ord_13607,credit_card,2,892.98
ord_13608,wallet,1,14751.04
ord_13609,credit_card,1,528.25
ord_13610,wallet,1,2655.64
ord_13611,debit_card,1,5005.7
ord_13612,debit_card,1,1477.98
ord_13613,wallet,1,1133.15
ord_13614,credit_card,4,1195.95
ord_13615,credit_card,3,1526.68
ord_13616,upi,1,9351.46
ord_13617,upi,1,14762.57
ord_13618,upi,1,8329.76
ord_13619,credit_card,5,11217.8
ord_13620,credit_card,3,1102.14
ord_13621,upi,1,2794.03
ord_13622,wallet,1,12304.58
ord_13623,credit_card,6,996.32
ord_13624,credit_card,2,4512.8
ord_13625,debit_card,1,5447.78
ord_13626,cod,1,1283.33
ord_13627,upi,1,2085.46
ord_13628,upi,1,1072.6
ord_13629,upi,1,4072.81
ord_13630,debit_card,1,1033.25
ord_13631,upi,1,10574.54
ord_13632,debit_card,1,4742.22
ord_13633,upi,1,508.02
ord_13634,credit_card,3,552.12
ord_13635,cod,1,7418.04
ord_13636,cod,1,2086.45
ord_13637,upi,1,10355.27
ord_13638,debit_card,1,2122.3
ord_13639,upi,1,11137.93
ord_13640,credit_card,2,2122.15
ord_13641,credit_card,4,1099.49
ord_13642,upi,1,7416.28
ord_13643,cod,1,1002.55
ord_13644,wallet,1,1270.5
ord_13645,upi,1,2446.57
ord_13646,upi,1,10080.75
ord_13647,upi,1,3125.32
ord_13648,upi,1,1572.58
ord_13649,cod,1,778.69
ord_13650,wallet,1,968.65
ord_13651,credit_card,2,4566.62
ord_13652,credit_card,6,929.72
ord_13653,cod,1,4045.37
ord_13654,credit_card,6,1567.88
ord_13655,cod,1,3249.58
ord_13656,credit_card,1,1736.98
ord_13657,debit_card,1,3382.65
ord_13658,upi,1,2635.22
ord_13659,credit_card,6,1075.54
ord_13660,upi,1,824.75
ord_13661,wallet,1,1455.74
ord_13662,debit_card,1,17247.22
ord_13663,upi,1,5855.78
ord_13664,credit_card,1,12450.48
ord_13665,debit_card,1,16447.65
ord_13666,cod,1,9765.09
ord_13667,upi,1,2427.2
ord_13668,upi,1,1238.58
ord_13669,cod,1,628.62
ord_13670,upi,1,4993.65
ord_13671,upi,1,1683.13
ord_13672,debit_card,1,1085.39
ord_13673,upi,1,2850.96
ord_13674,credit_card,3,531.48
ord_13675,upi,1,792.98
ord_13676,credit_card,4,2099.62
ord_13677,cod,1,1916.51
ord_13678,upi,1,691.9
ord_13679,cod,1,1685.79
ord_13680,debit_card,1,2355.18
ord_13681,upi,1,1795.27
ord_13682,credit_card,4,7599.61
ord_13683,upi,1,2535.64
ord_13684,credit_card,2,3016.06
ord_13685,credit_card,5,15313.3
ord_13686,cod,1,441.85
ord_13687,wallet,1,1521.84
ord_13688,upi,1,1084.63
ord_13689,credit_card,2,1254.29
ord_13690,upi,1,1136.53
ord_13691,credit_card,3,9490.25
ord_13692,credit_card,2,1516.48
ord_13693,upi,1,3224.2
ord_13694,upi,1,3582.92
ord_13695,cod,1,652.25
ord_13696,debit_card,1,1228.24
ord_13697,credit_card,4,7767.4
ord_13698,cod,1,498.9
ord_13699,credit_card,4,15835.06
ord_13700,upi,1,3388.89
ord_13701,wallet,1,1376.06
ord_13702,upi,1,6460.06
ord_13703,upi,1,20547.32
ord_13704,credit_card,5,1227.8
ord_13705,wallet,1,7789.01
ord_13706,wallet,1,1137.52
ord_13707,wallet,1,10716.68
ord_13708,cod,1,1025.86
ord_13709,credit_card,3,15508.46
ord_13710,upi,1,1698.58
ord_13711,upi,1,9829.43
ord_13712,credit_card,3,1434.4
ord_13713,upi,1,1490.89
ord_13714,upi,1,172.32
ord_13715,upi,1,1153.91
ord_13716,upi,1,9217.06
ord_13717,cod,1,2405.94
ord_13718,upi,1,860.4
ord_13719,upi,1,3989.73
ord_13720,credit_card,6,484.59
ord_13721,upi,1,1097.51
ord_13722,wallet,1,2335.11
ord_13723,wallet,1,1691.7
ord_13724,cod,1,11207.35
ord_13725,wallet,1,1168.93
ord_13726,credit_card,6,1298.2
ord_13727,upi,1,9131.85
ord_13728,wallet,1,1076.46
ord_13729,upi,1,2462.77
ord_13730,credit_card,6,6634.79
ord_13731,wallet,1,10283.6
ord_13732,upi,1,12636.57
ord_13733,upi,1,1610.28
ord_13734,credit_card,4,1390.4
ord_13735,credit_card,3,4373.62
ord_13736,upi,1,8009.49
ord_13737,cod,1,12452.12
ord_13738,cod,1,428.21
ord_13739,cod,1,1431.86
ord_13740,debit_card,1,6857.6
ord_13741,credit_card,3,17645.61
ord_13742,upi,1,16090.05
ord_13743,credit_card,4,2688.58
ord_13744,debit_card,1,858.28
ord_13745,credit_card,6,2096.94
ord_13746,upi,1,2662.64
ord_13747,debit_card,1,622.85
ord_13748,credit_card,1,17483.57
ord_13749,upi,1,2506.17
ord_13750,credit_card,5,7974.92
ord_13751,wallet,1,1510.64
ord_13752,debit_card,1,2030.03
ord_13753,debit_card,1,3593.31
ord_13754,credit_card,3,1001.99
ord_13755,upi,1,884.17
ord_13756,credit_card,5,8481.89
ord_13757,debit_card,1,800.66
ord_13758,upi,1,3729.93
ord_13759,cod,1,1147.57
ord_13760,upi,1,16888.6
ord_13761,credit_card,3,3171.84
ord_13762,upi,1,2314.49
ord_13763,upi,1,1372.55
ord_13764,upi,1,1677.51
ord_13765,cod,1,1694.77
ord_13766,wallet,1,491.7
ord_13767,debit_card,1,22791.99
ord_13768,upi,1,7999.07
ord_13769,upi,1,3130.6
ord_13770,credit_card,2,2107.7
ord_13771,credit_card,6,8643.54
ord_13772,debit_card,1,1818.18
ord_13773,credit_card,4,2463.28
ord_13774,credit_card,5,1546.11
ord_13775,wallet,1,830.09
ord_13776,upi,1,2818.22
ord_13777,upi,1,2575.25
ord_13778,upi,1,6647.86
ord_13779,upi,1,519.43
ord_13780,upi,1,1170.18
ord_13781,upi,1,7678.12
ord_13782,debit_card,1,6701.7
ord_13783,upi,1,11470.53
ord_13784,wallet,1,8436.04
ord_13785,credit_card,3,11136.74
ord_13786,upi,1,2328.16
ord_13787,wallet,1,1944.78
ord_13788,upi,1,15145.63
ord_13789,wallet,1,3026.84
ord_13790,credit_card,2,1288.99
ord_13791,upi,1,1817.01
ord_13792,cod,1,1116.98
ord_13793,credit_card,6,1505.96
ord_13794,upi,1,6108.63
ord_13795,wallet,1,2290.43
ord_13796,upi,1,1393.83
ord_13797,credit_card,6,883.91
ord_13798,wallet,1,1302.05
ord_13799,credit_card,5,6954.34
ord_13800,upi,1,6373.34
ord_13801,upi,1,1032.91
ord_13802,credit_card,4,2221.58
ord_13803,upi,1,701.78
ord_13804,upi,1,7441.7
ord_13805,credit_card,2,1204.32
ord_13806,cod,1,9225.85
ord_13807,credit_card,5,1011.64
ord_13808,credit_card,6,1476.25
ord_13809,credit_card,3,3373.31
ord_13810,upi,1,2212.95
ord_13811,cod,1,1357.62
ord_13812,upi,1,1671.06
ord_13813,cod,1,2766.58
ord_13814,credit_card,3,8079.28
ord_13815,cod,1,3429.1
ord_13816,debit_card,1,8557.94
ord_13817,credit_card,5,9012.48
ord_13818,upi,1,13815.7
ord_13819,upi,1,4378.13
ord_13820,credit_card,1,3112.86
ord_13821,wallet,1,7322.18
ord_13822,upi,1,5761.73
ord_13823,upi,1,11501.18
ord_13824,upi,1,8162.95
ord_13825,cod,1,13166.11
ord_13826,cod,1,2458.71
ord_13827,upi,1,9039.79
ord_13828,wallet,1,1884.2
ord_13829,cod,1,680.47
ord_13830,cod,1,14199.78
ord_13831,debit_card,1,10935.82
ord_13832,debit_card,1,900.33
ord_13833,upi,1,618.56
ord_13834,cod,1,8210.4
ord_13835,upi,1,3843.3
ord_13836,upi,1,3055.71
ord_13837,upi,1,20621.36
ord_13838,wallet,1,2257.85
ord_13839,upi,1,7727.13
ord_13840,cod,1,5230.65
ord_13841,upi,1,5969.27
ord_13842,upi,1,817.64
ord_13843,upi,1,6670.0
ord_13844,upi,1,2917.0
ord_13845,wallet,1,6279.37
ord_13846,debit_card,1,623.4
ord_13847,credit_card,5,2885.65
ord_13848,credit_card,6,2242.07
ord_13849,credit_card,4,9865.07
ord_13850,credit_card,5,1538.29
ord_13851,upi,1,3540.24
ord_13852,debit_card,1,2862.16
ord_13853,credit_card,1,3380.2
ord_13854,wallet,1,2457.05
ord_13855,upi,1,928.24
ord_13856,cod,1,8920.5
ord_13857,debit_card,1,7952.76
ord_13858,wallet,1,7644.81
ord_13859,debit_card,1,2997.27
ord_13860,debit_card,1,20405.57
ord_13861,upi,1,3291.9
ord_13862,wallet,1,298.82
ord_13863,credit_card,1,5884.83
ord_13864,upi,1,10748.76
ord_13865,upi,1,1730.45
ord_13866,cod,1,733.65
ord_13867,upi,1,1654.55
ord_13868,upi,1,11526.16
ord_13869,upi,1,7328.74
ord_13870,debit_card,1,3444.83
ord_13871,cod,1,3181.87
ord_13872,credit_card,1,1544.86
ord_13873,credit_card,4,6270.01
ord_13874,upi,1,9304.7
ord_13875,credit_card,4,906.52
ord_13876,upi,1,2860.24
ord_13877,cod,1,5858.82
ord_13878,debit_card,1,9006.58
ord_13879,credit_card,6,1462.62
ord_13880,credit_card,3,6444.29
ord_13881,cod,1,3652.36
ord_13882,credit_card,5,11645.07
ord_13883,credit_card,1,6905.0
ord_13884,debit_card,1,731.25
ord_13885,cod,1,10473.95
ord_13886,upi,1,6944.88
ord_13887,cod,1,7006.16
ord_13888,credit_card,5,2643.68
ord_13889,credit_card,1,513.12
ord_13890,wallet,1,7987.79
ord_13891,cod,1,1630.52
ord_13892,credit_card,4,5001.24
ord_13893,upi,1,3353.92
ord_13894,upi,1,8189.22
ord_13895,wallet,1,3988.47
ord_13896,upi,1,561.97
ord_13897,credit_card,4,1734.64
ord_13898,upi,1,2388.03
ord_13899,credit_card,1,609.47
ord_13900,cod,1,1280.26
ord_13901,credit_card,1,8327.35
ord_13902,credit_card,6,14524.44
ord_13903,cod,1,1237.7
ord_13904,credit_card,5,2189.95
ord_13905,debit_card,1,832.21
ord_13906,credit_card,2,2099.44
ord_13907,credit_card,6,5606.44
ord_13908,credit_card,6,2397.28
ord_13909,debit_card,1,1023.19
ord_13910,upi,1,4792.73
ord_13911,credit_card,3,2066.4
ord_13912,upi,1,1505.42
ord_13913,upi,1,1327.07
ord_13914,upi,1,459.35
ord_13915,credit_card,5,1907.56
ord_13916,credit_card,1,6884.04
ord_13917,cod,1,1519.73
ord_13918,credit_card,5,8684.91
ord_13919,upi,1,2739.24
ord_13920,upi,1,1239.05
ord_13921,cod,1,1440.94
ord_13922,cod,1,4519.7
ord_13923,cod,1,1938.16
ord_13924,debit_card,1,987.93
ord_13925,credit_card,1,1848.92
ord_13926,cod,1,7699.9
ord_13927,credit_card,6,4001.29
ord_13928,upi,1,1556.98
ord_13929,credit_card,4,2196.88
ord_13930,debit_card,1,2472.01
ord_13931,debit_card,1,1786.37
ord_13932,upi,1,5486.58
ord_13933,upi,1,1437.19
ord_13934,credit_card,5,1205.14
ord_13935,credit_card,5,1941.8
ord_13936,credit_card,3,1337.75
ord_13937,debit_card,1,7263.62
ord_13938,wallet,1,1407.27
ord_13939,debit_card,1,3090.67
ord_13940,upi,1,1435.2
ord_13941,debit_card,1,1689.95
ord_13942,credit_card,6,1388.45
ord_13943,credit_card,2,376.89
ord_13944,upi,1,6231.39
ord_13945,cod,1,1617.2
ord_13946,cod,1,4984.59
ord_13947,credit_card,6,412.82
ord_13948,credit_card,4,3021.86
ord_13949,debit_card,1,7902.13
ord_13950,upi,1,1460.38
ord_13951,wallet,1,7538.25
ord_13952,wallet,1,8869.8
ord_13953,wallet,1,3580.93
ord_13954,cod,1,6011.79
ord_13955,upi,1,13134.71
ord_13956,cod,1,1224.52
ord_13957,wallet,1,8326.24
ord_13958,upi,1,1849.02
ord_13959,upi,1,1014.3
ord_13960,upi,1,13989.48
ord_13961,upi,1,3783.19
ord_13962,credit_card,1,5588.73
ord_13963,wallet,1,3535.11
ord_13964,upi,1,467.36
ord_13965,wallet,1,5690.04
ord_13966,wallet,1,667.43
ord_13967,wallet,1,2985.7
ord_13968,upi,1,7121.41
ord_13969,debit_card,1,5182.61
ord_13970,upi,1,3268.47
ord_13971,cod,1,2038.17
ord_13972,cod,1,6932.42
ord_13973,credit_card,1,1602.32
ord_13974,upi,1,1532.84
ord_13975,credit_card,4,4779.14
ord_13976,wallet,1,2766.33
ord_13977,debit_card,1,5374.0
ord_13978,debit_card,1,476.58
ord_13979,upi,1,486.98
ord_13980,credit_card,3,1679.03
ord_13981,upi,1,7006.0
ord_13982,cod,1,1291.46
ord_13983,credit_card,4,1393.63
ord_13984,upi,1,2852.33
ord_13985,upi,1,1418.04
ord_13986,upi,1,6835.93
ord_13987,debit_card,1,6076.35
ord_13988,credit_card,4,9844.55
ord_13989,credit_card,3,1115.62
ord_13990,cod,1,1244.06
ord_13991,debit_card,1,10657.38
ord_13992,credit_card,4,2711.84
ord_13993,upi,1,2973.74
ord_13994,upi,1,1982.05
ord_13995,credit_card,5,2911.71
ord_13996,debit_card,1,1762.52
ord_13997,upi,1,2639.52
ord_13998,upi,1,1926.54
ord_13999,upi,1,6613.74
ord_14000,credit_card,4,8932.51
ord_14001,credit_card,2,2180.56
ord_14002,credit_card,4,1548.81
ord_14003,debit_card,1,726.13
ord_14004,cod,1,364.39
ord_14005,credit_card,2,1863.47
ord_14006,upi,1,1881.47
ord_14007,upi,1,7217.93
ord_14008,credit_card,3,2904.45
ord_14009,upi,1,11346.3
ord_14010,credit_card,1,11190.19
ord_14011,credit_card,2,6855.96
ord_14012,wallet,1,754.39
ord_14013,debit_card,1,14384.72
ord_14014,debit_card,1,947.57
ord_14015,credit_card,4,7366.22
ord_14016,cod,1,1166.7
ord_14017,debit_card,1,1658.04
ord_14018,upi,1,2869.77
ord_14019,debit_card,1,2078.65
ord_14020,upi,1,4458.49
ord_14021,upi,1,7702.15
ord_14022,wallet,1,6664.73
ord_14023,wallet,1,552.83
ord_14024,upi,1,7371.89
ord_14025,credit_card,1,2166.87
ord_14026,credit_card,4,2557.52
ord_14027,credit_card,4,2365.35
ord_14028,upi,1,13125.21
ord_14029,cod,1,2414.23
ord_14030,upi,1,203.36
ord_14031,upi,1,410.59
ord_14032,cod,1,4685.16
ord_14033,cod,1,1078.61
ord_14034,cod,1,1114.46
ord_14035,upi,1,1928.57
ord_14036,credit_card,4,593.89
ord_14037,cod,1,5336.65
ord_14038,upi,1,5527.62
ord_14039,credit_card,3,2393.48
ord_14040,wallet,1,1620.45
ord_14041,credit_card,2,2047.66
ord_14042,upi,1,542.93
ord_14043,credit_card,3,8087.47
ord_14044,wallet,1,16958.15
ord_14045,credit_card,6,3638.49
ord_14046,credit_card,3,446.71
ord_14047,cod,1,1551.8
ord_14048,credit_card,6,7716.31
ord_14049,upi,1,9642.08
ord_14050,upi,1,9625.52
ord_14051,upi,1,2752.64
ord_14052,cod,1,315.03
ord_14053,credit_card,1,924.99
ord_14054,credit_card,1,383.63
ord_14055,upi,1,1020.42
ord_14056,credit_card,3,11832.79
ord_14057,upi,1,890.7
ord_14058,upi,1,4045.62
ord_14059,credit_card,4,478.33
ord_14060,upi,1,2366.44
ord_14061,upi,1,6407.5
ord_14062,upi,1,956.5
ord_14063,credit_card,3,9241.39
ord_14064,upi,1,12933.66
ord_14065,credit_card,1,2267.76
ord_14066,credit_card,3,19986.56
ord_14067,cod,1,2522.53
ord_14068,debit_card,1,3428.47
ord_14069,debit_card,1,794.4
ord_14070,upi,1,11430.73
ord_14071,upi,1,9815.24
ord_14072,debit_card,1,9788.79
ord_14073,upi,1,13745.25
ord_14074,upi,1,2156.21
ord_14075,credit_card,2,1082.11
ord_14076,cod,1,7545.68
ord_14077,cod,1,7002.37
ord_14078,upi,1,1225.97
ord_14079,upi,1,2201.4
ord_14080,wallet,1,2455.93
ord_14081,debit_card,1,378.1
ord_14082,wallet,1,1292.85
ord_14083,upi,1,1417.89
ord_14084,cod,1,2091.57
ord_14085,upi,1,8501.61
ord_14086,upi,1,1414.98
ord_14087,debit_card,1,1106.89
ord_14088,cod,1,1746.61
ord_14089,upi,1,2207.75
ord_14090,credit_card,3,3328.95
ord_14091,upi,1,588.5
ord_14092,upi,1,841.22
ord_14093,credit_card,6,9939.3
ord_14094,debit_card,1,544.97
ord_14095,upi,1,773.26
ord_14096,debit_card,1,2728.89
ord_14097,upi,1,6114.85
ord_14098,wallet,1,1393.55
ord_14099,cod,1,1094.7
ord_14100,upi,1,5623.48
ord_14101,upi,1,2405.24
ord_14102,upi,1,608.79
ord_14103,upi,1,1772.97
ord_14104,debit_card,1,7788.04
ord_14105,upi,1,3595.92
ord_14106,upi,1,1272.88
ord_14107,wallet,1,10161.64
ord_14108,credit_card,2,9123.21
ord_14109,upi,1,2705.15
ord_14110,credit_card,3,1043.93
ord_14111,upi,1,8713.49
ord_14112,upi,1,7394.7
ord_14113,wallet,1,2816.41
ord_14114,cod,1,343.26
ord_14115,upi,1,855.63
ord_14116,credit_card,5,6407.79
ord_14117,upi,1,612.97
ord_14118,upi,1,9901.59
ord_14119,cod,1,2516.8
ord_14120,upi,1,418.59
ord_14121,credit_card,5,6066.51
ord_14122,debit_card,1,13686.27
ord_14123,upi,1,10057.58
ord_14124,credit_card,5,8608.92
ord_14125,credit_card,5,10432.05
ord_14126,upi,1,720.86
ord_14127,credit_card,6,1809.09
ord_14128,wallet,1,15452.23
ord_14129,cod,1,10220.38
ord_14130,upi,1,3027.6
ord_14131,upi,1,729.15
ord_14132,debit_card,1,1713.68
ord_14133,upi,1,7922.37
ord_14134,wallet,1,3327.84
ord_14135,cod,1,8056.72
ord_14136,debit_card,1,657.36
ord_14137,credit_card,2,512.17
ord_14138,upi,1,1944.66
ord_14139,cod,1,255.73
ord_14140,credit_card,2,17070.32
ord_14141,debit_card,1,2633.83
ord_14142,upi,1,8428.46
ord_14143,cod,1,2592.02
ord_14144,credit_card,5,1693.32
ord_14145,cod,1,8637.54
ord_14146,credit_card,4,528.76
ord_14147,debit_card,1,2197.22
ord_14148,upi,1,1382.01
ord_14149,wallet,1,2133.0
ord_14150,credit_card,3,1027.8
ord_14151,upi,1,1080.27
ord_14152,credit_card,3,1179.51
ord_14153,debit_card,1,640.08
ord_14154,upi,1,2305.57
ord_14155,credit_card,6,11521.7
ord_14156,cod,1,3641.75
ord_14157,debit_card,1,3000.22
ord_14158,debit_card,1,3918.9
ord_14159,upi,1,1645.39
ord_14160,credit_card,6,7312.58
ord_14161,credit_card,2,5506.22
ord_14162,debit_card,1,7545.64
ord_14163,cod,1,3515.48
ord_14164,credit_card,1,2355.88
ord_14165,upi,1,731.77
ord_14166,upi,1,894.54
ord_14167,debit_card,1,668.23
ord_14168,credit_card,2,9729.86
ord_14169,credit_card,1,1500.36
ord_14170,credit_card,1,8084.11
ord_14171,upi,1,9713.01
ord_14172,credit_card,6,738.88
ord_14173,upi,1,13174.82
ord_14174,credit_card,2,1453.45
ord_14175,credit_card,5,1099.89
ord_14176,credit_card,3,9626.77
ord_14177,debit_card,1,1123.53
ord_14178,upi,1,1240.69
ord_14179,upi,1,11679.21
ord_14180,credit_card,6,1134.7
ord_14181,upi,1,3771.1
ord_14182,credit_card,1,7196.26
ord_14183,credit_card,2,2304.59
ord_14184,wallet,1,3557.76
ord_14185,cod,1,1319.25
ord_14186,cod,1,4611.57
ord_14187,upi,1,2323.67
ord_14188,upi,1,9105.59
ord_14189,credit_card,3,2673.04
ord_14190,upi,1,1501.25
ord_14191,cod,1,2370.39
ord_14192,upi,1,1645.69
ord_14193,upi,1,4774.51
ord_14194,debit_card,1,6634.79
ord_14195,credit_card,2,1011.02
ord_14196,credit_card,4,2776.53
ord_14197,credit_card,1,8856.8
ord_14198,credit_card,4,2364.55
ord_14199,upi,1,3403.57
ord_14200,credit_card,2,1660.65
ord_14201,debit_card,1,15338.69
ord_14202,credit_card,3,4909.33
ord_14203,credit_card,3,9911.21
ord_14204,wallet,1,1324.82
ord_14205,debit_card,1,1451.78
ord_14206,debit_card,1,5938.28
ord_14207,debit_card,1,2707.99
ord_14208,credit_card,4,1584.0
ord_14209,wallet,1,7771.34
ord_14210,credit_card,5,15922.87
ord_14211,credit_card,6,491.36
ord_14212,upi,1,2571.26
ord_14213,debit_card,1,4983.6
ord_14214,credit_card,5,11099.65
ord_14215,credit_card,2,13837.54
ord_14216,debit_card,1,1583.86
ord_14217,credit_card,6,3230.66
ord_14218,cod,1,13606.72
ord_14219,upi,1,885.77
ord_14220,wallet,1,1964.08
ord_14221,upi,1,7330.54
ord_14222,wallet,1,8554.72
ord_14223,upi,1,13170.18
ord_14224,upi,1,1324.42
ord_14225,upi,1,1991.69
ord_14226,upi,1,7141.81
ord_14227,upi,1,4338.45
ord_14228,credit_card,3,1624.84
ord_14229,upi,1,1726.57
ord_14230,credit_card,1,638.89
ord_14231,upi,1,650.33
ord_14232,upi,1,1979.91
ord_14233,wallet,1,466.49
ord_14234,upi,1,1089.15
ord_14235,credit_card,4,6604.44
ord_14236,wallet,1,497.04
ord_14237,upi,1,12775.07
ord_14238,credit_card,2,11403.24
ord_14239,debit_card,1,7920.66
ord_14240,cod,1,8217.0
ord_14241,upi,1,3961.04
ord_14242,debit_card,1,3884.39
ord_14243,credit_card,4,8289.95
ord_14244,credit_card,6,9807.64
ord_14245,debit_card,1,1397.61
ord_14246,wallet,1,3438.18
ord_14247,debit_card,1,1940.27
ord_14248,upi,1,4002.94
ord_14249,upi,1,1013.89
ord_14250,upi,1,1560.54
ord_14251,debit_card,1,8584.62
ord_14252,cod,1,2094.05
ord_14253,credit_card,4,433.32
ord_14254,upi,1,612.28
ord_14255,cod,1,2289.02
ord_14256,debit_card,1,6833.45
ord_14257,upi,1,1345.93
ord_14258,wallet,1,4571.46
ord_14259,debit_card,1,1910.45
ord_14260,credit_card,1,1029.18
ord_14261,wallet,1,1902.82
ord_14262,cod,1,8885.43
ord_14263,upi,1,529.36
ord_14264,credit_card,4,11639.88
ord_14265,credit_card,6,6398.82
ord_14266,upi,1,7749.91
ord_14267,credit_card,1,459.7
ord_14268,credit_card,3,257.65
ord_14269,upi,1,5963.2
ord_14270,upi,1,2156.22
ord_14271,credit_card,3,2014.42
ord_14272,upi,1,7201.84
ord_14273,credit_card,2,1137.39
ord_14274,debit_card,1,1341.19
ord_14275,upi,1,1118.36
ord_14276,upi,1,8784.94
ord_14277,debit_card,1,3869.3
ord_14278,wallet,1,2285.08
ord_14279,credit_card,6,9101.06
ord_14280,upi,1,6871.22
ord_14281,upi,1,12765.76
ord_14282,debit_card,1,5395.35
ord_14283,upi,1,609.66
ord_14284,upi,1,2692.63
ord_14285,upi,1,347.7
ord_14286,credit_card,4,540.12
ord_14287,upi,1,7316.42
ord_14288,credit_card,2,1189.49
ord_14289,debit_card,1,2616.01
ord_14290,wallet,1,15151.19
ord_14291,upi,1,680.54
ord_14292,upi,1,1705.68
ord_14293,wallet,1,1519.69
ord_14294,cod,1,8983.79
ord_14295,credit_card,2,7609.97
ord_14296,upi,1,900.76
ord_14297,upi,1,628.74
ord_14298,debit_card,1,12075.39
ord_14299,wallet,1,622.3
ord_14300,upi,1,23248.48
ord_14301,upi,1,1418.99
ord_14302,debit_card,1,6710.71
ord_14303,upi,1,6948.25
ord_14304,credit_card,1,14673.09
ord_14305,upi,1,8258.6
ord_14306,debit_card,1,3230.56
ord_14307,cod,1,16963.39
ord_14308,debit_card,1,1799.07
ord_14309,wallet,1,4083.83
ord_14310,upi,1,8964.93
ord_14311,credit_card,5,8796.83
ord_14312,upi,1,497.67
ord_14313,debit_card,1,963.43
ord_14314,debit_card,1,569.88
ord_14315,credit_card,3,3329.48
ord_14316,upi,1,860.34
ord_14317,credit_card,2,646.66
ord_14318,cod,1,2233.67
ord_14319,credit_card,1,2838.54
ord_14320,wallet,1,1720.71
ord_14321,upi,1,3591.49
ord_14322,cod,1,429.54
ord_14323,upi,1,4143.65
ord_14324,upi,1,379.42
ord_14325,upi,1,1287.22
ord_14326,cod,1,5432.86
ord_14327,credit_card,1,3063.35
ord_14328,cod,1,12736.38
ord_14329,upi,1,5684.11
ord_14330,cod,1,790.21
ord_14331,debit_card,1,1665.32
ord_14332,credit_card,2,607.88
ord_14333,upi,1,15373.68
ord_14334,upi,1,5403.5
ord_14335,upi,1,1084.77
ord_14336,upi,1,8524.88
ord_14337,credit_card,5,2748.44
ord_14338,upi,1,502.5
ord_14339,wallet,1,2079.76
ord_14340,credit_card,3,476.82
ord_14341,debit_card,1,2100.08
ord_14342,credit_card,1,2138.1
ord_14343,debit_card,1,767.96
ord_14344,upi,1,1078.83
ord_14345,credit_card,3,1195.7
ord_14346,upi,1,6773.92
ord_14347,upi,1,1994.77
ord_14348,credit_card,5,2313.16
ord_14349,wallet,1,722.71
ord_14350,credit_card,2,7104.32
ord_14351,debit_card,1,8699.49
ord_14352,upi,1,8249.83
ord_14353,wallet,1,976.11
ord_14354,wallet,1,1390.89
ord_14355,wallet,1,7020.16
ord_14356,upi,1,6267.68
ord_14357,cod,1,6525.84
ord_14358,upi,1,499.49
ord_14359,upi,1,4010.57
ord_14360,upi,1,3449.8
ord_14361,credit_card,2,886.67
ord_14362,credit_card,4,1924.56
ord_14363,upi,1,7656.56
ord_14364,upi,1,4869.95
ord_14365,wallet,1,1916.15
ord_14366,credit_card,6,2099.89
ord_14367,wallet,1,492.46
ord_14368,upi,1,4126.94
ord_14369,upi,1,2273.31
ord_14370,upi,1,3544.57
ord_14371,upi,1,1747.0
ord_14372,debit_card,1,1721.65
ord_14373,wallet,1,2427.4
ord_14374,upi,1,326.57
ord_14375,cod,1,744.1
ord_14376,upi,1,9577.19
ord_14377,upi,1,423.91
ord_14378,credit_card,6,658.05
ord_14379,cod,1,6359.89
ord_14380,credit_card,1,2088.76
ord_14381,credit_card,6,441.51
ord_14382,upi,1,4964.3
ord_14383,credit_card,5,5561.73
ord_14384,wallet,1,18354.61
ord_14385,credit_card,1,1967.27
ord_14386,credit_card,1,531.47
ord_14387,upi,1,2226.28
ord_14388,wallet,1,685.55
ord_14389,cod,1,1517.53
ord_14390,credit_card,2,7743.08
ord_14391,credit_card,2,5815.71
ord_14392,upi,1,426.97
ord_14393,credit_card,3,2400.45
ord_14394,upi,1,5488.81
ord_14395,upi,1,10029.57
ord_14396,cod,1,3623.46
ord_14397,upi,1,9195.7
ord_14398,upi,1,2647.01
ord_14399,credit_card,5,358.23
ord_14400,upi,1,8251.32
ord_14401,cod,1,7110.72
ord_14402,upi,1,918.07
ord_14403,credit_card,1,8112.8
ord_14404,upi,1,5430.9
ord_14405,credit_card,1,1853.4
ord_14406,cod,1,1627.65
ord_14407,credit_card,3,1311.77
ord_14408,cod,1,1290.24
ord_14409,upi,1,1847.59
ord_14410,cod,1,7830.95
ord_14411,cod,1,10119.19
ord_14412,credit_card,4,8073.51
ord_14413,upi,1,2009.53
ord_14414,upi,1,943.25
ord_14415,cod,1,3965.61
ord_14416,cod,1,1204.75
ord_14417,debit_card,1,845.45
ord_14418,upi,1,9647.48
ord_14419,credit_card,5,2016.66
ord_14420,debit_card,1,1157.31
ord_14421,credit_card,6,938.2
ord_14422,credit_card,1,8213.43
ord_14423,upi,1,9298.21
ord_14424,credit_card,2,7779.64
ord_14425,upi,1,13971.64
ord_14426,upi,1,9387.87
ord_14427,upi,1,11128.12
ord_14428,credit_card,6,2209.0
ord_14429,debit_card,1,7211.48
ord_14430,credit_card,5,1430.49
ord_14431,cod,1,1398.86
ord_14432,credit_card,3,2097.59
ord_14433,upi,1,950.39
ord_14434,wallet,1,6512.59
ord_14435,credit_card,2,2054.75
ord_14436,wallet,1,5417.89
ord_14437,upi,1,12890.9
ord_14438,cod,1,14516.8
ord_14439,credit_card,3,1174.24
ord_14440,credit_card,2,808.51
ord_14441,wallet,1,404.25
ord_14442,debit_card,1,1419.35
ord_14443,upi,1,8489.07
ord_14444,cod,1,3459.73
ord_14445,cod,1,1898.45
ord_14446,credit_card,1,8478.92
ord_14447,upi,1,10263.03
ord_14448,upi,1,3262.73
ord_14449,upi,1,1923.49
ord_14450,cod,1,4466.1
ord_14451,wallet,1,11529.24
ord_14452,cod,1,11682.7
ord_14453,credit_card,4,1685.93
ord_14454,upi,1,182.18
ord_14455,credit_card,3,1091.35
ord_14456,upi,1,4146.68
ord_14457,upi,1,15596.39
ord_14458,credit_card,1,2995.24
ord_14459,cod,1,1245.5
ord_14460,credit_card,1,929.43
ord_14461,cod,1,2775.29
ord_14462,debit_card,1,650.13
ord_14463,cod,1,2560.98
ord_14464,cod,1,1894.55
ord_14465,credit_card,6,3102.59
ord_14466,upi,1,1585.45
ord_14467,upi,1,1975.56
ord_14468,credit_card,5,1726.74
ord_14469,cod,1,11736.59
ord_14470,upi,1,2915.46
ord_14471,upi,1,2160.53
ord_14472,cod,1,1988.31
ord_14473,upi,1,1177.06
ord_14474,credit_card,2,8887.87
ord_14475,upi,1,1314.44
ord_14476,credit_card,3,862.82
ord_14477,credit_card,6,1331.95
ord_14478,wallet,1,2781.59
ord_14479,cod,1,484.85
ord_14480,credit_card,3,7845.64
ord_14481,upi,1,7963.94
ord_14482,credit_card,3,1532.05
ord_14483,upi,1,1309.52
ord_14484,upi,1,1167.34
ord_14485,upi,1,3122.71
ord_14486,credit_card,4,1363.58
ord_14487,upi,1,9347.7
ord_14488,credit_card,3,1128.18
ord_14489,cod,1,6985.49
ord_14490,credit_card,1,256.91
ord_14491,credit_card,3,15638.92
ord_14492,upi,1,2864.57
ord_14493,wallet,1,9439.21
ord_14494,credit_card,2,14409.19
ord_14495,debit_card,1,1633.32
ord_14496,credit_card,4,3150.68
ord_14497,cod,1,9514.45
ord_14498,upi,1,9205.43
ord_14499,debit_card,1,897.56
ord_14500,cod,1,6196.24
ord_14501,credit_card,6,3826.03
ord_14502,cod,1,1566.09
ord_14503,upi,1,2454.43
ord_14504,upi,1,5026.82
ord_14505,upi,1,437.93
ord_14506,wallet,1,6733.26
ord_14507,upi,1,1386.58
ord_14508,credit_card,6,11229.28
ord_14509,credit_card,6,13859.13
ord_14510,credit_card,4,3024.34
ord_14511,cod,1,3160.78
ord_14512,credit_card,5,2643.5
ord_14513,credit_card,2,2825.04
ord_14514,upi,1,1497.92
ord_14515,credit_card,2,19997.57
ord_14516,upi,1,1876.8
ord_14517,debit_card,1,3236.55
ord_14518,debit_card,1,2712.05
ord_14519,upi,1,2432.88
ord_14520,wallet,1,6868.88
ord_14521,upi,1,1263.22
ord_14522,debit_card,1,623.6
ord_14523,upi,1,7192.69
ord_14524,upi,1,7779.69
ord_14525,debit_card,1,2693.53
ord_14526,debit_card,1,3564.16
ord_14527,upi,1,6260.12
ord_14528,upi,1,1208.25
ord_14529,upi,1,569.65
ord_14530,credit_card,6,3015.65
ord_14531,upi,1,6146.36
ord_14532,credit_card,3,6619.87
ord_14533,wallet,1,11216.76
ord_14534,upi,1,1754.85
ord_14535,upi,1,1313.43
ord_14536,credit_card,2,1022.42
ord_14537,wallet,1,3816.13
ord_14538,wallet,1,5312.91
ord_14539,upi,1,412.93
ord_14540,cod,1,487.0
ord_14541,upi,1,461.32
ord_14542,cod,1,12273.86
ord_14543,credit_card,1,1592.23
ord_14544,upi,1,8857.42
ord_14545,cod,1,7761.65
ord_14546,debit_card,1,9111.03
ord_14547,upi,1,1524.61
ord_14548,upi,1,4001.85
ord_14549,upi,1,7664.78
ord_14550,upi,1,11507.54
ord_14551,upi,1,1143.77
ord_14552,upi,1,15837.93
ord_14553,credit_card,3,8224.73
ord_14554,credit_card,5,954.59
ord_14555,debit_card,1,4325.93
ord_14556,upi,1,2809.79
ord_14557,credit_card,3,2045.1
ord_14558,upi,1,745.19
ord_14559,credit_card,1,7035.71
ord_14560,wallet,1,1330.62
ord_14561,credit_card,3,3049.01
ord_14562,credit_card,3,2870.47
ord_14563,upi,1,747.54
ord_14564,upi,1,1183.42
ord_14565,credit_card,4,286.13
ord_14566,credit_card,4,6612.96
ord_14567,upi,1,12104.66
ord_14568,upi,1,2221.84
ord_14569,upi,1,644.69
ord_14570,credit_card,6,1661.98
ord_14571,upi,1,9130.55
ord_14572,upi,1,2912.27
ord_14573,upi,1,3923.04
ord_14574,upi,1,6369.11
ord_14575,wallet,1,2476.2
ord_14576,credit_card,6,850.26
ord_14577,cod,1,1465.58
ord_14578,credit_card,5,2510.88
ord_14579,upi,1,2491.13
ord_14580,cod,1,631.77
ord_14581,credit_card,3,5083.19
ord_14582,debit_card,1,1756.47
ord_14583,upi,1,1867.94
ord_14584,credit_card,1,1991.24
ord_14585,credit_card,3,613.42
ord_14586,upi,1,1507.41
ord_14587,cod,1,762.53
ord_14588,credit_card,6,2432.64
ord_14589,upi,1,1998.61
ord_14590,upi,1,3471.03
ord_14591,upi,1,4410.3
ord_14592,upi,1,1886.71
ord_14593,credit_card,3,3344.87
ord_14594,credit_card,2,1715.78
ord_14595,cod,1,2277.86
ord_14596,upi,1,887.54
ord_14597,credit_card,5,899.96
ord_14598,upi,1,5026.92
ord_14599,cod,1,6528.84
ord_14600,debit_card,1,398.99
ord_14601,upi,1,5123.68
ord_14602,credit_card,4,25830.44
ord_14603,upi,1,1355.63
ord_14604,credit_card,5,7915.53
ord_14605,upi,1,12645.34
ord_14606,credit_card,1,1424.12
ord_14607,credit_card,4,1465.08
ord_14608,credit_card,5,5265.43
ord_14609,cod,1,3135.55
ord_14610,cod,1,1288.04
ord_14611,upi,1,12978.05
ord_14612,credit_card,2,2188.26
ord_14613,debit_card,1,13558.87
ord_14614,cod,1,1359.04
ord_14615,upi,1,9075.49
ord_14616,upi,1,1186.76
ord_14617,credit_card,6,2292.3
ord_14618,upi,1,12782.49
ord_14619,credit_card,1,1596.69
ord_14620,wallet,1,5368.5
ord_14621,upi,1,17840.9
ord_14622,upi,1,7185.62
ord_14623,debit_card,1,6528.01
ord_14624,upi,1,784.58
ord_14625,upi,1,3025.65
ord_14626,upi,1,6275.97
ord_14627,upi,1,2932.4
ord_14628,credit_card,5,288.08
ord_14629,upi,1,15808.07
ord_14630,cod,1,9047.49
ord_14631,upi,1,11610.8
ord_14632,credit_card,1,7874.41
ord_14633,cod,1,494.04
ord_14634,upi,1,489.0
ord_14635,credit_card,4,6667.13
ord_14636,credit_card,2,432.98
ord_14637,credit_card,4,10024.9
ord_14638,credit_card,5,1564.47
ord_14639,credit_card,3,5574.92
ord_14640,upi,1,11451.38
ord_14641,upi,1,3164.95
ord_14642,credit_card,3,7208.09
ord_14643,credit_card,3,4259.5
ord_14644,upi,1,807.76
ord_14645,upi,1,7392.07
ord_14646,wallet,1,615.55
ord_14647,credit_card,3,1649.21
ord_14648,upi,1,209.36
ord_14649,wallet,1,10131.12
ord_14650,upi,1,746.9
ord_14651,wallet,1,1845.93
ord_14652,upi,1,1419.63
ord_14653,upi,1,12616.59
ord_14654,debit_card,1,4304.1
ord_14655,credit_card,3,1873.34
ord_14656,credit_card,5,19073.32
ord_14657,upi,1,926.55
ord_14658,upi,1,5033.11
ord_14659,credit_card,2,771.36
ord_14660,credit_card,4,934.46
ord_14661,cod,1,3807.61
ord_14662,credit_card,6,4240.37
ord_14663,credit_card,2,698.66
ord_14664,credit_card,3,1788.29
ord_14665,upi,1,803.74
ord_14666,credit_card,4,1200.21
ord_14667,upi,1,6868.52
ord_14668,upi,1,2016.93
ord_14669,credit_card,2,10915.44
ord_14670,credit_card,3,668.39
ord_14671,upi,1,1574.13
ord_14672,credit_card,1,1360.23
ord_14673,debit_card,1,870.57
ord_14674,upi,1,1760.65
ord_14675,credit_card,6,13084.47
ord_14676,upi,1,3376.26
ord_14677,cod,1,5402.99
ord_14678,credit_card,2,1749.01
ord_14679,credit_card,3,8195.53
ord_14680,upi,1,1842.23
ord_14681,credit_card,4,6235.7
ord_14682,credit_card,1,8209.65
ord_14683,wallet,1,962.09
ord_14684,upi,1,833.07
ord_14685,upi,1,880.92
ord_14686,credit_card,3,3774.13
ord_14687,debit_card,1,826.75
ord_14688,upi,1,1036.09
ord_14689,debit_card,1,12139.14
ord_14690,upi,1,7472.69
ord_14691,cod,1,3007.85
ord_14692,upi,1,1814.33
ord_14693,debit_card,1,2971.93
ord_14694,upi,1,1307.48
ord_14695,debit_card,1,1200.72
ord_14696,credit_card,4,9610.26
ord_14697,upi,1,2661.09
ord_14698,credit_card,5,159.63
ord_14699,debit_card,1,1174.0
ord_14700,wallet,1,10284.42
ord_14701,upi,1,5374.71
ord_14702,wallet,1,8638.84
ord_14703,credit_card,3,222.71
ord_14704,upi,1,8128.7
ord_14705,credit_card,1,976.85
ord_14706,credit_card,6,8474.53
ord_14707,upi,1,17865.42
ord_14708,upi,1,6000.57
ord_14709,debit_card,1,350.45
ord_14710,credit_card,6,6250.5
ord_14711,wallet,1,400.9
ord_14712,credit_card,1,1147.38
ord_14713,cod,1,8068.18
ord_14714,wallet,1,7028.45
ord_14715,credit_card,6,7312.95
ord_14716,credit_card,1,4365.29
ord_14717,credit_card,6,383.81
ord_14718,wallet,1,10144.16
ord_14719,upi,1,9952.59
ord_14720,credit_card,4,2384.06
ord_14721,cod,1,2198.08
ord_14722,debit_card,1,5574.1
ord_14723,credit_card,2,5709.44
ord_14724,credit_card,4,8260.7
ord_14725,debit_card,1,715.93
ord_14726,upi,1,3741.05
ord_14727,credit_card,4,582.73
ord_14728,debit_card,1,2568.81
ord_14729,debit_card,1,7019.35
ord_14730,upi,1,10213.26
ord_14731,upi,1,2303.81
ord_14732,cod,1,6816.56
ord_14733,wallet,1,11661.16
ord_14734,debit_card,1,3310.7
ord_14735,debit_card,1,1251.66
ord_14736,cod,1,1391.92
ord_14737,upi,1,9431.21
ord_14738,wallet,1,7465.05
ord_14739,cod,1,720.83
ord_14740,debit_card,1,9987.41
ord_14741,cod,1,1114.95
ord_14742,upi,1,11413.57
ord_14743,wallet,1,7495.88
ord_14744,debit_card,1,831.95
ord_14745,upi,1,1072.51
ord_14746,upi,1,717.96
ord_14747,debit_card,1,4853.43
ord_14748,upi,1,11772.93
ord_14749,credit_card,1,14006.18
ord_14750,credit_card,4,991.15
ord_14751,credit_card,6,814.39
ord_14752,upi,1,6371.04
ord_14753,credit_card,6,7564.42
ord_14754,credit_card,3,13557.44
ord_14755,credit_card,4,3071.33
ord_14756,wallet,1,575.07
ord_14757,wallet,1,2163.98
ord_14758,upi,1,2894.59
ord_14759,credit_card,3,1624.25
ord_14760,credit_card,5,3171.99
ord_14761,debit_card,1,9777.44
ord_14762,cod,1,7306.83
ord_14763,upi,1,10028.12
ord_14764,upi,1,6026.4
ord_14765,upi,1,13254.39
ord_14766,debit_card,1,14278.06
ord_14767,credit_card,5,823.61
ord_14768,upi,1,7753.32
ord_14769,wallet,1,5370.76
ord_14770,upi,1,9056.05
ord_14771,debit_card,1,358.47
ord_14772,upi,1,6065.69
ord_14773,wallet,1,773.85
ord_14774,credit_card,6,1800.47
ord_14775,credit_card,3,1381.18
ord_14776,upi,1,511.86
ord_14777,wallet,1,7277.42
ord_14778,credit_card,3,8842.2
ord_14779,wallet,1,2080.26
ord_14780,upi,1,2329.69
ord_14781,cod,1,8597.71
ord_14782,debit_card,1,2922.1
ord_14783,upi,1,12258.25
ord_14784,upi,1,3391.62
ord_14785,upi,1,2208.07
ord_14786,credit_card,3,10596.67
ord_14787,upi,1,1039.7
ord_14788,credit_card,5,2457.94
ord_14789,upi,1,1080.2
ord_14790,wallet,1,1686.12
ord_14791,cod,1,382.58
ord_14792,credit_card,3,6874.59
ord_14793,credit_card,2,8725.48
ord_14794,upi,1,1975.84
ord_14795,upi,1,1447.48
ord_14796,debit_card,1,2797.71
ord_14797,upi,1,8522.72
ord_14798,wallet,1,1465.74
ord_14799,debit_card,1,973.53
ord_14800,wallet,1,5374.87
ord_14801,wallet,1,7530.47
ord_14802,upi,1,9673.22
ord_14803,credit_card,6,8776.75
ord_14804,cod,1,466.69
ord_14805,upi,1,1156.5
ord_14806,debit_card,1,456.8
ord_14807,wallet,1,17748.75
ord_14808,debit_card,1,858.47
ord_14809,credit_card,3,8065.71
ord_14810,wallet,1,4424.43
ord_14811,upi,1,7786.24
ord_14812,upi,1,1614.36
ord_14813,credit_card,1,9039.36
ord_14814,upi,1,2469.99
ord_14815,debit_card,1,2737.08
ord_14816,wallet,1,1261.38
ord_14817,upi,1,722.88
ord_14818,upi,1,5161.47
ord_14819,upi,1,2513.96
ord_14820,cod,1,894.54
ord_14821,debit_card,1,2044.41
ord_14822,cod,1,12815.77
ord_14823,debit_card,1,1813.26
ord_14824,cod,1,1171.18
ord_14825,wallet,1,1135.14
ord_14826,upi,1,11629.93
ord_14827,credit_card,4,9635.07
ord_14828,wallet,1,8400.04
ord_14829,credit_card,1,1869.6
ord_14830,upi,1,2963.35
ord_14831,debit_card,1,742.51
ord_14832,debit_card,1,8732.83
ord_14833,upi,1,7761.1
ord_14834,credit_card,3,2538.23
ord_14835,credit_card,3,11893.32
ord_14836,credit_card,5,10668.1
ord_14837,wallet,1,2127.46
ord_14838,debit_card,1,16524.91
ord_14839,upi,1,3014.24
ord_14840,cod,1,6879.4
ord_14841,debit_card,1,8160.32
ord_14842,debit_card,1,1176.03
ord_14843,cod,1,434.38
ord_14844,debit_card,1,1479.95
ord_14845,credit_card,5,3775.23
ord_14846,credit_card,2,2956.19
ord_14847,credit_card,4,1042.7
ord_14848,credit_card,6,2068.51
ord_14849,upi,1,6179.23
ord_14850,credit_card,1,8976.23
ord_14851,credit_card,3,6168.23
ord_14852,upi,1,2545.53
ord_14853,credit_card,6,2804.81
ord_14854,credit_card,5,2226.62
ord_14855,upi,1,14030.76
ord_14856,debit_card,1,523.24
ord_14857,wallet,1,5329.39
ord_14858,upi,1,1053.85
ord_14859,debit_card,1,6347.66
ord_14860,cod,1,10183.88
ord_14861,upi,1,4628.6
ord_14862,debit_card,1,258.35
ord_14863,cod,1,1608.51
ord_14864,upi,1,514.8
ord_14865,cod,1,2707.5
ord_14866,upi,1,575.6
ord_14867,credit_card,2,6553.5
ord_14868,cod,1,3030.54
ord_14869,debit_card,1,1148.82
ord_14870,cod,1,1685.82
ord_14871,upi,1,3753.32
ord_14872,upi,1,2000.45
ord_14873,wallet,1,4066.51
ord_14874,wallet,1,6677.36
ord_14875,credit_card,3,1199.03
ord_14876,credit_card,6,11734.07
ord_14877,upi,1,1082.51
ord_14878,upi,1,858.61
ord_14879,credit_card,4,665.99
ord_14880,upi,1,8439.37
ord_14881,credit_card,1,2688.95
ord_14882,debit_card,1,1160.1
ord_14883,credit_card,4,7700.41
ord_14884,credit_card,2,1913.09
ord_14885,upi,1,2093.65
ord_14886,debit_card,1,1142.18
ord_14887,debit_card,1,601.26
ord_14888,wallet,1,1196.09
ord_14889,upi,1,8250.22
ord_14890,upi,1,11257.18
ord_14891,upi,1,17523.14
ord_14892,credit_card,1,491.44
ord_14893,debit_card,1,1308.65
ord_14894,debit_card,1,3284.72
ord_14895,upi,1,19842.63
ord_14896,debit_card,1,5240.93
ord_14897,debit_card,1,4248.07
ord_14898,credit_card,4,1845.29
ord_14899,cod,1,973.69
ord_14900,wallet,1,1900.88
ord_14901,credit_card,2,2235.75
ord_14902,upi,1,8241.95
ord_14903,upi,1,7310.28
ord_14904,wallet,1,10226.19
ord_14905,credit_card,4,2635.62
ord_14906,cod,1,497.05
ord_14907,wallet,1,1898.76
ord_14908,credit_card,6,7313.94
ord_14909,wallet,1,481.05
ord_14910,credit_card,3,2474.2
ord_14911,wallet,1,378.53
ord_14912,cod,1,1045.03
ord_14913,credit_card,3,9272.07
ord_14914,wallet,1,801.38
ord_14915,cod,1,7860.69
ord_14916,credit_card,3,11205.93
ord_14917,credit_card,4,1031.08
ord_14918,debit_card,1,1249.02
ord_14919,debit_card,1,470.76
ord_14920,upi,1,838.64
ord_14921,upi,1,453.31
ord_14922,cod,1,495.46
ord_14923,upi,1,1535.55
ord_14924,credit_card,1,11136.05
ord_14925,upi,1,1289.07
ord_14926,cod,1,7726.04
ord_14927,cod,1,2326.51
ord_14928,upi,1,1348.03
ord_14929,credit_card,4,493.89
ord_14930,cod,1,697.98
ord_14931,upi,1,2115.27
ord_14932,upi,1,3089.29
ord_14933,credit_card,5,18661.68
ord_14934,credit_card,3,20338.19
ord_14935,debit_card,1,1233.9
ord_14936,debit_card,1,5125.19
ord_14937,credit_card,3,10017.22
ord_14938,upi,1,1039.48
ord_14939,cod,1,1686.52
ord_14940,cod,1,5163.41
ord_14941,upi,1,717.18
ord_14942,upi,1,1774.9
ord_14943,wallet,1,5019.95
ord_14944,credit_card,3,940.9
ord_14945,credit_card,5,17225.11
ord_14946,upi,1,1171.29
ord_14947,upi,1,1529.34
ord_14948,upi,1,11544.26
ord_14949,credit_card,2,2208.38
ord_14950,upi,1,903.32
ord_14951,upi,1,17608.06
ord_14952,upi,1,433.43
ord_14953,upi,1,1618.85
ord_14954,credit_card,5,2051.76
ord_14955,upi,1,5642.3
ord_14956,upi,1,1466.29
ord_14957,credit_card,2,2589.55
ord_14958,upi,1,6303.01
ord_14959,upi,1,8209.33
ord_14960,upi,1,5733.73
ord_14961,credit_card,3,5911.05
ord_14962,upi,1,7992.52
ord_14963,wallet,1,1322.36
ord_14964,upi,1,6184.02
ord_14965,upi,1,13283.5
ord_14966,debit_card,1,1198.52
ord_14967,wallet,1,612.38
ord_14968,credit_card,1,5295.86
ord_14969,upi,1,818.62
ord_14970,upi,1,1217.0
ord_14971,debit_card,1,1968.34
ord_14972,upi,1,7697.14
ord_14973,cod,1,1163.0
ord_14974,credit_card,1,9656.07
ord_14975,upi,1,862.15
ord_14976,wallet,1,2406.32
ord_14977,wallet,1,8007.3
ord_14978,upi,1,2441.17
ord_14979,upi,1,9334.16
ord_14980,credit_card,6,15666.84
ord_14981,credit_card,6,1305.71
ord_14982,credit_card,4,2648.26
ord_14983,upi,1,317.64
ord_14984,upi,1,20191.45
ord_14985,upi,1,8147.67
ord_14986,credit_card,3,2562.11
ord_14987,upi,1,3179.72
ord_14988,credit_card,4,1948.33
ord_14989,upi,1,1637.93
ord_14990,credit_card,2,15432.18
ord_14991,upi,1,17117.55
ord_14992,credit_card,3,10760.26
ord_14993,upi,1,10568.01
ord_14994,upi,1,1780.94
ord_14995,upi,1,1688.84
ord_14996,upi,1,3833.32
ord_14997,wallet,1,3154.95
ord_14998,upi,1,1212.12
ord_14999,upi,1,1403.31
ord_15000,credit_card,6,6932.09
ord_15001,credit_card,4,1104.15
ord_15002,upi,1,10502.81
ord_15003,credit_card,1,1868.41
ord_15004,cod,1,3556.8
ord_15005,cod,1,15635.1
ord_15006,debit_card,1,20258.84
ord_15007,cod,1,376.58
ord_15008,cod,1,1746.97
ord_15009,credit_card,1,9054.12
ord_15010,upi,1,2809.17
ord_15011,credit_card,4,3842.23
ord_15012,credit_card,5,3323.04
ord_15013,wallet,1,1069.1
ord_15014,debit_card,1,7797.32
ord_15015,wallet,1,821.25
ord_15016,credit_card,1,3555.57
ord_15017,upi,1,4308.44
ord_15018,upi,1,1014.61
ord_15019,upi,1,1063.93
ord_15020,wallet,1,7751.83
ord_15021,credit_card,3,6200.1
ord_15022,upi,1,7617.72
ord_15023,upi,1,12089.44
ord_15024,cod,1,570.49
ord_15025,debit_card,1,3201.85
ord_15026,cod,1,4053.84
ord_15027,cod,1,17879.79
ord_15028,credit_card,1,2002.37
ord_15029,upi,1,6226.45
ord_15030,credit_card,1,1306.34
ord_15031,credit_card,3,2101.87
ord_15032,credit_card,6,1164.07
ord_15033,debit_card,1,1873.82
ord_15034,upi,1,955.39
ord_15035,wallet,1,10820.76
ord_15036,upi,1,3156.86
ord_15037,credit_card,4,7496.25
ord_15038,upi,1,3465.0
ord_15039,credit_card,1,9510.6
ord_15040,credit_card,2,15544.35
ord_15041,debit_card,1,6930.14
ord_15042,upi,1,7145.4
ord_15043,debit_card,1,1205.26
ord_15044,credit_card,2,5383.03
ord_15045,upi,1,732.02
ord_15046,upi,1,656.21
ord_15047,wallet,1,3167.73
ord_15048,upi,1,2174.37
ord_15049,wallet,1,1284.5
ord_15050,credit_card,6,15636.53
ord_15051,credit_card,1,2226.77
ord_15052,upi,1,758.52
ord_15053,debit_card,1,3524.47
ord_15054,upi,1,8232.11
ord_15055,credit_card,6,12160.73
ord_15056,credit_card,6,7806.91
ord_15057,debit_card,1,6759.6
ord_15058,upi,1,13255.45
ord_15059,credit_card,4,1972.05
ord_15060,wallet,1,10983.25
ord_15061,upi,1,7261.95
ord_15062,upi,1,679.08
ord_15063,credit_card,2,477.01
ord_15064,cod,1,3571.56
ord_15065,upi,1,8710.83
ord_15066,credit_card,3,6608.29
ord_15067,credit_card,5,3751.36
ord_15068,upi,1,5243.18
ord_15069,wallet,1,3025.84
ord_15070,upi,1,897.61
ord_15071,wallet,1,1522.85
ord_15072,cod,1,6888.33
ord_15073,debit_card,1,4460.9
ord_15074,wallet,1,2096.69
ord_15075,credit_card,1,3436.08
ord_15076,credit_card,3,4397.98
ord_15077,upi,1,8949.79
ord_15078,debit_card,1,1100.88
ord_15079,wallet,1,10936.49
ord_15080,upi,1,6571.08
ord_15081,cod,1,2217.18
ord_15082,wallet,1,1423.0
ord_15083,wallet,1,2816.98
ord_15084,credit_card,6,1087.72
ord_15085,credit_card,3,1969.62
ord_15086,upi,1,9686.86
ord_15087,cod,1,3401.65
ord_15088,credit_card,4,14228.7
ord_15089,debit_card,1,11915.28
ord_15090,upi,1,2711.11
ord_15091,upi,1,10769.43
ord_15092,credit_card,2,2618.58
ord_15093,upi,1,9243.1
ord_15094,wallet,1,3964.33
ord_15095,credit_card,6,5598.17
ord_15096,upi,1,1540.59
ord_15097,upi,1,10619.12
ord_15098,wallet,1,8138.37
ord_15099,upi,1,3400.82
ord_15100,debit_card,1,2709.42
ord_15101,credit_card,4,2283.53
ord_15102,wallet,1,2921.28
ord_15103,credit_card,5,1955.94
ord_15104,upi,1,2153.78
ord_15105,wallet,1,1383.57
ord_15106,upi,1,6081.58
ord_15107,credit_card,5,1205.2
ord_15108,upi,1,4794.19
ord_15109,credit_card,4,6793.73
ord_15110,wallet,1,709.64
ord_15111,debit_card,1,11815.42
ord_15112,credit_card,2,1146.5
ord_15113,wallet,1,9916.07
ord_15114,upi,1,1780.51
ord_15115,debit_card,1,7489.61
ord_15116,credit_card,4,2790.8
ord_15117,credit_card,6,14987.95
ord_15118,credit_card,2,7259.08
ord_15119,credit_card,6,6560.37
ord_15120,credit_card,1,1210.47
ord_15121,cod,1,13707.22
ord_15122,credit_card,1,7540.61
ord_15123,credit_card,3,7384.65
ord_15124,upi,1,457.2
ord_15125,credit_card,5,1884.56
ord_15126,upi,1,1075.38
ord_15127,credit_card,5,8027.5
ord_15128,upi,1,7277.11
ord_15129,credit_card,1,4600.49
ord_15130,credit_card,2,10499.5
ord_15131,debit_card,1,10453.58
ord_15132,debit_card,1,775.92
ord_15133,upi,1,11378.78
ord_15134,cod,1,642.0
ord_15135,upi,1,1704.88
ord_15136,cod,1,3375.62
ord_15137,credit_card,1,657.14
ord_15138,upi,1,1048.57
ord_15139,upi,1,250.45
ord_15140,debit_card,1,1031.09
ord_15141,upi,1,9708.04
ord_15142,upi,1,1513.75
ord_15143,debit_card,1,15112.01
ord_15144,wallet,1,9572.19
ord_15145,upi,1,3911.63
ord_15146,upi,1,780.14
ord_15147,upi,1,5227.76
ord_15148,credit_card,6,2493.86
ord_15149,upi,1,8465.77
ord_15150,wallet,1,774.2
ord_15151,debit_card,1,12809.33
ord_15152,upi,1,14971.11
ord_15153,upi,1,8070.57
ord_15154,credit_card,3,1252.99
ord_15155,wallet,1,13713.38
ord_15156,debit_card,1,4729.54
ord_15157,wallet,1,3728.87
ord_15158,upi,1,1770.36
ord_15159,cod,1,778.22
ord_15160,upi,1,2497.15
ord_15161,upi,1,11673.03
ord_15162,upi,1,8726.16
ord_15163,credit_card,5,10363.09
ord_15164,upi,1,8398.11
ord_15165,credit_card,1,8066.09
ord_15166,upi,1,9015.83
ord_15167,upi,1,1916.38
ord_15168,cod,1,1365.22
ord_15169,credit_card,3,1111.06
ord_15170,upi,1,4735.77
ord_15171,upi,1,2952.32
ord_15172,upi,1,20057.5
ord_15173,upi,1,1773.78
ord_15174,credit_card,6,2546.73
ord_15175,upi,1,520.43
ord_15176,upi,1,1633.31
ord_15177,upi,1,13342.23
ord_15178,upi,1,8746.41
ord_15179,upi,1,540.67
ord_15180,credit_card,6,2848.04
ord_15181,upi,1,8124.56
ord_15182,debit_card,1,6285.52
ord_15183,upi,1,3324.76
ord_15184,cod,1,837.01
ord_15185,debit_card,1,5651.53
ord_15186,credit_card,2,8934.73
ord_15187,debit_card,1,669.27
ord_15188,debit_card,1,2771.34
ord_15189,wallet,1,384.82
ord_15190,upi,1,6441.36
ord_15191,upi,1,2174.76
ord_15192,wallet,1,506.81
ord_15193,wallet,1,6575.27
ord_15194,upi,1,12640.98
ord_15195,credit_card,1,13065.43
ord_15196,cod,1,369.6
ord_15197,cod,1,3483.13
ord_15198,cod,1,190.14
ord_15199,upi,1,16658.54
ord_15200,wallet,1,8605.76
ord_15201,credit_card,3,16158.89
ord_15202,debit_card,1,879.17
ord_15203,upi,1,2718.64
ord_15204,cod,1,781.51
ord_15205,wallet,1,1587.16
ord_15206,upi,1,7410.54
ord_15207,upi,1,13595.82
ord_15208,credit_card,1,927.29
ord_15209,debit_card,1,9385.35
ord_15210,cod,1,10780.04
ord_15211,upi,1,10438.53
ord_15212,upi,1,1441.48
ord_15213,credit_card,5,1434.45
ord_15214,credit_card,2,9386.63
ord_15215,cod,1,1672.74
ord_15216,credit_card,5,562.87
ord_15217,credit_card,6,3077.16
ord_15218,wallet,1,1843.9
ord_15219,credit_card,3,23208.95
ord_15220,upi,1,1501.53
ord_15221,credit_card,3,1040.0
ord_15222,wallet,1,586.88
ord_15223,credit_card,2,2346.98
ord_15224,upi,1,10673.96
ord_15225,credit_card,3,497.38
ord_15226,debit_card,1,403.32
ord_15227,upi,1,941.81
ord_15228,debit_card,1,9522.0
ord_15229,upi,1,1983.41
ord_15230,upi,1,2898.87
ord_15231,upi,1,1344.94
ord_15232,wallet,1,3302.08
ord_15233,cod,1,1140.24
ord_15234,wallet,1,765.8
ord_15235,upi,1,7272.66
ord_15236,upi,1,546.37
ord_15237,upi,1,8721.59
ord_15238,credit_card,5,1894.1
ord_15239,credit_card,4,538.17
ord_15240,upi,1,714.35
ord_15241,credit_card,2,7736.32
ord_15242,cod,1,2274.83
ord_15243,upi,1,9021.57
ord_15244,debit_card,1,1372.96
ord_15245,upi,1,5174.64
ord_15246,credit_card,6,1447.84
ord_15247,debit_card,1,9518.93
ord_15248,credit_card,6,4749.53
ord_15249,upi,1,748.6
ord_15250,upi,1,2319.65
ord_15251,upi,1,1487.39
ord_15252,credit_card,1,2510.04
ord_15253,credit_card,5,9036.36
ord_15254,credit_card,2,7921.09
ord_15255,cod,1,4611.24
ord_15256,wallet,1,6729.79
ord_15257,credit_card,5,7259.22
ord_15258,credit_card,4,499.77
ord_15259,upi,1,8705.66
ord_15260,cod,1,10892.71
ord_15261,upi,1,8100.29
ord_15262,debit_card,1,8592.8
ord_15263,wallet,1,16701.94
ord_15264,upi,1,2055.5
ord_15265,credit_card,6,2021.97
ord_15266,credit_card,3,7584.28
ord_15267,debit_card,1,7014.33
ord_15268,upi,1,334.89
ord_15269,cod,1,3293.24
ord_15270,cod,1,16279.54
ord_15271,cod,1,2052.23
ord_15272,credit_card,1,8423.79
ord_15273,wallet,1,7000.43
ord_15274,cod,1,15848.46
ord_15275,wallet,1,860.45
ord_15276,upi,1,11589.87
ord_15277,debit_card,1,1793.27
ord_15278,credit_card,2,6424.26
ord_15279,debit_card,1,4321.83
ord_15280,upi,1,2669.5
ord_15281,credit_card,4,9170.35
ord_15282,upi,1,8667.35
ord_15283,cod,1,610.97
ord_15284,upi,1,3636.36
ord_15285,wallet,1,6239.97
ord_15286,upi,1,8585.81
ord_15287,cod,1,1290.78
ord_15288,upi,1,4596.26
ord_15289,wallet,1,774.13
ord_15290,debit_card,1,945.63
ord_15291,upi,1,545.79
ord_15292,credit_card,3,942.49
ord_15293,debit_card,1,2121.79
ord_15294,upi,1,2004.37
ord_15295,upi,1,4808.62
ord_15296,wallet,1,7137.14
ord_15297,credit_card,3,6144.33
ord_15298,wallet,1,10594.63
ord_15299,wallet,1,4488.49
ord_15300,upi,1,6931.61
ord_15301,debit_card,1,2814.97
ord_15302,credit_card,4,11633.72
ord_15303,cod,1,1713.52
ord_15304,credit_card,3,6590.56
ord_15305,upi,1,9825.95
ord_15306,cod,1,1284.6
ord_15307,upi,1,5754.66
ord_15308,debit_card,1,489.99
ord_15309,upi,1,2464.71
ord_15310,credit_card,2,4395.34
ord_15311,upi,1,7496.01
ord_15312,credit_card,3,9667.52
ord_15313,upi,1,2086.98
ord_15314,upi,1,6131.55
ord_15315,upi,1,8182.87
ord_15316,credit_card,4,2181.5
ord_15317,cod,1,1633.68
ord_15318,credit_card,5,2651.73
ord_15319,cod,1,8847.86
ord_15320,credit_card,1,3835.6
ord_15321,upi,1,438.09
ord_15322,credit_card,1,1279.72
ord_15323,wallet,1,9200.0
ord_15324,credit_card,3,6312.77
ord_15325,upi,1,3762.62
ord_15326,wallet,1,2491.34
ord_15327,upi,1,1118.87
ord_15328,wallet,1,8372.02
ord_15329,upi,1,5370.03
ord_15330,cod,1,1910.87
ord_15331,cod,1,566.22
ord_15332,upi,1,8540.97
ord_15333,debit_card,1,5406.39
ord_15334,upi,1,1645.7
ord_15335,wallet,1,3363.02
ord_15336,upi,1,710.77
ord_15337,debit_card,1,1460.94
ord_15338,upi,1,10753.41
ord_15339,cod,1,1964.99
ord_15340,upi,1,2226.18
ord_15341,upi,1,2946.12
ord_15342,upi,1,5417.31
ord_15343,upi,1,162.96
ord_15344,upi,1,1834.75
ord_15345,upi,1,16894.58
ord_15346,upi,1,10779.47
ord_15347,upi,1,2984.46
ord_15348,wallet,1,12650.56
ord_15349,upi,1,9378.69
ord_15350,upi,1,737.51
ord_15351,cod,1,843.1
ord_15352,upi,1,8305.22
ord_15353,upi,1,1860.97
ord_15354,upi,1,7113.8
ord_15355,upi,1,4522.17
ord_15356,upi,1,594.2
ord_15357,upi,1,15376.58
ord_15358,upi,1,9071.37
ord_15359,upi,1,7093.35
ord_15360,credit_card,3,9168.77
ord_15361,upi,1,1957.41
ord_15362,upi,1,2987.86
ord_15363,credit_card,3,10034.27
ord_15364,credit_card,3,719.35
ord_15365,upi,1,353.25
ord_15366,upi,1,2482.8
ord_15367,upi,1,1520.33
ord_15368,credit_card,2,6179.34
ord_15369,debit_card,1,7057.02
ord_15370,credit_card,2,300.46
ord_15371,upi,1,629.22
ord_15372,upi,1,1560.39
ord_15373,credit_card,3,810.27
ord_15374,cod,1,2772.25
ord_15375,wallet,1,4784.96
ord_15376,upi,1,8781.81
ord_15377,upi,1,2702.04
ord_15378,upi,1,2365.65
ord_15379,debit_card,1,7954.99
ord_15380,upi,1,11416.3
ord_15381,wallet,1,4790.3
ord_15382,upi,1,545.01
ord_15383,wallet,1,1090.3
ord_15384,credit_card,3,1046.38
ord_15385,credit_card,3,2204.54
ord_15386,debit_card,1,2988.22
ord_15387,upi,1,2957.48
ord_15388,credit_card,2,2872.62
ord_15389,credit_card,2,3881.05
ord_15390,upi,1,13960.01
ord_15391,upi,1,17050.1
ord_15392,debit_card,1,7971.1
ord_15393,wallet,1,2866.53
ord_15394,upi,1,720.23
ord_15395,upi,1,12522.6
ord_15396,upi,1,1560.24
ord_15397,upi,1,2046.95
ord_15398,upi,1,3948.26
ord_15399,upi,1,1266.95
ord_15400,upi,1,10361.43
ord_15401,upi,1,17050.96
ord_15402,upi,1,1792.56
ord_15403,upi,1,838.23
ord_15404,upi,1,9012.65
ord_15405,upi,1,5914.6
ord_15406,upi,1,17787.69
ord_15407,wallet,1,740.35
ord_15408,debit_card,1,691.08
ord_15409,upi,1,294.66
ord_15410,upi,1,8457.91
ord_15411,wallet,1,3586.3
ord_15412,cod,1,1559.59
ord_15413,credit_card,1,1765.57
ord_15414,cod,1,750.97
ord_15415,upi,1,12341.17
ord_15416,upi,1,8890.3
ord_15417,credit_card,6,3522.13
ord_15418,credit_card,5,9178.25
ord_15419,wallet,1,3030.99
ord_15420,wallet,1,2907.94
ord_15421,wallet,1,455.28
ord_15422,credit_card,5,1800.43
ord_15423,wallet,1,1172.52
ord_15424,cod,1,10015.7
ord_15425,upi,1,7993.25
ord_15426,upi,1,959.36
ord_15427,credit_card,3,5118.03
ord_15428,upi,1,2924.3
ord_15429,upi,1,1671.98
ord_15430,credit_card,1,711.91
ord_15431,upi,1,658.51
ord_15432,upi,1,3835.39
ord_15433,wallet,1,3310.66
ord_15434,debit_card,1,7671.65
ord_15435,upi,1,1332.83
ord_15436,wallet,1,7636.61
ord_15437,upi,1,5589.24
ord_15438,upi,1,6098.75
ord_15439,credit_card,6,6256.96
ord_15440,credit_card,6,1363.26
ord_15441,debit_card,1,1890.59
ord_15442,upi,1,11519.71
ord_15443,upi,1,6947.85
ord_15444,credit_card,2,15879.86
ord_15445,cod,1,1678.35
ord_15446,upi,1,533.23
ord_15447,wallet,1,452.29
ord_15448,debit_card,1,1141.94
ord_15449,wallet,1,8949.45
ord_15450,upi,1,13713.73
ord_15451,wallet,1,20431.02
ord_15452,upi,1,1323.48
ord_15453,upi,1,742.8
ord_15454,upi,1,10664.7
ord_15455,credit_card,4,14066.66
ord_15456,upi,1,1105.93
ord_15457,upi,1,12267.55
ord_15458,credit_card,2,377.57
ord_15459,wallet,1,3494.6
ord_15460,upi,1,1448.46
ord_15461,upi,1,7950.56
ord_15462,debit_card,1,4242.15
ord_15463,debit_card,1,1444.48
ord_15464,cod,1,1547.71
ord_15465,cod,1,10304.39
ord_15466,cod,1,1336.52
ord_15467,wallet,1,9102.71
ord_15468,upi,1,826.77
ord_15469,upi,1,9733.87
ord_15470,cod,1,553.78
ord_15471,upi,1,512.62
ord_15472,cod,1,1983.8
ord_15473,upi,1,416.81
ord_15474,upi,1,1418.53
ord_15475,credit_card,1,997.59
ord_15476,upi,1,1214.79
ord_15477,upi,1,8261.2
ord_15478,credit_card,3,24165.65
ord_15479,upi,1,1426.63
ord_15480,upi,1,20374.89
ord_15481,upi,1,591.26
ord_15482,upi,1,2000.22
ord_15483,upi,1,6758.27
ord_15484,upi,1,4537.11
ord_15485,cod,1,2646.22
ord_15486,upi,1,9994.99
ord_15487,cod,1,6986.93
ord_15488,wallet,1,3277.08
ord_15489,upi,1,3899.66
ord_15490,cod,1,5937.92
ord_15491,debit_card,1,10124.3
ord_15492,wallet,1,1737.11
ord_15493,upi,1,446.95
ord_15494,upi,1,2151.11
ord_15495,upi,1,12072.88
ord_15496,credit_card,1,1171.18
ord_15497,upi,1,473.68
ord_15498,credit_card,2,14221.19
ord_15499,upi,1,1478.64
ord_15500,credit_card,6,7507.97
ord_15501,wallet,1,1411.08
ord_15502,credit_card,2,3888.78
ord_15503,wallet,1,463.03
ord_15504,upi,1,763.23
ord_15505,upi,1,3705.83
ord_15506,wallet,1,5483.01
ord_15507,cod,1,536.0
ord_15508,upi,1,1491.25
ord_15509,upi,1,3365.3
ord_15510,credit_card,6,7951.48
ord_15511,wallet,1,2210.65
ord_15512,upi,1,17483.73
ord_15513,upi,1,2169.1
ord_15514,credit_card,6,771.52
ord_15515,credit_card,6,6479.27
ord_15516,wallet,1,5086.71
ord_15517,upi,1,3892.27
ord_15518,credit_card,4,713.66
ord_15519,cod,1,2422.08
ord_15520,upi,1,2006.37
ord_15521,credit_card,4,8749.41
ord_15522,cod,1,1673.14
ord_15523,cod,1,3160.87
ord_15524,credit_card,1,3097.58
ord_15525,upi,1,17208.3
ord_15526,debit_card,1,1517.49
ord_15527,upi,1,8022.73
ord_15528,cod,1,9892.66
ord_15529,upi,1,12378.04
ord_15530,credit_card,4,1649.09
ord_15531,upi,1,515.71
ord_15532,upi,1,17178.73
ord_15533,upi,1,3253.37
ord_15534,credit_card,6,675.93
ord_15535,upi,1,8812.98
ord_15536,wallet,1,1574.1
ord_15537,cod,1,11406.01
ord_15538,credit_card,3,4454.91
ord_15539,credit_card,5,5269.26
ord_15540,upi,1,1838.67
ord_15541,upi,1,859.31
ord_15542,upi,1,15179.89
ord_15543,cod,1,1879.38
ord_15544,debit_card,1,1387.06
ord_15545,upi,1,7675.47
ord_15546,upi,1,12902.64
ord_15547,credit_card,6,583.4
ord_15548,credit_card,1,9020.45
ord_15549,credit_card,3,6714.48
ord_15550,credit_card,3,376.38
ord_15551,wallet,1,759.19
ord_15552,credit_card,4,1193.49
ord_15553,debit_card,1,1088.62
ord_15554,credit_card,6,207.84
ord_15555,credit_card,1,8985.89
ord_15556,credit_card,4,9128.5
ord_15557,wallet,1,1478.3
ord_15558,cod,1,2472.67
ord_15559,credit_card,5,1017.65
ord_15560,wallet,1,1472.59
ord_15561,upi,1,3911.3
ord_15562,wallet,1,830.99
ord_15563,credit_card,3,2211.57
ord_15564,upi,1,2396.7
ord_15565,upi,1,20047.84
ord_15566,upi,1,7358.41
ord_15567,credit_card,2,712.84
ord_15568,cod,1,718.72
ord_15569,credit_card,6,1795.62
ord_15570,debit_card,1,5817.26
ord_15571,credit_card,5,2521.84
ord_15572,upi,1,4011.3
ord_15573,cod,1,1321.75
ord_15574,upi,1,7285.44
ord_15575,upi,1,9810.7
ord_15576,upi,1,1291.22
ord_15577,credit_card,5,841.21
ord_15578,upi,1,1769.68
ord_15579,upi,1,930.57
ord_15580,upi,1,3351.06
ord_15581,credit_card,5,971.59
ord_15582,credit_card,5,932.65
ord_15583,wallet,1,480.58
ord_15584,debit_card,1,1254.38
ord_15585,cod,1,7225.4
ord_15586,cod,1,12917.22
ord_15587,cod,1,3069.05
ord_15588,upi,1,1420.18
ord_15589,upi,1,2667.2
ord_15590,debit_card,1,1141.42
ord_15591,cod,1,1059.84
ord_15592,cod,1,5410.32
ord_15593,upi,1,8456.1
ord_15594,debit_card,1,7095.93
ord_15595,upi,1,8268.99
ord_15596,upi,1,11997.91
ord_15597,credit_card,1,902.75
ord_15598,upi,1,3007.45
ord_15599,credit_card,3,854.69
ord_15600,upi,1,5969.92
ord_15601,upi,1,407.18
ord_15602,cod,1,630.02
ord_15603,cod,1,7540.99
ord_15604,upi,1,2480.32
ord_15605,wallet,1,5056.43
ord_15606,credit_card,6,3211.99
ord_15607,debit_card,1,7763.3
ord_15608,credit_card,2,1489.03
ord_15609,cod,1,1311.8
ord_15610,upi,1,12145.38
ord_15611,upi,1,987.28
ord_15612,credit_card,3,13964.83
ord_15613,cod,1,3738.97
ord_15614,cod,1,8450.99
ord_15615,wallet,1,916.73
ord_15616,upi,1,3184.21
ord_15617,upi,1,7428.22
ord_15618,upi,1,1575.9
ord_15619,credit_card,3,4437.14
ord_15620,credit_card,4,1127.62
ord_15621,wallet,1,671.33
ord_15622,upi,1,6628.55
ord_15623,debit_card,1,2917.65
ord_15624,credit_card,1,2176.97
ord_15625,upi,1,588.65
ord_15626,wallet,1,323.75
ord_15627,wallet,1,2697.61
ord_15628,cod,1,3144.72
ord_15629,upi,1,6245.45
ord_15630,credit_card,5,1085.68
ord_15631,upi,1,856.25
ord_15632,cod,1,6514.45
ord_15633,debit_card,1,9414.35
ord_15634,upi,1,707.76
ord_15635,upi,1,3169.31
ord_15636,cod,1,16044.63
ord_15637,credit_card,3,5987.11
ord_15638,upi,1,13931.2
ord_15639,cod,1,4665.85
ord_15640,upi,1,1663.0
ord_15641,credit_card,4,10145.92
ord_15642,debit_card,1,1804.49
ord_15643,credit_card,5,350.54
ord_15644,wallet,1,9247.22
ord_15645,credit_card,2,2249.79
ord_15646,credit_card,5,1315.85
ord_15647,upi,1,890.77
ord_15648,upi,1,11666.12
ord_15649,upi,1,632.03
ord_15650,credit_card,4,8680.73
ord_15651,debit_card,1,7899.58
ord_15652,credit_card,4,922.22
ord_15653,upi,1,645.49
ord_15654,upi,1,5123.51
ord_15655,credit_card,5,3834.79
ord_15656,upi,1,468.56
ord_15657,cod,1,2834.48
ord_15658,upi,1,933.54
ord_15659,debit_card,1,2341.02
ord_15660,upi,1,323.9
ord_15661,debit_card,1,1579.94
ord_15662,credit_card,4,2802.05
ord_15663,upi,1,499.15
ord_15664,debit_card,1,5618.42
ord_15665,upi,1,3445.91
ord_15666,credit_card,4,16852.56
ord_15667,credit_card,5,1513.79
ord_15668,upi,1,1148.49
ord_15669,wallet,1,8499.99
ord_15670,upi,1,4126.47
ord_15671,upi,1,1099.82
ord_15672,upi,1,312.8
ord_15673,credit_card,2,1526.47
ord_15674,upi,1,1139.28
ord_15675,credit_card,5,11680.22
ord_15676,upi,1,511.19
ord_15677,upi,1,15266.84
ord_15678,cod,1,993.41
ord_15679,upi,1,6038.26
ord_15680,wallet,1,8961.38
ord_15681,upi,1,4736.24
ord_15682,upi,1,2356.59
ord_15683,credit_card,6,1772.95
ord_15684,credit_card,4,441.84
ord_15685,upi,1,7236.1
ord_15686,debit_card,1,15467.88
ord_15687,upi,1,9021.6
ord_15688,cod,1,16267.29
ord_15689,cod,1,587.03
ord_15690,credit_card,4,495.66
ord_15691,cod,1,6687.62
ord_15692,wallet,1,1813.54
ord_15693,wallet,1,3099.25
ord_15694,upi,1,8006.66
ord_15695,upi,1,1137.53
ord_15696,cod,1,302.14
ord_15697,upi,1,20556.54
ord_15698,upi,1,1759.38
ord_15699,upi,1,7719.86
ord_15700,debit_card,1,522.24
ord_15701,upi,1,3610.17
ord_15702,wallet,1,4746.76
ord_15703,wallet,1,3276.78
ord_15704,debit_card,1,1132.49
ord_15705,upi,1,7918.78
ord_15706,upi,1,8126.86
ord_15707,credit_card,5,1422.31
ord_15708,credit_card,2,1133.14
ord_15709,debit_card,1,6811.55
ord_15710,upi,1,2024.38
ord_15711,cod,1,12013.72
ord_15712,credit_card,3,2189.27
ord_15713,upi,1,8840.04
ord_15714,debit_card,1,2196.51
ord_15715,upi,1,4707.7
ord_15716,upi,1,2751.52
ord_15717,wallet,1,2608.39
ord_15718,credit_card,1,1998.07
ord_15719,cod,1,1341.43
ord_15720,upi,1,20059.38
ord_15721,credit_card,5,2753.88
ord_15722,credit_card,3,18126.42
ord_15723,debit_card,1,3074.69
ord_15724,upi,1,16457.08
ord_15725,upi,1,2395.09
ord_15726,cod,1,16299.22
ord_15727,credit_card,1,991.22
ord_15728,upi,1,638.27
ord_15729,cod,1,8813.99
ord_15730,debit_card,1,8521.38
ord_15731,cod,1,8748.68
ord_15732,upi,1,9292.36
ord_15733,upi,1,1815.86
ord_15734,upi,1,478.79
ord_15735,wallet,1,7940.67
ord_15736,upi,1,2649.81
ord_15737,upi,1,5725.16
ord_15738,cod,1,1022.3
ord_15739,credit_card,2,2093.28
ord_15740,credit_card,5,3239.96
ord_15741,cod,1,8042.87
ord_15742,cod,1,952.37
ord_15743,debit_card,1,2839.62
ord_15744,credit_card,3,3386.45
ord_15745,debit_card,1,1349.45
ord_15746,upi,1,1339.39
ord_15747,upi,1,600.58
ord_15748,credit_card,3,1468.36
ord_15749,credit_card,5,612.4
ord_15750,upi,1,5238.11
ord_15751,upi,1,706.72
ord_15752,upi,1,8090.18
ord_15753,upi,1,1191.76
ord_15754,debit_card,1,7197.86
ord_15755,credit_card,1,622.13
ord_15756,wallet,1,7195.22
ord_15757,upi,1,2554.95
ord_15758,upi,1,6382.21
ord_15759,cod,1,1344.03
ord_15760,upi,1,3027.5
ord_15761,upi,1,3530.36
ord_15762,cod,1,7758.45
ord_15763,upi,1,1047.19
ord_15764,wallet,1,13709.77
ord_15765,upi,1,13025.39
ord_15766,upi,1,6159.77
ord_15767,upi,1,2582.4
ord_15768,credit_card,6,6162.24
ord_15769,credit_card,5,3773.36
ord_15770,credit_card,5,823.81
ord_15771,upi,1,5782.46
ord_15772,credit_card,4,3811.49
ord_15773,debit_card,1,1274.73
ord_15774,upi,1,857.04
ord_15775,upi,1,7311.04
ord_15776,cod,1,6930.94
ord_15777,upi,1,5112.67
ord_15778,upi,1,1697.12
ord_15779,credit_card,5,13684.56
ord_15780,debit_card,1,904.51
ord_15781,credit_card,3,7213.06
ord_15782,upi,1,8681.36
ord_15783,wallet,1,1638.43
ord_15784,upi,1,1122.93
ord_15785,upi,1,3193.05
ord_15786,debit_card,1,6247.24
ord_15787,upi,1,1509.49
ord_15788,debit_card,1,3896.48
ord_15789,upi,1,8829.15
ord_15790,wallet,1,2544.16
ord_15791,upi,1,1416.9
ord_15792,upi,1,689.3
ord_15793,credit_card,5,1064.66
ord_15794,debit_card,1,3382.15
ord_15795,credit_card,6,1943.57
ord_15796,credit_card,4,2340.38
ord_15797,upi,1,1497.13
ord_15798,upi,1,13817.17
ord_15799,upi,1,1432.83
ord_15800,upi,1,1210.93
ord_15801,credit_card,3,3307.04
ord_15802,cod,1,2523.26
ord_15803,credit_card,1,5729.69
ord_15804,debit_card,1,3579.53
ord_15805,credit_card,2,1383.14
ord_15806,credit_card,5,997.05
ord_15807,cod,1,10093.49
ord_15808,credit_card,4,883.53
ord_15809,credit_card,3,2016.13
ord_15810,upi,1,3859.36
ord_15811,wallet,1,885.71
ord_15812,upi,1,1370.84
ord_15813,wallet,1,10328.33
ord_15814,wallet,1,2091.88
ord_15815,upi,1,1701.17
ord_15816,upi,1,25402.87
ord_15817,credit_card,1,463.47
ord_15818,upi,1,12499.31
ord_15819,cod,1,8034.59
ord_15820,upi,1,8325.26
ord_15821,credit_card,5,813.39
ord_15822,credit_card,5,2249.28
ord_15823,cod,1,1589.69
ord_15824,credit_card,6,880.88
ord_15825,upi,1,15548.31
ord_15826,upi,1,867.79
ord_15827,credit_card,4,9100.81
ord_15828,upi,1,534.96
ord_15829,upi,1,13871.74
ord_15830,cod,1,487.81
ord_15831,upi,1,1523.48
ord_15832,credit_card,4,7511.78
ord_15833,credit_card,4,1988.37
ord_15834,upi,1,648.56
ord_15835,upi,1,2120.85
ord_15836,upi,1,2468.32
ord_15837,wallet,1,9192.54
ord_15838,cod,1,3273.46
ord_15839,credit_card,1,10480.7
ord_15840,cod,1,7774.81
ord_15841,debit_card,1,780.22
ord_15842,cod,1,3184.82
ord_15843,upi,1,11998.71
ord_15844,credit_card,3,6013.06
ord_15845,credit_card,5,3401.16
ord_15846,upi,1,9356.4
ord_15847,upi,1,5503.3
ord_15848,upi,1,1590.48
ord_15849,upi,1,8901.61
ord_15850,wallet,1,8471.66
ord_15851,wallet,1,1116.36
ord_15852,upi,1,14744.75
ord_15853,credit_card,2,471.47
ord_15854,upi,1,1336.27
ord_15855,credit_card,5,4449.36
ord_15856,cod,1,9883.84
ord_15857,upi,1,3024.53
ord_15858,debit_card,1,7167.8
ord_15859,upi,1,2086.44
ord_15860,upi,1,2819.41
ord_15861,upi,1,2066.58
ord_15862,credit_card,5,3733.21
ord_15863,upi,1,8025.5
ord_15864,cod,1,693.99
ord_15865,upi,1,8643.76
ord_15866,upi,1,2221.18
ord_15867,debit_card,1,1815.08
ord_15868,upi,1,13297.45
ord_15869,credit_card,6,9022.29
ord_15870,upi,1,1245.26
ord_15871,credit_card,3,265.8
ord_15872,upi,1,685.4
ord_15873,upi,1,3328.39
ord_15874,upi,1,595.83
ord_15875,credit_card,2,7862.94
ord_15876,credit_card,5,12240.94
ord_15877,upi,1,1008.0
ord_15878,debit_card,1,11464.4
ord_15879,credit_card,4,1934.35
ord_15880,debit_card,1,1115.09
ord_15881,credit_card,2,1569.54
ord_15882,credit_card,5,2225.92
ord_15883,credit_card,4,1579.43
ord_15884,upi,1,2224.62
ord_15885,credit_card,1,884.53
ord_15886,upi,1,2477.94
ord_15887,upi,1,2054.28
ord_15888,debit_card,1,6177.12
ord_15889,upi,1,16107.97
ord_15890,upi,1,3725.14
ord_15891,credit_card,5,2636.25
ord_15892,upi,1,1614.96
ord_15893,credit_card,1,6285.98
ord_15894,debit_card,1,423.81
ord_15895,credit_card,4,1050.66
ord_15896,upi,1,507.05
ord_15897,upi,1,2862.55
ord_15898,wallet,1,372.69
ord_15899,credit_card,2,23917.17
ord_15900,upi,1,2490.13
ord_15901,upi,1,1411.36
ord_15902,upi,1,1434.31
ord_15903,credit_card,5,579.07
ord_15904,wallet,1,14072.82
ord_15905,wallet,1,626.72
ord_15906,credit_card,1,3101.47
ord_15907,credit_card,3,609.65
ord_15908,debit_card,1,23341.48
ord_15909,credit_card,2,7166.49
ord_15910,credit_card,5,2828.24
ord_15911,upi,1,674.08
ord_15912,credit_card,6,4629.9
ord_15913,upi,1,606.2
ord_15914,cod,1,1213.39
ord_15915,credit_card,1,5452.39
ord_15916,debit_card,1,6685.86
ord_15917,debit_card,1,8998.87
ord_15918,credit_card,4,5436.05
ord_15919,credit_card,5,11336.78
ord_15920,credit_card,2,1887.67
ord_15921,credit_card,1,2689.4
ord_15922,credit_card,1,1488.73
ord_15923,credit_card,4,2605.0
ord_15924,credit_card,2,778.75
ord_15925,wallet,1,5483.65
ord_15926,upi,1,1989.55
ord_15927,wallet,1,1072.52
ord_15928,wallet,1,1628.16
ord_15929,debit_card,1,6031.54
ord_15930,upi,1,1159.96
ord_15931,wallet,1,925.03
ord_15932,upi,1,3247.34
ord_15933,upi,1,661.12
ord_15934,upi,1,985.57
ord_15935,wallet,1,1061.76
ord_15936,debit_card,1,1088.23
ord_15937,wallet,1,10446.51
ord_15938,upi,1,647.35
ord_15939,cod,1,1479.78
ord_15940,upi,1,8690.62
ord_15941,wallet,1,11866.51
ord_15942,upi,1,1672.37
ord_15943,upi,1,649.2
ord_15944,wallet,1,8686.38
ord_15945,upi,1,10781.13
ord_15946,upi,1,8035.66
ord_15947,upi,1,4864.28
ord_15948,upi,1,634.49
ord_15949,credit_card,2,18893.18
ord_15950,credit_card,1,19291.79
ord_15951,credit_card,4,1988.58
ord_15952,upi,1,468.87
ord_15953,upi,1,12712.45
ord_15954,credit_card,3,461.32
ord_15955,upi,1,7632.31
ord_15956,credit_card,6,17664.08
ord_15957,upi,1,2892.01
ord_15958,wallet,1,2379.95
ord_15959,credit_card,1,2288.86
ord_15960,debit_card,1,950.56
ord_15961,upi,1,13676.82
ord_15962,credit_card,1,7912.1
ord_15963,upi,1,1842.92
ord_15964,credit_card,3,2332.93
ord_15965,credit_card,4,13248.24
ord_15966,debit_card,1,1573.6
ord_15967,upi,1,1614.78
ord_15968,upi,1,4610.03
ord_15969,cod,1,6817.98
ord_15970,upi,1,1352.7
ord_15971,cod,1,6825.1
ord_15972,upi,1,2983.49
ord_15973,credit_card,1,6078.92
ord_15974,upi,1,6678.3
ord_15975,debit_card,1,1731.96
ord_15976,credit_card,6,21183.62
ord_15977,credit_card,2,833.57
ord_15978,debit_card,1,1811.67
ord_15979,upi,1,10037.32
ord_15980,upi,1,9449.5
ord_15981,debit_card,1,2707.46
ord_15982,upi,1,1756.01
ord_15983,wallet,1,1230.35
ord_15984,credit_card,1,463.51
ord_15985,upi,1,1011.45
ord_15986,upi,1,1308.81
ord_15987,upi,1,9505.45
ord_15988,upi,1,3298.46
ord_15989,upi,1,5762.79
ord_15990,cod,1,2305.69
ord_15991,credit_card,2,1658.94
ord_15992,upi,1,2558.8
ord_15993,upi,1,1999.57
ord_15994,upi,1,1672.9
ord_15995,upi,1,1119.53
ord_15996,credit_card,1,2283.79
ord_15997,cod,1,6238.38
ord_15998,credit_card,4,9191.64
ord_15999,credit_card,5,742.82
ord_16000,credit_card,4,2842.14
ord_16001,upi,1,9382.0
ord_16002,debit_card,1,5976.41
ord_16003,credit_card,1,1329.79
ord_16004,wallet,1,1086.49
ord_16005,upi,1,3540.08
ord_16006,cod,1,864.63
ord_16007,debit_card,1,15606.92
ord_16008,upi,1,1375.61
ord_16009,debit_card,1,6738.67
ord_16010,upi,1,4236.28
ord_16011,upi,1,1728.21
ord_16012,upi,1,2520.46
ord_16013,credit_card,2,1674.0
ord_16014,upi,1,7301.35
ord_16015,upi,1,5198.74
ord_16016,upi,1,5347.8
ord_16017,credit_card,3,665.13
ord_16018,upi,1,694.02
ord_16019,debit_card,1,16524.22
ord_16020,wallet,1,3491.35
ord_16021,upi,1,3064.16
ord_16022,cod,1,3250.67
ord_16023,upi,1,11150.82
ord_16024,cod,1,1627.49
ord_16025,credit_card,3,9344.87
ord_16026,upi,1,455.34
ord_16027,cod,1,3229.03
ord_16028,cod,1,4969.46
ord_16029,wallet,1,3238.48
ord_16030,upi,1,15767.81
ord_16031,debit_card,1,4416.56
ord_16032,upi,1,7276.26
ord_16033,upi,1,10051.67
ord_16034,upi,1,1032.77
ord_16035,credit_card,4,5943.09
ord_16036,upi,1,3451.84
ord_16037,upi,1,8416.91
ord_16038,upi,1,7647.7
ord_16039,cod,1,1566.01
ord_16040,credit_card,6,6436.57
ord_16041,upi,1,2664.84
ord_16042,upi,1,1427.52
ord_16043,credit_card,5,1496.73
ord_16044,upi,1,3370.89
ord_16045,upi,1,2072.1
ord_16046,upi,1,8729.18
ord_16047,debit_card,1,2556.85
ord_16048,credit_card,3,1057.95
ord_16049,cod,1,9082.94
ord_16050,debit_card,1,8116.91
ord_16051,upi,1,4056.23
ord_16052,debit_card,1,9892.36
ord_16053,credit_card,1,634.31
ord_16054,debit_card,1,1716.81
ord_16055,credit_card,2,7213.32
ord_16056,upi,1,2267.58
ord_16057,upi,1,18400.65
ord_16058,wallet,1,1507.82
ord_16059,cod,1,8229.11
ord_16060,cod,1,1217.34
ord_16061,upi,1,4428.16
ord_16062,cod,1,13162.62
ord_16063,upi,1,2187.81
ord_16064,upi,1,11352.64
ord_16065,upi,1,1901.8
ord_16066,debit_card,1,14202.12
ord_16067,debit_card,1,472.89
ord_16068,wallet,1,7650.75
ord_16069,credit_card,1,457.13
ord_16070,upi,1,1025.35
ord_16071,credit_card,4,1745.6
ord_16072,credit_card,1,2217.84
ord_16073,credit_card,1,7087.83
ord_16074,upi,1,10766.9
ord_16075,cod,1,1287.94
ord_16076,upi,1,4735.87
ord_16077,upi,1,7951.33
ord_16078,upi,1,1112.73
ord_16079,upi,1,8236.89
ord_16080,debit_card,1,2549.3
ord_16081,credit_card,1,1956.55
ord_16082,credit_card,4,1131.99
ord_16083,credit_card,1,1713.06
ord_16084,credit_card,3,6313.77
ord_16085,upi,1,1994.05
ord_16086,wallet,1,1048.68
ord_16087,credit_card,3,8066.31
ord_16088,upi,1,509.26
ord_16089,credit_card,4,7711.48
ord_16090,credit_card,2,3920.64
ord_16091,upi,1,711.02
ord_16092,upi,1,3374.3
ord_16093,upi,1,14344.94
ord_16094,upi,1,10368.44
ord_16095,upi,1,1520.68
ord_16096,debit_card,1,6944.84
ord_16097,debit_card,1,10997.91
ord_16098,debit_card,1,625.01
ord_16099,upi,1,689.96
ord_16100,debit_card,1,7720.53
ord_16101,debit_card,1,2633.76
ord_16102,upi,1,4525.75
ord_16103,credit_card,3,307.45
ord_16104,credit_card,1,1625.64
ord_16105,cod,1,14986.27
ord_16106,debit_card,1,5318.72
ord_16107,cod,1,6857.97
ord_16108,cod,1,2894.63
ord_16109,debit_card,1,600.02
ord_16110,upi,1,600.35
ord_16111,upi,1,9397.15
ord_16112,cod,1,481.75
ord_16113,wallet,1,12565.3
ord_16114,credit_card,5,8672.1
ord_16115,upi,1,167.04
ord_16116,cod,1,7746.07
ord_16117,credit_card,3,980.85
ord_16118,upi,1,2435.83
ord_16119,credit_card,4,6467.67
ord_16120,cod,1,2369.91
ord_16121,credit_card,5,517.4
ord_16122,credit_card,1,2739.02
ord_16123,credit_card,3,1433.17
ord_16124,upi,1,873.46
ord_16125,credit_card,5,10124.47
ord_16126,debit_card,1,892.01
ord_16127,credit_card,3,10438.3
ord_16128,credit_card,2,2406.63
ord_16129,debit_card,1,656.82
ord_16130,cod,1,10038.83
ord_16131,credit_card,4,5521.54
ord_16132,credit_card,2,1543.58
ord_16133,credit_card,1,1084.48
ord_16134,upi,1,3025.28
ord_16135,upi,1,7842.73
ord_16136,debit_card,1,3921.07
ord_16137,wallet,1,10338.43
ord_16138,credit_card,4,12352.41
ord_16139,credit_card,6,2684.52
ord_16140,wallet,1,955.49
ord_16141,credit_card,3,6592.91
ord_16142,upi,1,7720.99
ord_16143,credit_card,1,9388.85
ord_16144,upi,1,8684.44
ord_16145,upi,1,1586.18
ord_16146,upi,1,6319.52
ord_16147,upi,1,1786.74
ord_16148,credit_card,1,3072.08
ord_16149,upi,1,2254.98
ord_16150,cod,1,3444.7
ord_16151,upi,1,10120.61
ord_16152,upi,1,1189.25
ord_16153,cod,1,10897.89
ord_16154,upi,1,9077.24
ord_16155,upi,1,9356.97
ord_16156,credit_card,6,1718.49
ord_16157,upi,1,14414.27
ord_16158,upi,1,1614.07
ord_16159,debit_card,1,10696.87
ord_16160,credit_card,4,1126.14
ord_16161,debit_card,1,1269.48
ord_16162,credit_card,4,1997.04
ord_16163,upi,1,1613.18
ord_16164,wallet,1,653.46
ord_16165,upi,1,17034.39
ord_16166,cod,1,3536.51
ord_16167,cod,1,2973.11
ord_16168,wallet,1,1360.74
ord_16169,upi,1,5875.39
ord_16170,debit_card,1,7005.38
ord_16171,credit_card,3,8380.81
ord_16172,upi,1,9223.18
ord_16173,credit_card,5,5655.38
ord_16174,credit_card,6,1215.27
ord_16175,credit_card,3,10093.28
ord_16176,upi,1,4122.81
ord_16177,credit_card,3,1039.8
ord_16178,cod,1,16430.34
ord_16179,upi,1,9935.98
ord_16180,cod,1,2197.76
ord_16181,upi,1,1735.93
ord_16182,upi,1,1949.03
ord_16183,wallet,1,1872.28
ord_16184,upi,1,8765.45
ord_16185,credit_card,3,1418.04
ord_16186,wallet,1,637.36
ord_16187,upi,1,10052.38
ord_16188,upi,1,752.84
ord_16189,upi,1,1842.27
ord_16190,debit_card,1,13842.6
ord_16191,upi,1,9425.19
ord_16192,credit_card,4,8099.76
ord_16193,debit_card,1,14173.54
ord_16194,credit_card,1,5693.13
ord_16195,upi,1,1550.56
ord_16196,upi,1,7810.31
ord_16197,upi,1,8557.29
ord_16198,upi,1,2371.04
ord_16199,credit_card,4,5840.33
ord_16200,cod,1,9753.71
ord_16201,cod,1,739.06
ord_16202,upi,1,1639.64
ord_16203,upi,1,9425.43
ord_16204,debit_card,1,1537.37
ord_16205,credit_card,3,8872.26
ord_16206,upi,1,929.06
ord_16207,credit_card,4,1012.78
ord_16208,credit_card,1,1957.2
ord_16209,cod,1,862.14
ord_16210,upi,1,5221.18
ord_16211,cod,1,10391.76
ord_16212,wallet,1,782.29
ord_16213,upi,1,625.72
ord_16214,cod,1,1230.26
ord_16215,upi,1,639.02
ord_16216,wallet,1,8309.82
ord_16217,credit_card,2,2906.71
ord_16218,upi,1,8220.57
ord_16219,upi,1,1346.93
ord_16220,wallet,1,1374.79
ord_16221,credit_card,3,3471.16
ord_16222,credit_card,2,1233.17
ord_16223,cod,1,765.18
ord_16224,debit_card,1,14095.74
ord_16225,cod,1,613.32
ord_16226,credit_card,6,2169.71
ord_16227,debit_card,1,2200.17
ord_16228,upi,1,529.39
ord_16229,debit_card,1,10135.44
ord_16230,wallet,1,8607.66
ord_16231,upi,1,6749.23
ord_16232,upi,1,2419.54
ord_16233,upi,1,5000.22
ord_16234,credit_card,2,581.13
ord_16235,upi,1,1798.51
ord_16236,credit_card,1,3410.24
ord_16237,upi,1,4161.75
ord_16238,upi,1,2186.22
ord_16239,upi,1,2056.79
ord_16240,credit_card,2,1261.09
ord_16241,upi,1,1916.27
ord_16242,upi,1,1139.8
ord_16243,upi,1,2041.6
ord_16244,credit_card,3,3932.21
ord_16245,credit_card,3,891.57
ord_16246,upi,1,5864.11
ord_16247,credit_card,5,524.41
ord_16248,upi,1,8871.89
ord_16249,upi,1,850.45
ord_16250,debit_card,1,9103.87
ord_16251,credit_card,6,9015.1
ord_16252,debit_card,1,8986.96
ord_16253,cod,1,2402.05
ord_16254,upi,1,849.36
ord_16255,upi,1,2430.4
ord_16256,upi,1,1953.2
ord_16257,wallet,1,11059.89
ord_16258,upi,1,5296.09
ord_16259,debit_card,1,10036.06
ord_16260,debit_card,1,5930.98
ord_16261,credit_card,6,7507.9
ord_16262,debit_card,1,486.71
ord_16263,upi,1,1596.83
ord_16264,credit_card,5,1913.26
ord_16265,debit_card,1,1310.14
ord_16266,credit_card,4,10654.31
ord_16267,debit_card,1,1722.53
ord_16268,credit_card,3,2485.22
ord_16269,credit_card,6,623.58
ord_16270,cod,1,18207.67
ord_16271,credit_card,5,8218.22
ord_16272,wallet,1,6735.29
ord_16273,credit_card,4,408.13
ord_16274,upi,1,437.81
ord_16275,wallet,1,7074.01
ord_16276,credit_card,1,3529.77
ord_16277,credit_card,4,7674.84
ord_16278,debit_card,1,13290.96
ord_16279,upi,1,2256.7
ord_16280,credit_card,2,11530.76
ord_16281,upi,1,782.58
ord_16282,cod,1,1337.23
ord_16283,wallet,1,2996.15
ord_16284,cod,1,6951.69
ord_16285,credit_card,5,733.24
ord_16286,upi,1,10423.24
ord_16287,debit_card,1,9063.15
ord_16288,cod,1,1113.15
ord_16289,upi,1,4159.6
ord_16290,debit_card,1,2107.78
ord_16291,upi,1,12266.29
ord_16292,upi,1,714.94
ord_16293,wallet,1,1518.39
ord_16294,upi,1,919.43
ord_16295,upi,1,9921.43
ord_16296,upi,1,10110.84
ord_16297,credit_card,6,11376.7
ord_16298,upi,1,8720.29
ord_16299,wallet,1,5538.72
ord_16300,credit_card,3,14275.34
ord_16301,credit_card,5,2211.24
ord_16302,cod,1,13687.35
ord_16303,upi,1,13209.93
ord_16304,cod,1,682.03
ord_16305,wallet,1,2845.68
ord_16306,upi,1,9774.28
ord_16307,debit_card,1,2228.01
ord_16308,upi,1,680.65
ord_16309,credit_card,1,13546.43
ord_16310,credit_card,2,1775.95
ord_16311,cod,1,411.43
ord_16312,wallet,1,1125.58
ord_16313,debit_card,1,2015.89
ord_16314,wallet,1,1189.12
ord_16315,upi,1,1779.45
ord_16316,upi,1,2435.16
ord_16317,upi,1,2489.64
ord_16318,debit_card,1,9271.23
ord_16319,cod,1,6013.4
ord_16320,credit_card,4,2190.45
ord_16321,upi,1,2831.37
ord_16322,wallet,1,1107.83
ord_16323,debit_card,1,12803.64
ord_16324,credit_card,3,3117.51
ord_16325,credit_card,1,2141.21
ord_16326,wallet,1,1845.79
ord_16327,upi,1,10177.62
ord_16328,cod,1,2502.12
ord_16329,upi,1,1148.71
ord_16330,upi,1,5326.1
ord_16331,upi,1,8215.92
ord_16332,cod,1,4243.09
ord_16333,cod,1,1063.6
ord_16334,wallet,1,1294.93
ord_16335,credit_card,6,1260.27
ord_16336,upi,1,12584.22
ord_16337,credit_card,6,2445.03
ord_16338,credit_card,5,7878.18
ord_16339,cod,1,4413.89
ord_16340,upi,1,801.17
ord_16341,credit_card,1,3584.33
ord_16342,upi,1,4039.03
ord_16343,upi,1,465.15
ord_16344,upi,1,9254.07
ord_16345,credit_card,5,759.29
ord_16346,credit_card,3,3372.3
ord_16347,upi,1,1112.65
ord_16348,debit_card,1,8922.27
ord_16349,upi,1,855.84
ord_16350,wallet,1,472.03
ord_16351,debit_card,1,711.64
ord_16352,credit_card,1,1806.65
ord_16353,credit_card,4,4681.1
ord_16354,upi,1,1624.81
ord_16355,cod,1,1001.82
ord_16356,upi,1,16995.89
ord_16357,cod,1,1064.33
ord_16358,credit_card,1,659.53
ord_16359,upi,1,789.22
ord_16360,cod,1,590.98
ord_16361,cod,1,1011.28
ord_16362,debit_card,1,4451.86
ord_16363,upi,1,7122.21
ord_16364,credit_card,2,6433.47
ord_16365,credit_card,4,4764.62
ord_16366,upi,1,17730.88
ord_16367,debit_card,1,3708.39
ord_16368,upi,1,8278.93
ord_16369,credit_card,6,1276.84
ord_16370,cod,1,218.43
ord_16371,upi,1,3490.65
ord_16372,upi,1,1527.14
ord_16373,wallet,1,822.22
ord_16374,wallet,1,5253.09
ord_16375,upi,1,2471.11
ord_16376,upi,1,3105.1
ord_16377,upi,1,1632.43
ord_16378,upi,1,1389.79
ord_16379,debit_card,1,10449.91
ord_16380,upi,1,7000.56
ord_16381,credit_card,5,1091.7
ord_16382,wallet,1,2279.56
ord_16383,debit_card,1,1568.85
ord_16384,cod,1,6094.57
ord_16385,wallet,1,1849.05
ord_16386,upi,1,708.64
ord_16387,credit_card,4,1487.03
ord_16388,upi,1,2580.33
ord_16389,credit_card,1,481.92
ord_16390,credit_card,1,7747.94
ord_16391,upi,1,1889.49
ord_16392,upi,1,1606.73
ord_16393,cod,1,249.75
ord_16394,cod,1,395.02
ord_16395,credit_card,4,2123.89
ord_16396,upi,1,1503.92
ord_16397,cod,1,19370.71
ord_16398,upi,1,11613.98
ord_16399,cod,1,6838.6
ord_16400,credit_card,4,9672.99
ord_16401,credit_card,1,1053.83
ord_16402,cod,1,2214.79
ord_16403,credit_card,1,10160.08
ord_16404,debit_card,1,758.17
ord_16405,credit_card,3,716.66
ord_16406,cod,1,5747.66
ord_16407,upi,1,2177.99
ord_16408,debit_card,1,12821.68
ord_16409,credit_card,4,8706.58
ord_16410,credit_card,1,968.2
ord_16411,upi,1,7414.5
ord_16412,upi,1,689.95
ord_16413,upi,1,749.54
ord_16414,upi,1,11306.07
ord_16415,upi,1,4912.09
ord_16416,cod,1,16725.72
ord_16417,cod,1,1068.46
ord_16418,upi,1,15437.37
ord_16419,upi,1,4876.93
ord_16420,upi,1,1800.98
ord_16421,wallet,1,1310.94
ord_16422,upi,1,6872.66
ord_16423,credit_card,2,3770.23
ord_16424,credit_card,2,10692.12
ord_16425,credit_card,2,1994.76
ord_16426,upi,1,747.89
ord_16427,cod,1,1231.06
ord_16428,upi,1,16751.44
ord_16429,credit_card,5,1260.83
ord_16430,upi,1,1538.11
ord_16431,upi,1,11486.66
ord_16432,upi,1,11705.98
ord_16433,wallet,1,1358.12
ord_16434,upi,1,200.32
ord_16435,upi,1,2111.88
ord_16436,wallet,1,887.54
ord_16437,credit_card,2,13588.73
ord_16438,credit_card,2,754.12
ord_16439,credit_card,6,811.38
ord_16440,cod,1,2247.55
ord_16441,upi,1,1158.17
ord_16442,credit_card,4,4940.41
ord_16443,credit_card,1,5534.12
ord_16444,credit_card,5,714.51
ord_16445,cod,1,8615.36
ord_16446,upi,1,541.29
ord_16447,cod,1,452.53
ord_16448,cod,1,9634.5
ord_16449,upi,1,3089.59
ord_16450,credit_card,4,1149.48
ord_16451,credit_card,2,802.75
ord_16452,credit_card,1,2484.87
ord_16453,wallet,1,1102.53
ord_16454,debit_card,1,7044.65
ord_16455,upi,1,2708.6
ord_16456,cod,1,3337.01
ord_16457,upi,1,2017.62
ord_16458,credit_card,3,4131.04
ord_16459,upi,1,1191.67
ord_16460,credit_card,5,790.53
ord_16461,upi,1,6536.45
ord_16462,cod,1,5491.72
ord_16463,credit_card,2,5538.99
ord_16464,credit_card,3,6019.08
ord_16465,upi,1,4724.6
ord_16466,upi,1,835.28
ord_16467,credit_card,1,7286.61
ord_16468,cod,1,485.95
ord_16469,upi,1,1641.99
ord_16470,upi,1,7854.76
ord_16471,cod,1,1778.15
ord_16472,upi,1,12844.39
ord_16473,cod,1,9703.42
ord_16474,debit_card,1,6554.57
ord_16475,upi,1,11791.7
ord_16476,upi,1,8212.1
ord_16477,upi,1,13539.69
ord_16478,upi,1,3511.66
ord_16479,upi,1,15087.45
ord_16480,wallet,1,398.73
ord_16481,upi,1,11566.45
ord_16482,wallet,1,8170.45
ord_16483,upi,1,783.08
ord_16484,credit_card,6,802.18
ord_16485,credit_card,1,7192.93
ord_16486,upi,1,4374.81
ord_16487,debit_card,1,1238.29
ord_16488,credit_card,2,2410.09
ord_16489,upi,1,641.12
ord_16490,upi,1,1876.05
ord_16491,upi,1,1143.16
ord_16492,credit_card,6,499.39
ord_16493,upi,1,8341.84
ord_16494,upi,1,5501.68
ord_16495,debit_card,1,1700.53
ord_16496,credit_card,6,2227.62
ord_16497,upi,1,2920.41
ord_16498,upi,1,2776.44
ord_16499,credit_card,1,2548.09
ord_16500,wallet,1,4685.41
ord_16501,upi,1,8285.09
ord_16502,upi,1,2216.21
ord_16503,wallet,1,8205.06
ord_16504,debit_card,1,3140.81
ord_16505,upi,1,5712.35
ord_16506,upi,1,6450.81
ord_16507,debit_card,1,6066.3
ord_16508,credit_card,2,2067.89
ord_16509,debit_card,1,985.05
ord_16510,credit_card,4,602.98
ord_16511,credit_card,6,1566.57
ord_16512,credit_card,5,12850.06
ord_16513,upi,1,7717.94
ord_16514,credit_card,4,1762.2
ord_16515,cod,1,1723.27
ord_16516,debit_card,1,1563.88
ord_16517,upi,1,394.66
ord_16518,upi,1,1075.07
ord_16519,upi,1,6845.15
ord_16520,upi,1,1419.06
ord_16521,wallet,1,9990.18
ord_16522,wallet,1,1276.42
ord_16523,wallet,1,1036.05
ord_16524,credit_card,4,7981.93
ord_16525,upi,1,1519.12
ord_16526,credit_card,4,570.79
ord_16527,upi,1,1219.82
ord_16528,credit_card,1,7425.77
ord_16529,credit_card,5,2998.14
ord_16530,upi,1,13811.45
ord_16531,credit_card,4,838.36
ord_16532,upi,1,9817.21
ord_16533,debit_card,1,13611.91
ord_16534,cod,1,7731.24
ord_16535,debit_card,1,8747.23
ord_16536,debit_card,1,5988.06
ord_16537,upi,1,1736.47
ord_16538,debit_card,1,2455.23
ord_16539,credit_card,5,19767.63
ord_16540,credit_card,1,12508.57
ord_16541,credit_card,3,2496.29
ord_16542,credit_card,4,3388.57
ord_16543,credit_card,1,2112.03
ord_16544,upi,1,1855.41
ord_16545,credit_card,5,3095.04
ord_16546,cod,1,6933.97
ord_16547,debit_card,1,6426.98
ord_16548,credit_card,6,1690.78
ord_16549,upi,1,4599.61
ord_16550,credit_card,6,8681.14
ord_16551,wallet,1,379.58
ord_16552,credit_card,2,7312.8
ord_16553,credit_card,3,492.08
ord_16554,upi,1,8262.71
ord_16555,debit_card,1,3229.09
ord_16556,upi,1,22102.77
ord_16557,upi,1,2414.18
ord_16558,cod,1,11399.41
ord_16559,credit_card,2,2970.98
ord_16560,wallet,1,222.77
ord_16561,upi,1,8062.21
ord_16562,debit_card,1,3528.34
ord_16563,credit_card,5,9052.35
ord_16564,wallet,1,6981.48
ord_16565,wallet,1,10239.55
ord_16566,upi,1,3024.7
ord_16567,wallet,1,1478.97
ord_16568,debit_card,1,1690.57
ord_16569,credit_card,2,1261.22
ord_16570,upi,1,2542.8
ord_16571,wallet,1,1492.19
ord_16572,debit_card,1,1639.56
ord_16573,debit_card,1,5396.86
ord_16574,cod,1,7856.15
ord_16575,upi,1,829.49
ord_16576,upi,1,4338.95
ord_16577,wallet,1,1802.87
ord_16578,upi,1,3083.97
ord_16579,upi,1,692.19
ord_16580,wallet,1,26062.12
ord_16581,credit_card,5,1624.18
ord_16582,debit_card,1,1581.0
ord_16583,wallet,1,1905.59
ord_16584,credit_card,2,1119.96
ord_16585,wallet,1,855.58
ord_16586,wallet,1,7065.97
ord_16587,wallet,1,6334.52
ord_16588,upi,1,2681.96
ord_16589,credit_card,5,15486.6
ord_16590,upi,1,2192.68
ord_16591,debit_card,1,8205.4
ord_16592,debit_card,1,7783.87
ord_16593,debit_card,1,11816.59
ord_16594,credit_card,6,493.33
ord_16595,cod,1,10850.38
ord_16596,credit_card,1,1758.75
ord_16597,debit_card,1,8157.87
ord_16598,upi,1,529.77
ord_16599,upi,1,2440.28
ord_16600,upi,1,397.53
ord_16601,debit_card,1,8586.13
ord_16602,debit_card,1,1038.83
ord_16603,wallet,1,6768.8
ord_16604,wallet,1,2475.9
ord_16605,upi,1,11118.35
ord_16606,credit_card,1,380.67
ord_16607,upi,1,3738.81
ord_16608,cod,1,1147.41
ord_16609,credit_card,3,1636.24
ord_16610,upi,1,1109.98
ord_16611,debit_card,1,9427.58
ord_16612,upi,1,1708.68
ord_16613,wallet,1,1083.02
ord_16614,debit_card,1,11639.93
ord_16615,upi,1,6250.5
ord_16616,credit_card,5,1676.36
ord_16617,upi,1,979.53
ord_16618,upi,1,6800.47
ord_16619,upi,1,3117.05
ord_16620,credit_card,5,2229.59
ord_16621,wallet,1,6767.42
ord_16622,debit_card,1,802.45
ord_16623,upi,1,691.54
ord_16624,credit_card,2,1657.32
ord_16625,upi,1,1866.12
ord_16626,debit_card,1,998.41
ord_16627,upi,1,7269.55
ord_16628,credit_card,4,8426.44
ord_16629,wallet,1,1395.53
ord_16630,credit_card,4,1652.19
ord_16631,credit_card,5,3665.6
ord_16632,debit_card,1,2887.99
ord_16633,debit_card,1,10949.37
ord_16634,wallet,1,11443.51
ord_16635,upi,1,808.56
ord_16636,wallet,1,2216.44
ord_16637,debit_card,1,11347.45
ord_16638,upi,1,650.26
ord_16639,upi,1,3001.07
ord_16640,upi,1,17461.36
ord_16641,upi,1,2779.53
ord_16642,credit_card,4,16341.74
ord_16643,upi,1,3826.94
ord_16644,upi,1,558.84
ord_16645,credit_card,1,716.42
ord_16646,upi,1,1224.59
ord_16647,upi,1,1341.99
ord_16648,credit_card,5,7958.41
ord_16649,credit_card,5,6307.48
ord_16650,debit_card,1,1832.8
ord_16651,cod,1,3237.69
ord_16652,upi,1,1253.43
ord_16653,upi,1,534.72
ord_16654,credit_card,2,4517.34
ord_16655,credit_card,4,9781.46
ord_16656,upi,1,14894.42
ord_16657,wallet,1,9074.52
ord_16658,credit_card,1,2609.48
ord_16659,debit_card,1,4343.48
ord_16660,cod,1,953.68
ord_16661,cod,1,15399.78
ord_16662,debit_card,1,211.3
ord_16663,cod,1,624.56
ord_16664,upi,1,1256.61
ord_16665,wallet,1,897.15
ord_16666,credit_card,5,6382.12
ord_16667,wallet,1,8571.58
ord_16668,upi,1,8098.27
ord_16669,upi,1,6649.04
ord_16670,credit_card,2,1258.48
ord_16671,upi,1,9602.27
ord_16672,upi,1,7698.51
ord_16673,debit_card,1,2744.36
ord_16674,upi,1,918.16
ord_16675,upi,1,2098.98
ord_16676,upi,1,1785.97
ord_16677,wallet,1,7115.62
ord_16678,credit_card,2,3234.54
ord_16679,upi,1,2667.05
ord_16680,upi,1,9319.27
ord_16681,credit_card,2,1969.3
ord_16682,credit_card,3,8245.82
ord_16683,credit_card,1,9912.39
ord_16684,credit_card,3,3033.53
ord_16685,upi,1,1566.9
ord_16686,upi,1,10558.61
ord_16687,credit_card,5,1601.34
ord_16688,credit_card,1,562.12
ord_16689,debit_card,1,12142.99
ord_16690,wallet,1,3336.16
ord_16691,upi,1,7579.55
ord_16692,debit_card,1,596.41
ord_16693,debit_card,1,2011.75
ord_16694,upi,1,14787.03
ord_16695,upi,1,1031.2
ord_16696,cod,1,226.91
ord_16697,cod,1,493.19
ord_16698,credit_card,5,8086.97
ord_16699,cod,1,8555.52
ord_16700,wallet,1,8172.96
ord_16701,debit_card,1,9316.02
ord_16702,debit_card,1,1114.63
ord_16703,upi,1,1847.28
ord_16704,upi,1,3154.77
ord_16705,upi,1,1902.62
ord_16706,debit_card,1,19022.7
ord_16707,debit_card,1,15770.01
ord_16708,debit_card,1,10810.42
ord_16709,credit_card,5,3157.22
ord_16710,cod,1,15934.51
ord_16711,upi,1,3568.21
ord_16712,cod,1,3574.59
ord_16713,wallet,1,4784.08
ord_16714,upi,1,754.63
ord_16715,upi,1,2770.33
ord_16716,credit_card,4,162.7
ord_16717,debit_card,1,7695.44
ord_16718,upi,1,4309.18
ord_16719,upi,1,11464.76
ord_16720,credit_card,6,829.16
ord_16721,credit_card,1,7424.1
ord_16722,credit_card,3,2433.02
ord_16723,credit_card,1,10494.59
ord_16724,debit_card,1,871.39
ord_16725,credit_card,3,7523.93
ord_16726,upi,1,6079.54
ord_16727,upi,1,674.17
ord_16728,debit_card,1,1113.94
ord_16729,credit_card,6,2295.74
ord_16730,upi,1,8219.59
ord_16731,upi,1,2039.93
ord_16732,upi,1,1872.85
ord_16733,upi,1,2400.93
ord_16734,cod,1,9573.67
ord_16735,upi,1,14826.96
ord_16736,upi,1,2970.22
ord_16737,cod,1,7181.07
ord_16738,debit_card,1,11500.9
ord_16739,cod,1,2117.67
ord_16740,upi,1,11012.18
ord_16741,wallet,1,11381.12
ord_16742,upi,1,493.75
ord_16743,credit_card,5,471.28
ord_16744,wallet,1,8872.05
ord_16745,upi,1,451.9
ord_16746,credit_card,4,6901.93
ord_16747,upi,1,2575.89
ord_16748,upi,1,358.27
ord_16749,upi,1,5246.55
ord_16750,wallet,1,2141.29
ord_16751,wallet,1,5870.93
ord_16752,wallet,1,5254.58
ord_16753,credit_card,1,1393.87
ord_16754,debit_card,1,778.11
ord_16755,upi,1,2070.32
ord_16756,upi,1,6213.89
ord_16757,credit_card,5,629.06
ord_16758,upi,1,3424.97
ord_16759,wallet,1,1646.19
ord_16760,debit_card,1,8470.51
ord_16761,credit_card,1,2414.3
ord_16762,upi,1,12745.82
ord_16763,credit_card,2,1416.61
ord_16764,upi,1,1049.26
ord_16765,credit_card,2,2338.82
ord_16766,debit_card,1,6663.16
ord_16767,upi,1,9723.59
ord_16768,credit_card,1,429.45
ord_16769,credit_card,2,15526.36
ord_16770,upi,1,1775.01
ord_16771,upi,1,12160.67
ord_16772,wallet,1,8833.3
ord_16773,wallet,1,386.08
ord_16774,upi,1,7512.02
ord_16775,upi,1,5483.94
ord_16776,upi,1,3622.46
ord_16777,upi,1,9291.47
ord_16778,upi,1,10163.68
ord_16779,cod,1,11979.99
ord_16780,upi,1,16934.5
ord_16781,upi,1,2481.52
ord_16782,credit_card,2,2019.83
ord_16783,credit_card,6,967.54
ord_16784,upi,1,7169.01
ord_16785,cod,1,220.52
ord_16786,credit_card,6,479.96
ord_16787,credit_card,3,840.14
ord_16788,wallet,1,921.1
ord_16789,credit_card,4,1541.56
ord_16790,upi,1,5891.98
ord_16791,credit_card,6,1082.38
ord_16792,debit_card,1,1772.19
ord_16793,credit_card,4,7373.58
ord_16794,debit_card,1,920.31
ord_16795,upi,1,13463.8
ord_16796,wallet,1,6761.8
ord_16797,upi,1,427.72
ord_16798,upi,1,1530.35
ord_16799,wallet,1,7413.14
ord_16800,upi,1,708.25
ord_16801,cod,1,667.79
ord_16802,upi,1,4826.81
ord_16803,upi,1,2969.78
ord_16804,cod,1,11382.47
ord_16805,debit_card,1,3780.3
ord_16806,debit_card,1,1764.93
ord_16807,credit_card,2,1926.56
ord_16808,credit_card,1,1601.8
ord_16809,credit_card,3,1698.32
ord_16810,cod,1,4034.0
ord_16811,credit_card,6,1910.64
ord_16812,debit_card,1,2400.1
ord_16813,cod,1,3859.64
ord_16814,credit_card,6,14806.88
ord_16815,credit_card,6,1131.59
ord_16816,credit_card,6,1792.43
ord_16817,upi,1,979.86
ord_16818,cod,1,469.27
ord_16819,credit_card,4,2405.95
ord_16820,upi,1,1336.18
ord_16821,cod,1,517.63
ord_16822,upi,1,1867.71
ord_16823,credit_card,1,2036.65
ord_16824,credit_card,4,2402.33
ord_16825,debit_card,1,14508.04
ord_16826,cod,1,1162.42
ord_16827,credit_card,1,2972.83
ord_16828,credit_card,6,8647.47
ord_16829,debit_card,1,1211.46
ord_16830,upi,1,1370.19
ord_16831,debit_card,1,2626.92
ord_16832,debit_card,1,5455.65
ord_16833,upi,1,2121.73
ord_16834,cod,1,7438.48
ord_16835,credit_card,6,4085.16
ord_16836,wallet,1,2483.75
ord_16837,credit_card,5,788.84
ord_16838,credit_card,5,171.49
ord_16839,wallet,1,761.05
ord_16840,wallet,1,1544.2
ord_16841,wallet,1,1749.42
ord_16842,wallet,1,4263.15
ord_16843,credit_card,1,2345.61
ord_16844,upi,1,509.55
ord_16845,upi,1,721.02
ord_16846,cod,1,13820.22
ord_16847,wallet,1,12297.33
ord_16848,upi,1,9607.65
ord_16849,credit_card,4,7812.22
ord_16850,debit_card,1,6369.68
ord_16851,credit_card,6,8999.91
ord_16852,cod,1,2693.82
ord_16853,upi,1,2766.49
ord_16854,cod,1,3014.0
ord_16855,upi,1,1018.16
ord_16856,upi,1,12539.61
ord_16857,upi,1,922.81
ord_16858,debit_card,1,2086.71
ord_16859,upi,1,7062.2
ord_16860,upi,1,1321.88
ord_16861,upi,1,6903.45
ord_16862,credit_card,3,7328.29
ord_16863,upi,1,1647.75
ord_16864,upi,1,8346.42
ord_16865,credit_card,6,15739.85
ord_16866,debit_card,1,8730.98
ord_16867,upi,1,643.81
ord_16868,upi,1,7337.23
ord_16869,debit_card,1,3129.5
ord_16870,debit_card,1,11179.04
ord_16871,credit_card,6,4179.37
ord_16872,upi,1,8751.81
ord_16873,wallet,1,1223.73
ord_16874,credit_card,2,1536.64
ord_16875,upi,1,688.24
ord_16876,upi,1,1204.04
ord_16877,upi,1,9586.43
ord_16878,debit_card,1,10485.83
ord_16879,wallet,1,3448.76
ord_16880,credit_card,5,2224.62
ord_16881,upi,1,13556.84
ord_16882,upi,1,1285.68
ord_16883,upi,1,2117.2
ord_16884,credit_card,3,1336.15
ord_16885,debit_card,1,849.35
ord_16886,upi,1,2924.4
ord_16887,upi,1,1124.78
ord_16888,cod,1,7600.33
ord_16889,credit_card,4,1202.97
ord_16890,cod,1,10763.63
ord_16891,credit_card,6,2549.79
ord_16892,cod,1,2390.07
ord_16893,upi,1,1040.79
ord_16894,upi,1,1413.35
ord_16895,cod,1,1442.25
ord_16896,upi,1,7593.75
ord_16897,wallet,1,959.82
ord_16898,debit_card,1,2078.81
ord_16899,debit_card,1,8179.66
ord_16900,upi,1,7367.12
ord_16901,credit_card,1,1319.58
ord_16902,wallet,1,473.25
ord_16903,upi,1,8533.03
ord_16904,cod,1,1200.87
ord_16905,upi,1,11738.93
ord_16906,cod,1,563.79
ord_16907,upi,1,877.09
ord_16908,upi,1,7248.34
ord_16909,credit_card,4,7697.63
ord_16910,debit_card,1,2019.77
ord_16911,wallet,1,3482.09
ord_16912,upi,1,6803.04
ord_16913,upi,1,485.01
ord_16914,debit_card,1,423.59
ord_16915,cod,1,4785.24
ord_16916,debit_card,1,3772.52
ord_16917,upi,1,1012.12
ord_16918,upi,1,688.75
ord_16919,credit_card,3,7361.33
ord_16920,upi,1,2301.06
ord_16921,cod,1,693.27
ord_16922,debit_card,1,1361.53
ord_16923,upi,1,575.87
ord_16924,upi,1,6209.13
ord_16925,debit_card,1,2420.98
ord_16926,upi,1,1338.82
ord_16927,wallet,1,5514.76
ord_16928,upi,1,1515.86
ord_16929,upi,1,806.29
ord_16930,upi,1,794.59
ord_16931,debit_card,1,2017.01
ord_16932,upi,1,646.94
ord_16933,upi,1,7020.29
ord_16934,upi,1,2465.12
ord_16935,credit_card,4,4212.07
ord_16936,upi,1,2243.7
ord_16937,credit_card,5,12186.92
ord_16938,upi,1,1011.8
ord_16939,cod,1,2140.59
ord_16940,debit_card,1,10014.12
ord_16941,debit_card,1,8299.3
ord_16942,debit_card,1,2204.22
ord_16943,upi,1,9760.65
ord_16944,upi,1,11853.31
ord_16945,cod,1,1498.23
ord_16946,wallet,1,11820.88
ord_16947,upi,1,7551.01
ord_16948,cod,1,1585.11
ord_16949,credit_card,2,1674.54
ord_16950,debit_card,1,783.75
ord_16951,upi,1,18262.78
ord_16952,debit_card,1,1102.42
ord_16953,credit_card,3,8141.99
ord_16954,credit_card,2,13167.77
ord_16955,credit_card,1,1739.36
ord_16956,credit_card,6,7955.61
ord_16957,cod,1,14665.92
ord_16958,upi,1,6856.37
ord_16959,credit_card,3,1402.46
ord_16960,credit_card,4,4538.11
ord_16961,wallet,1,855.5
ord_16962,upi,1,3374.95
ord_16963,upi,1,8680.51
ord_16964,upi,1,998.2
ord_16965,credit_card,2,8636.29
ord_16966,debit_card,1,11811.96
ord_16967,wallet,1,2506.11
ord_16968,upi,1,10931.66
ord_16969,upi,1,7087.41
ord_16970,credit_card,6,686.97
ord_16971,cod,1,663.95
ord_16972,cod,1,13873.73
ord_16973,upi,1,1655.71
ord_16974,upi,1,1622.24
ord_16975,credit_card,1,8777.64
ord_16976,credit_card,3,1957.35
ord_16977,cod,1,2891.86
ord_16978,upi,1,2212.35
ord_16979,upi,1,2323.33
ord_16980,upi,1,1228.35
ord_16981,upi,1,7826.26
ord_16982,cod,1,612.42
ord_16983,credit_card,4,11346.44
ord_16984,upi,1,11324.46
ord_16985,upi,1,548.62
ord_16986,credit_card,3,12878.09
ord_16987,credit_card,6,5100.61
ord_16988,upi,1,956.44
ord_16989,wallet,1,6238.18
ord_16990,cod,1,2329.49
ord_16991,upi,1,12453.31
ord_16992,cod,1,1858.0
ord_16993,debit_card,1,7333.74
ord_16994,credit_card,1,1640.45
ord_16995,debit_card,1,1035.24
ord_16996,credit_card,1,2462.78
ord_16997,debit_card,1,2881.86
ord_16998,credit_card,6,5156.04
ord_16999,upi,1,201.4
ord_17000,debit_card,1,7381.2
ord_17001,credit_card,6,7644.6
ord_17002,upi,1,2318.99
ord_17003,credit_card,4,10990.35
ord_17004,upi,1,10644.65
ord_17005,cod,1,2318.18
ord_17006,wallet,1,1728.29
ord_17007,upi,1,2758.54
ord_17008,debit_card,1,3027.87
ord_17009,debit_card,1,240.87
ord_17010,credit_card,2,495.03
ord_17011,upi,1,6167.69
ord_17012,credit_card,1,10626.6
ord_17013,credit_card,5,12609.66
ord_17014,upi,1,6310.29
ord_17015,debit_card,1,5019.56
ord_17016,upi,1,12578.79
ord_17017,credit_card,3,12239.36
ord_17018,cod,1,6383.68
ord_17019,credit_card,1,731.14
ord_17020,debit_card,1,7433.37
ord_17021,upi,1,1922.11
ord_17022,cod,1,897.36
ord_17023,credit_card,6,211.65
ord_17024,wallet,1,1096.94
ord_17025,debit_card,1,1626.48
ord_17026,cod,1,3181.34
ord_17027,upi,1,1383.25
ord_17028,credit_card,2,2767.87
ord_17029,upi,1,1459.06
ord_17030,upi,1,1288.95
ord_17031,upi,1,760.36
ord_17032,credit_card,6,670.03
ord_17033,debit_card,1,6470.67
ord_17034,credit_card,2,557.44
ord_17035,debit_card,1,1432.76
ord_17036,wallet,1,485.58
ord_17037,cod,1,4612.99
ord_17038,debit_card,1,400.1
ord_17039,upi,1,1187.17
ord_17040,upi,1,6522.12
ord_17041,upi,1,668.18
ord_17042,upi,1,4215.57
ord_17043,upi,1,9956.16
ord_17044,upi,1,7734.75
ord_17045,debit_card,1,7852.93
ord_17046,credit_card,6,3642.97
ord_17047,credit_card,1,1382.0
ord_17048,credit_card,4,961.72
ord_17049,debit_card,1,1093.34
ord_17050,credit_card,5,7527.05
ord_17051,debit_card,1,11098.07
ord_17052,upi,1,1915.27
ord_17053,upi,1,12612.37
ord_17054,credit_card,6,1244.74
ord_17055,upi,1,5633.54
ord_17056,upi,1,7940.31
ord_17057,upi,1,10432.2
ord_17058,upi,1,638.94
ord_17059,upi,1,2242.56
ord_17060,upi,1,1386.13
ord_17061,credit_card,6,1136.3
ord_17062,upi,1,10914.11
ord_17063,credit_card,4,9504.76
ord_17064,credit_card,5,1817.98
ord_17065,upi,1,584.8
ord_17066,cod,1,4120.77
ord_17067,credit_card,5,218.64
ord_17068,upi,1,656.04
ord_17069,upi,1,11469.28
ord_17070,upi,1,1290.42
ord_17071,upi,1,1073.11
ord_17072,upi,1,1612.51
ord_17073,wallet,1,8083.53
ord_17074,cod,1,2390.14
ord_17075,upi,1,762.31
ord_17076,upi,1,7401.93
ord_17077,upi,1,1304.21
ord_17078,credit_card,2,1208.91
ord_17079,upi,1,549.7
ord_17080,debit_card,1,7782.95
ord_17081,cod,1,3309.36
ord_17082,upi,1,5833.44
ord_17083,upi,1,4214.62
ord_17084,credit_card,4,5626.49
ord_17085,wallet,1,1200.1
ord_17086,upi,1,8605.79
ord_17087,upi,1,2002.36
ord_17088,credit_card,2,8865.23
ord_17089,credit_card,2,1348.03
ord_17090,credit_card,4,3013.57
ord_17091,credit_card,6,2538.59
ord_17092,credit_card,3,6123.18
ord_17093,upi,1,3507.37
ord_17094,upi,1,8484.55
ord_17095,credit_card,4,2934.53
ord_17096,wallet,1,1002.8
ord_17097,debit_card,1,3231.29
ord_17098,upi,1,1281.77
ord_17099,upi,1,808.49
ord_17100,upi,1,1042.75
ord_17101,cod,1,7258.07
ord_17102,credit_card,2,10107.34
ord_17103,wallet,1,5482.36
ord_17104,upi,1,10702.03
ord_17105,upi,1,714.39
ord_17106,upi,1,4755.55
ord_17107,upi,1,17436.35
ord_17108,wallet,1,495.01
ord_17109,upi,1,1211.57
ord_17110,credit_card,6,2991.39
ord_17111,upi,1,9611.09
ord_17112,cod,1,17717.5
ord_17113,debit_card,1,3415.92
ord_17114,credit_card,4,569.9
ord_17115,upi,1,710.52
ord_17116,debit_card,1,2481.09
ord_17117,upi,1,2062.18
ord_17118,upi,1,1652.68
ord_17119,debit_card,1,1235.77
ord_17120,upi,1,1455.59
ord_17121,upi,1,8136.38
ord_17122,upi,1,2794.73
ord_17123,upi,1,952.47
ord_17124,wallet,1,195.4
ord_17125,credit_card,1,2772.13
ord_17126,credit_card,4,8220.29
ord_17127,upi,1,817.35
ord_17128,cod,1,339.64
ord_17129,upi,1,8578.46
ord_17130,credit_card,6,7409.76
ord_17131,credit_card,2,26966.89
ord_17132,upi,1,3460.76
ord_17133,credit_card,2,1683.7
ord_17134,upi,1,1306.37
ord_17135,upi,1,743.22
ord_17136,credit_card,3,3322.26
ord_17137,upi,1,527.02
ord_17138,credit_card,3,4158.43
ord_17139,cod,1,6626.31
ord_17140,credit_card,4,5763.55
ord_17141,upi,1,1843.49
ord_17142,credit_card,1,247.37
ord_17143,cod,1,11792.04
ord_17144,upi,1,19375.58
ord_17145,debit_card,1,3225.41
ord_17146,cod,1,778.64
ord_17147,upi,1,1028.24
ord_17148,upi,1,907.02
ord_17149,credit_card,2,778.06
ord_17150,debit_card,1,11927.71
ord_17151,upi,1,1805.96
ord_17152,debit_card,1,8548.03
ord_17153,credit_card,3,11229.97
ord_17154,credit_card,3,4707.5
ord_17155,cod,1,6354.47
ord_17156,credit_card,5,8752.87
ord_17157,upi,1,1582.44
ord_17158,credit_card,1,3399.47
ord_17159,debit_card,1,2839.45
ord_17160,wallet,1,1658.82
ord_17161,upi,1,3561.53
ord_17162,debit_card,1,1218.98
ord_17163,upi,1,1283.53
ord_17164,debit_card,1,172.08
ord_17165,wallet,1,1563.55
ord_17166,wallet,1,2046.54
ord_17167,credit_card,2,4046.01
ord_17168,credit_card,4,5741.18
ord_17169,credit_card,1,4544.37
ord_17170,wallet,1,8626.8
ord_17171,upi,1,6055.23
ord_17172,credit_card,1,808.41
ord_17173,upi,1,9648.78
ord_17174,upi,1,8824.14
ord_17175,wallet,1,772.39
ord_17176,credit_card,4,2122.21
ord_17177,cod,1,6444.18
ord_17178,upi,1,1902.99
ord_17179,credit_card,2,3060.5
ord_17180,upi,1,1839.3
ord_17181,credit_card,3,10207.6
ord_17182,debit_card,1,6190.12
ord_17183,upi,1,6993.73
ord_17184,cod,1,457.97
ord_17185,upi,1,9473.7
ord_17186,wallet,1,1022.9
ord_17187,upi,1,9597.75
ord_17188,cod,1,12525.79
ord_17189,wallet,1,1230.49
ord_17190,credit_card,6,836.8
ord_17191,credit_card,2,19478.01
ord_17192,upi,1,8178.04
ord_17193,upi,1,2861.96
ord_17194,upi,1,294.09
ord_17195,cod,1,844.65
ord_17196,upi,1,1733.43
ord_17197,debit_card,1,13167.76
ord_17198,debit_card,1,3551.52
ord_17199,upi,1,1475.45
ord_17200,credit_card,5,7041.08
ord_17201,upi,1,2826.18
ord_17202,upi,1,7051.94
ord_17203,upi,1,2262.41
ord_17204,upi,1,545.77
ord_17205,debit_card,1,9807.32
ord_17206,upi,1,2818.22
ord_17207,cod,1,22182.82
ord_17208,upi,1,1986.32
ord_17209,upi,1,7372.95
ord_17210,upi,1,13558.95
ord_17211,credit_card,1,2650.63
ord_17212,upi,1,8141.88
ord_17213,upi,1,17906.19
ord_17214,wallet,1,1566.45
ord_17215,wallet,1,1827.33
ord_17216,credit_card,3,9955.36
ord_17217,credit_card,2,1827.27
ord_17218,upi,1,827.04
ord_17219,credit_card,5,2562.22
ord_17220,upi,1,1278.22
ord_17221,debit_card,1,1430.06
ord_17222,upi,1,1286.58
ord_17223,debit_card,1,478.11
ord_17224,credit_card,2,10017.69
ord_17225,upi,1,1180.85
ord_17226,wallet,1,1276.08
ord_17227,debit_card,1,2064.35
ord_17228,upi,1,4809.23
ord_17229,upi,1,5949.54
ord_17230,debit_card,1,8230.05
ord_17231,cod,1,9051.56
ord_17232,upi,1,6322.2
ord_17233,upi,1,2484.44
ord_17234,credit_card,5,1300.95
ord_17235,wallet,1,12929.33
ord_17236,upi,1,9292.4
ord_17237,upi,1,160.99
ord_17238,upi,1,4237.4
ord_17239,cod,1,488.23
ord_17240,credit_card,5,2170.2
ord_17241,debit_card,1,1372.55
ord_17242,wallet,1,1430.09
ord_17243,cod,1,4623.41
ord_17244,wallet,1,19651.79
ord_17245,upi,1,9053.69
ord_17246,upi,1,1414.9
ord_17247,upi,1,12730.17
ord_17248,credit_card,3,4570.74
ord_17249,debit_card,1,1765.41
ord_17250,cod,1,809.21
ord_17251,upi,1,479.63
ord_17252,credit_card,1,13984.52
ord_17253,debit_card,1,743.49
ord_17254,debit_card,1,512.72
ord_17255,wallet,1,4845.89
ord_17256,upi,1,1343.94
ord_17257,upi,1,6528.6
ord_17258,upi,1,1487.25
ord_17259,debit_card,1,891.44
ord_17260,credit_card,6,3512.0
ord_17261,debit_card,1,8773.8
ord_17262,credit_card,3,4756.89
ord_17263,upi,1,2452.14
ord_17264,debit_card,1,7546.35
ord_17265,cod,1,7361.96
ord_17266,upi,1,7259.53
ord_17267,wallet,1,7700.7
ord_17268,upi,1,1484.31
ord_17269,upi,1,3380.94
ord_17270,debit_card,1,2290.29
ord_17271,upi,1,2935.12
ord_17272,upi,1,5841.6
ord_17273,credit_card,6,5035.16
ord_17274,upi,1,5782.03
ord_17275,cod,1,9948.61
ord_17276,wallet,1,10902.58
ord_17277,upi,1,8764.97
ord_17278,credit_card,4,352.91
ord_17279,debit_card,1,1774.99
ord_17280,upi,1,11170.55
ord_17281,cod,1,8806.25
ord_17282,upi,1,7523.87
ord_17283,upi,1,771.74
ord_17284,credit_card,2,1197.06
ord_17285,debit_card,1,6108.91
ord_17286,upi,1,10348.15
ord_17287,upi,1,1652.83
ord_17288,upi,1,7824.06
ord_17289,upi,1,860.01
ord_17290,cod,1,649.41
ord_17291,wallet,1,3413.15
ord_17292,upi,1,9475.34
ord_17293,upi,1,2710.99
ord_17294,credit_card,6,8200.84
ord_17295,credit_card,6,554.23
ord_17296,credit_card,4,3941.64
ord_17297,debit_card,1,2504.17
ord_17298,cod,1,3877.43
ord_17299,cod,1,2045.58
ord_17300,credit_card,2,5515.6
ord_17301,upi,1,1045.75
ord_17302,credit_card,6,8223.69
ord_17303,credit_card,3,10104.3
ord_17304,debit_card,1,3482.69
ord_17305,debit_card,1,3469.29
ord_17306,debit_card,1,1934.64
ord_17307,debit_card,1,408.1
ord_17308,credit_card,1,1783.37
ord_17309,upi,1,1065.01
ord_17310,cod,1,4939.56
ord_17311,upi,1,10810.88
ord_17312,credit_card,3,7865.63
ord_17313,credit_card,3,2437.87
ord_17314,wallet,1,969.46
ord_17315,credit_card,5,9860.78
ord_17316,debit_card,1,6109.99
ord_17317,debit_card,1,3862.11
ord_17318,credit_card,4,871.58
ord_17319,cod,1,1276.01
ord_17320,credit_card,2,7249.18
ord_17321,cod,1,3649.27
ord_17322,credit_card,4,2278.49
ord_17323,debit_card,1,908.99
ord_17324,cod,1,1847.23
ord_17325,credit_card,4,750.27
ord_17326,wallet,1,5870.34
ord_17327,credit_card,3,5622.29
ord_17328,debit_card,1,6684.43
ord_17329,credit_card,6,2935.42
ord_17330,upi,1,1213.4
ord_17331,wallet,1,859.88
ord_17332,credit_card,1,423.01
ord_17333,upi,1,8531.69
ord_17334,upi,1,4448.64
ord_17335,debit_card,1,3712.61
ord_17336,upi,1,1815.81
ord_17337,upi,1,9669.08
ord_17338,cod,1,893.63
ord_17339,upi,1,2791.1
ord_17340,upi,1,3336.49
ord_17341,cod,1,2602.9
ord_17342,wallet,1,700.16
ord_17343,credit_card,2,8363.74
ord_17344,debit_card,1,1698.72
ord_17345,upi,1,2950.11
ord_17346,credit_card,6,7499.1
ord_17347,wallet,1,1193.45
ord_17348,credit_card,6,1176.61
ord_17349,cod,1,1137.65
ord_17350,debit_card,1,12526.45
ord_17351,cod,1,426.35
ord_17352,credit_card,1,1542.49
ord_17353,wallet,1,376.3
ord_17354,cod,1,3110.6
ord_17355,credit_card,5,3085.99
ord_17356,credit_card,4,1671.42
ord_17357,upi,1,710.38
ord_17358,upi,1,9223.85
ord_17359,upi,1,1571.85
ord_17360,upi,1,1264.77
ord_17361,upi,1,3755.06
ord_17362,cod,1,590.22
ord_17363,upi,1,2163.94
ord_17364,upi,1,1817.53
ord_17365,credit_card,3,7649.7
ord_17366,credit_card,2,842.52
ord_17367,upi,1,7869.34
ord_17368,debit_card,1,989.22
ord_17369,wallet,1,2190.62
ord_17370,debit_card,1,7049.78
ord_17371,cod,1,1030.12
ord_17372,upi,1,6633.24
ord_17373,credit_card,3,12927.56
ord_17374,debit_card,1,1017.52
ord_17375,upi,1,1097.25
ord_17376,cod,1,1350.81
ord_17377,wallet,1,2708.15
ord_17378,credit_card,2,956.66
ord_17379,upi,1,9892.57
ord_17380,upi,1,4602.04
ord_17381,credit_card,3,813.83
ord_17382,credit_card,5,802.56
ord_17383,upi,1,4268.02
ord_17384,upi,1,3712.86
ord_17385,upi,1,606.11
ord_17386,wallet,1,452.34
ord_17387,credit_card,4,1577.47
ord_17388,upi,1,455.19
ord_17389,debit_card,1,12596.63
ord_17390,credit_card,1,3144.18
ord_17391,upi,1,1369.04
ord_17392,wallet,1,1236.24
ord_17393,wallet,1,7149.01
ord_17394,debit_card,1,401.57
ord_17395,upi,1,9978.46
ord_17396,upi,1,9324.01
ord_17397,upi,1,11716.01
ord_17398,credit_card,2,1193.69
ord_17399,debit_card,1,460.18
ord_17400,upi,1,1703.1
ord_17401,debit_card,1,4012.39
ord_17402,upi,1,931.88
ord_17403,credit_card,4,2012.53
ord_17404,upi,1,2281.68
ord_17405,cod,1,472.52
ord_17406,credit_card,5,9589.94
ord_17407,upi,1,4447.14
ord_17408,upi,1,3477.25
ord_17409,wallet,1,8046.92
ord_17410,upi,1,6913.95
ord_17411,upi,1,1176.76
ord_17412,credit_card,2,9472.15
ord_17413,debit_card,1,2303.87
ord_17414,upi,1,2322.51
ord_17415,upi,1,1222.5
ord_17416,debit_card,1,8354.09
ord_17417,upi,1,499.97
ord_17418,credit_card,2,15994.02
ord_17419,upi,1,1604.89
ord_17420,credit_card,5,2192.29
ord_17421,credit_card,2,1597.66
ord_17422,credit_card,1,2625.07
ord_17423,debit_card,1,11488.35
ord_17424,credit_card,1,1130.37
ord_17425,upi,1,9488.16
ord_17426,credit_card,3,2021.8
ord_17427,upi,1,2573.59
ord_17428,upi,1,1960.76
ord_17429,debit_card,1,922.74
ord_17430,upi,1,2250.49
ord_17431,cod,1,738.36
ord_17432,cod,1,734.81
ord_17433,upi,1,1094.57
ord_17434,debit_card,1,1451.88
ord_17435,debit_card,1,8692.28
ord_17436,credit_card,3,9503.52
ord_17437,debit_card,1,3053.5
ord_17438,upi,1,6906.13
ord_17439,credit_card,4,9118.94
ord_17440,cod,1,2102.55
ord_17441,credit_card,1,7871.87
ord_17442,wallet,1,8150.07
ord_17443,wallet,1,7937.25
ord_17444,credit_card,3,491.09
ord_17445,wallet,1,5834.7
ord_17446,upi,1,6654.3
ord_17447,credit_card,1,1141.78
ord_17448,credit_card,5,7892.43
ord_17449,upi,1,1436.83
ord_17450,debit_card,1,7324.1
ord_17451,upi,1,6781.35
ord_17452,upi,1,7247.85
ord_17453,cod,1,1444.19
ord_17454,upi,1,719.31
ord_17455,upi,1,8413.19
ord_17456,upi,1,518.45
ord_17457,credit_card,1,2226.87
ord_17458,wallet,1,2033.17
ord_17459,credit_card,6,12788.22
ord_17460,upi,1,807.58
ord_17461,upi,1,7827.4
ord_17462,cod,1,2814.21
ord_17463,debit_card,1,6615.15
ord_17464,credit_card,5,1047.01
ord_17465,debit_card,1,6522.41
ord_17466,cod,1,3555.69
ord_17467,debit_card,1,2079.76
ord_17468,wallet,1,9720.44
ord_17469,credit_card,3,5100.32
ord_17470,cod,1,581.97
ord_17471,upi,1,3323.51
ord_17472,upi,1,6297.86
ord_17473,credit_card,6,16092.66
ord_17474,upi,1,1106.9
ord_17475,upi,1,1054.09
ord_17476,credit_card,3,909.19
ord_17477,upi,1,2485.05
ord_17478,debit_card,1,7861.18
ord_17479,upi,1,4936.53
ord_17480,upi,1,1777.57
ord_17481,upi,1,1101.7
ord_17482,debit_card,1,6841.02
ord_17483,credit_card,2,586.94
ord_17484,debit_card,1,9467.34
ord_17485,upi,1,865.87
ord_17486,credit_card,2,892.2
ord_17487,cod,1,2744.11
ord_17488,upi,1,5407.41
ord_17489,upi,1,547.51
ord_17490,credit_card,5,7707.15
ord_17491,debit_card,1,904.93
ord_17492,upi,1,3577.36
ord_17493,wallet,1,1381.63
ord_17494,upi,1,7608.2
ord_17495,wallet,1,434.91
ord_17496,upi,1,1118.49
ord_17497,credit_card,1,1688.33
ord_17498,upi,1,3624.54
ord_17499,upi,1,525.25
ord_17500,credit_card,4,3502.81
ord_17501,upi,1,7202.7
ord_17502,debit_card,1,913.6
ord_17503,credit_card,1,1035.57
ord_17504,wallet,1,7286.3
ord_17505,upi,1,1893.31
ord_17506,credit_card,3,1386.8
ord_17507,credit_card,3,2840.37
ord_17508,credit_card,3,4815.33
ord_17509,upi,1,2253.98
ord_17510,wallet,1,2946.52
ord_17511,upi,1,1162.13
ord_17512,wallet,1,3042.4
ord_17513,credit_card,1,3087.75
ord_17514,credit_card,1,593.48
ord_17515,credit_card,4,2519.2
ord_17516,credit_card,4,6024.08
ord_17517,upi,1,681.13
ord_17518,upi,1,440.17
ord_17519,credit_card,5,1926.24
ord_17520,cod,1,1048.26
ord_17521,upi,1,14384.73
ord_17522,credit_card,4,834.73
ord_17523,upi,1,1022.81
ord_17524,upi,1,2101.29
ord_17525,upi,1,1956.99
ord_17526,cod,1,11025.92
ord_17527,credit_card,4,2116.42
ord_17528,upi,1,13673.69
ord_17529,wallet,1,10397.6
ord_17530,debit_card,1,1398.96
ord_17531,credit_card,4,1089.3
ord_17532,credit_card,3,1307.51
ord_17533,cod,1,11832.63
ord_17534,upi,1,6350.01
ord_17535,credit_card,5,1861.18
ord_17536,upi,1,753.19
ord_17537,credit_card,5,1384.36
ord_17538,debit_card,1,1497.61
ord_17539,upi,1,8131.73
ord_17540,upi,1,3554.3
ord_17541,debit_card,1,2235.02
ord_17542,upi,1,2163.56
ord_17543,credit_card,6,1166.47
ord_17544,wallet,1,7231.91
ord_17545,upi,1,2647.69
ord_17546,upi,1,5923.86
ord_17547,credit_card,1,650.32
ord_17548,cod,1,844.53
ord_17549,credit_card,2,1164.69
ord_17550,upi,1,6211.98
ord_17551,credit_card,5,2671.59
ord_17552,credit_card,3,6599.89
ord_17553,wallet,1,3334.94
ord_17554,upi,1,12517.63
ord_17555,upi,1,796.43
ord_17556,upi,1,1622.02
ord_17557,debit_card,1,483.65
ord_17558,upi,1,1760.27
ord_17559,credit_card,2,4849.72
ord_17560,credit_card,4,3480.3
ord_17561,cod,1,1204.29
ord_17562,upi,1,3060.2
ord_17563,credit_card,3,1738.51
ord_17564,credit_card,1,2184.83
ord_17565,credit_card,6,2726.28
ord_17566,wallet,1,1080.52
ord_17567,upi,1,1839.48
ord_17568,upi,1,8676.8
ord_17569,cod,1,10181.14
ord_17570,cod,1,6975.07
ord_17571,upi,1,9141.19
ord_17572,credit_card,4,3141.43
ord_17573,upi,1,1604.21
ord_17574,cod,1,303.6
ord_17575,cod,1,7849.94
ord_17576,credit_card,2,491.62
ord_17577,upi,1,2753.19
ord_17578,upi,1,1496.75
ord_17579,cod,1,8502.52
ord_17580,wallet,1,1547.37
ord_17581,upi,1,2691.53
ord_17582,debit_card,1,1879.99
ord_17583,upi,1,9256.72
ord_17584,debit_card,1,13866.54
ord_17585,credit_card,4,2307.07
ord_17586,cod,1,3554.01
ord_17587,debit_card,1,6168.99
ord_17588,upi,1,2554.06
ord_17589,credit_card,2,1537.61
ord_17590,upi,1,1535.41
ord_17591,cod,1,13536.22
ord_17592,upi,1,2028.44
ord_17593,debit_card,1,7456.8
ord_17594,credit_card,2,13553.83
ord_17595,upi,1,8779.34
ord_17596,upi,1,4677.26
ord_17597,credit_card,3,13347.54
ord_17598,upi,1,12023.29
ord_17599,credit_card,1,9170.97
ord_17600,upi,1,3765.48
ord_17601,debit_card,1,1145.57
ord_17602,upi,1,1965.36
ord_17603,credit_card,1,10277.33
ord_17604,upi,1,298.62
ord_17605,wallet,1,1344.73
ord_17606,upi,1,8519.27
ord_17607,credit_card,5,9775.1
ord_17608,upi,1,4827.22
ord_17609,upi,1,1491.87
ord_17610,upi,1,6187.81
ord_17611,upi,1,17730.3
ord_17612,upi,1,7813.12
ord_17613,cod,1,440.73
ord_17614,wallet,1,2673.2
ord_17615,credit_card,1,8209.56
ord_17616,credit_card,6,17296.3
ord_17617,credit_card,1,3514.52
ord_17618,upi,1,7586.87
ord_17619,upi,1,1174.9
ord_17620,debit_card,1,18107.27
ord_17621,upi,1,7311.27
ord_17622,credit_card,2,1548.42
ord_17623,upi,1,2660.72
ord_17624,wallet,1,3997.5
ord_17625,credit_card,1,7302.5
ord_17626,credit_card,2,9788.1
ord_17627,upi,1,7204.84
ord_17628,upi,1,9897.3
ord_17629,credit_card,2,3019.8
ord_17630,cod,1,1129.27
ord_17631,credit_card,1,639.21
ord_17632,credit_card,2,1333.62
ord_17633,upi,1,8333.43
ord_17634,debit_card,1,6701.97
ord_17635,credit_card,1,9082.91
ord_17636,upi,1,2230.53
ord_17637,upi,1,2438.12
ord_17638,debit_card,1,3562.28
ord_17639,upi,1,1191.2
ord_17640,upi,1,783.09
ord_17641,cod,1,8359.52
ord_17642,cod,1,1558.43
ord_17643,debit_card,1,2097.68
ord_17644,cod,1,1776.15
ord_17645,upi,1,980.21
ord_17646,cod,1,15821.96
ord_17647,upi,1,3185.69
ord_17648,upi,1,2438.64
ord_17649,upi,1,10893.14
ord_17650,cod,1,10010.3
ord_17651,upi,1,2345.97
ord_17652,upi,1,8957.1
ord_17653,debit_card,1,5517.17
ord_17654,debit_card,1,4457.18
ord_17655,wallet,1,4266.68
ord_17656,upi,1,6035.91
ord_17657,credit_card,3,8609.37
ord_17658,debit_card,1,1767.05
ord_17659,credit_card,3,702.27
ord_17660,debit_card,1,2402.95
ord_17661,wallet,1,12998.89
ord_17662,credit_card,5,3249.48
ord_17663,upi,1,1297.18
ord_17664,upi,1,844.82
ord_17665,upi,1,3590.21
ord_17666,credit_card,6,6645.19
ord_17667,credit_card,3,1105.98
ord_17668,credit_card,3,1319.2
ord_17669,cod,1,12516.66
ord_17670,wallet,1,9633.44
ord_17671,upi,1,1803.74
ord_17672,wallet,1,1393.1
ord_17673,debit_card,1,10912.58
ord_17674,upi,1,11173.44
ord_17675,upi,1,6889.65
ord_17676,cod,1,4895.07
ord_17677,credit_card,6,1578.34
ord_17678,upi,1,1587.91
ord_17679,wallet,1,712.66
ord_17680,credit_card,3,11066.64
ord_17681,upi,1,1524.15
ord_17682,credit_card,3,8759.95
ord_17683,credit_card,2,210.38
ord_17684,upi,1,1536.48
ord_17685,upi,1,1634.08
ord_17686,credit_card,6,2137.2
ord_17687,upi,1,557.03
ord_17688,upi,1,1669.42
ord_17689,upi,1,8851.67
ord_17690,upi,1,2754.43
ord_17691,credit_card,2,6687.3
ord_17692,cod,1,1837.24
ord_17693,wallet,1,2690.74
ord_17694,upi,1,6296.3
ord_17695,upi,1,5194.77
ord_17696,debit_card,1,1227.91
ord_17697,upi,1,7070.29
ord_17698,credit_card,6,1789.41
ord_17699,upi,1,7382.24
ord_17700,upi,1,7427.14
ord_17701,upi,1,11948.7
ord_17702,cod,1,747.09
ord_17703,upi,1,5907.92
ord_17704,debit_card,1,2469.78
ord_17705,upi,1,6705.37
ord_17706,upi,1,1188.95
ord_17707,upi,1,7380.23
ord_17708,wallet,1,1122.56
ord_17709,debit_card,1,875.95
ord_17710,upi,1,8141.27
ord_17711,upi,1,3847.15
ord_17712,credit_card,6,15733.13
ord_17713,upi,1,7602.17
ord_17714,upi,1,9263.53
ord_17715,credit_card,5,6675.94
ord_17716,wallet,1,1524.97
ord_17717,upi,1,1202.75
ord_17718,upi,1,2460.98
ord_17719,debit_card,1,5502.01
ord_17720,credit_card,5,7288.96
ord_17721,wallet,1,9480.47
ord_17722,debit_card,1,2862.78
ord_17723,upi,1,4882.2
ord_17724,upi,1,2051.38
ord_17725,credit_card,3,2138.58
ord_17726,debit_card,1,5221.36
ord_17727,upi,1,2478.35
ord_17728,debit_card,1,3164.22
ord_17729,debit_card,1,1177.82
ord_17730,debit_card,1,765.01
ord_17731,debit_card,1,4251.3
ord_17732,debit_card,1,413.62
ord_17733,debit_card,1,10770.52
ord_17734,credit_card,3,9675.68
ord_17735,upi,1,6931.76
ord_17736,debit_card,1,860.34
ord_17737,upi,1,1230.86
ord_17738,credit_card,4,3838.7
ord_17739,credit_card,5,12027.34
ord_17740,cod,1,960.15
ord_17741,upi,1,2921.38
ord_17742,debit_card,1,1861.91
ord_17743,credit_card,3,7443.11
ord_17744,upi,1,2599.94
ord_17745,credit_card,4,9603.55
ord_17746,debit_card,1,19607.86
ord_17747,debit_card,1,5873.69
ord_17748,credit_card,1,1312.06
ord_17749,upi,1,5905.76
ord_17750,credit_card,4,1650.42
ord_17751,wallet,1,421.71
ord_17752,credit_card,2,13278.46
ord_17753,upi,1,598.7
ord_17754,cod,1,824.53
ord_17755,upi,1,2443.63
ord_17756,credit_card,5,4613.04
ord_17757,upi,1,867.75
ord_17758,upi,1,4758.93
ord_17759,upi,1,1643.46
ord_17760,upi,1,19096.4
ord_17761,credit_card,4,2075.12
ord_17762,credit_card,3,8347.55
ord_17763,upi,1,2556.44
ord_17764,cod,1,684.94
ord_17765,upi,1,2124.58
ord_17766,credit_card,6,2913.06
ord_17767,credit_card,4,1159.15
ord_17768,upi,1,976.67
ord_17769,debit_card,1,909.55
ord_17770,upi,1,2093.6
ord_17771,cod,1,2462.29
ord_17772,credit_card,6,1438.46
ord_17773,cod,1,10566.05
ord_17774,upi,1,932.42
ord_17775,upi,1,6505.18
ord_17776,cod,1,604.15
ord_17777,wallet,1,20912.73
ord_17778,cod,1,12641.44
ord_17779,upi,1,7715.62
ord_17780,upi,1,4187.56
ord_17781,credit_card,5,1070.46
ord_17782,upi,1,1255.93
ord_17783,credit_card,5,1715.67
ord_17784,cod,1,6349.57
ord_17785,upi,1,18612.2
ord_17786,credit_card,4,974.8
ord_17787,upi,1,5381.02
ord_17788,upi,1,1429.81
ord_17789,debit_card,1,5892.88
ord_17790,cod,1,1330.87
ord_17791,wallet,1,1204.68
ord_17792,upi,1,6763.43
ord_17793,upi,1,3527.92
ord_17794,cod,1,538.44
ord_17795,upi,1,10009.74
ord_17796,credit_card,6,3215.44
ord_17797,wallet,1,1648.42
ord_17798,credit_card,4,3615.41
ord_17799,credit_card,5,9018.03
ord_17800,debit_card,1,10377.25
ord_17801,debit_card,1,15282.6
ord_17802,upi,1,517.57
ord_17803,upi,1,1329.77
ord_17804,credit_card,6,13558.21
ord_17805,debit_card,1,2527.91
ord_17806,credit_card,1,3420.94
ord_17807,cod,1,738.32
ord_17808,upi,1,23041.86
ord_17809,upi,1,2125.17
ord_17810,credit_card,4,9447.87
ord_17811,cod,1,817.0
ord_17812,cod,1,849.17
ord_17813,upi,1,1425.49
ord_17814,upi,1,1228.92
ord_17815,credit_card,4,2356.16
ord_17816,credit_card,1,16311.09
ord_17817,credit_card,4,4575.22
ord_17818,upi,1,327.18
ord_17819,upi,1,518.53
ord_17820,upi,1,955.95
ord_17821,debit_card,1,5995.77
ord_17822,credit_card,6,8453.23
ord_17823,debit_card,1,7044.51
ord_17824,credit_card,3,9386.31
ord_17825,upi,1,1385.29
ord_17826,upi,1,1476.87
ord_17827,upi,1,3809.04
ord_17828,credit_card,5,1876.47
ord_17829,upi,1,4460.12
ord_17830,cod,1,3221.41
ord_17831,wallet,1,20785.29
ord_17832,credit_card,5,2145.2
ord_17833,upi,1,1849.18
ord_17834,upi,1,2291.12
ord_17835,upi,1,606.54
ord_17836,credit_card,3,752.71
ord_17837,upi,1,8028.91
ord_17838,cod,1,1665.04
ord_17839,upi,1,1861.32
ord_17840,credit_card,1,1299.09
ord_17841,debit_card,1,6875.84
ord_17842,upi,1,7198.53
ord_17843,upi,1,2244.89
ord_17844,credit_card,6,13886.73
ord_17845,wallet,1,7454.27
ord_17846,upi,1,8126.88
ord_17847,credit_card,6,3747.92
ord_17848,credit_card,5,473.85
ord_17849,upi,1,16216.77
ord_17850,credit_card,6,10506.6
ord_17851,debit_card,1,1424.8
ord_17852,upi,1,2974.96
ord_17853,upi,1,5926.46
ord_17854,credit_card,3,3268.7
ord_17855,upi,1,8482.14
ord_17856,debit_card,1,2364.49
ord_17857,upi,1,1444.7
ord_17858,debit_card,1,3139.43
ord_17859,credit_card,5,1420.92
ord_17860,credit_card,6,2932.25
ord_17861,upi,1,8572.62
ord_17862,upi,1,3178.76
ord_17863,upi,1,1254.87
ord_17864,credit_card,3,5523.93
ord_17865,debit_card,1,8710.9
ord_17866,credit_card,4,1265.56
ord_17867,debit_card,1,4352.35
ord_17868,upi,1,1434.25
ord_17869,upi,1,11381.23
ord_17870,debit_card,1,1091.67
ord_17871,cod,1,3263.29
ord_17872,upi,1,1035.15
ord_17873,wallet,1,1180.02
ord_17874,credit_card,5,2141.91
ord_17875,credit_card,3,1977.55
ord_17876,cod,1,1262.52
ord_17877,wallet,1,4596.41
ord_17878,credit_card,5,4222.79
ord_17879,upi,1,889.65
ord_17880,credit_card,2,14632.28
ord_17881,upi,1,4750.68
ord_17882,credit_card,6,6706.82
ord_17883,debit_card,1,5957.06
ord_17884,upi,1,1107.39
ord_17885,credit_card,6,2021.89
ord_17886,cod,1,1247.67
ord_17887,credit_card,4,475.62
ord_17888,upi,1,1075.5
ord_17889,credit_card,3,6771.57
ord_17890,debit_card,1,2553.73
ord_17891,upi,1,8296.12
ord_17892,upi,1,2129.61
ord_17893,upi,1,7624.1
ord_17894,cod,1,452.27
ord_17895,credit_card,1,5320.5
ord_17896,debit_card,1,2247.0
ord_17897,cod,1,1393.43
ord_17898,wallet,1,395.14
ord_17899,upi,1,6227.73
ord_17900,debit_card,1,13382.59
ord_17901,debit_card,1,2005.61
ord_17902,upi,1,9031.2
ord_17903,cod,1,2618.34
ord_17904,debit_card,1,8550.05
ord_17905,upi,1,10115.57
ord_17906,cod,1,1164.23
ord_17907,wallet,1,10922.03
ord_17908,cod,1,8630.98
ord_17909,wallet,1,3689.35
ord_17910,credit_card,5,2660.71
ord_17911,wallet,1,3411.32
ord_17912,cod,1,4084.85
ord_17913,cod,1,1052.54
ord_17914,upi,1,11005.03
ord_17915,cod,1,2606.15
ord_17916,upi,1,1922.67
ord_17917,credit_card,4,8556.16
ord_17918,credit_card,4,510.26
ord_17919,credit_card,5,6575.61
ord_17920,credit_card,4,221.98
ord_17921,credit_card,6,11543.95
ord_17922,upi,1,1442.82
ord_17923,cod,1,8707.81
ord_17924,upi,1,4764.72
ord_17925,upi,1,2102.92
ord_17926,credit_card,1,845.76
ord_17927,upi,1,6778.15
ord_17928,cod,1,1199.42
ord_17929,credit_card,5,21280.01
ord_17930,wallet,1,17162.15
ord_17931,wallet,1,6991.14
ord_17932,cod,1,3919.83
ord_17933,credit_card,5,1413.37
ord_17934,upi,1,376.28
ord_17935,upi,1,882.73
ord_17936,credit_card,2,805.03
ord_17937,credit_card,4,1338.51
ord_17938,cod,1,11788.94
ord_17939,debit_card,1,3208.32
ord_17940,cod,1,829.68
ord_17941,upi,1,11361.72
ord_17942,upi,1,11604.46
ord_17943,upi,1,440.9
ord_17944,cod,1,5299.1
ord_17945,credit_card,6,10397.85
ord_17946,upi,1,783.34
ord_17947,upi,1,8115.11
ord_17948,credit_card,6,1313.06
ord_17949,wallet,1,614.09
ord_17950,debit_card,1,2079.82
ord_17951,upi,1,1889.26
ord_17952,cod,1,4942.36
ord_17953,credit_card,1,8814.92
ord_17954,credit_card,5,9408.6
ord_17955,cod,1,1249.54
ord_17956,wallet,1,1590.26
ord_17957,cod,1,10024.91
ord_17958,cod,1,2572.76
ord_17959,upi,1,8009.3
ord_17960,upi,1,7870.06
ord_17961,debit_card,1,22467.5
ord_17962,cod,1,7959.81
ord_17963,upi,1,3846.55
ord_17964,upi,1,10393.67
ord_17965,debit_card,1,10084.72
ord_17966,wallet,1,1549.98
ord_17967,debit_card,1,1562.45
ord_17968,upi,1,9351.84
ord_17969,credit_card,4,17402.38
ord_17970,debit_card,1,1274.14
ord_17971,upi,1,2350.31
ord_17972,upi,1,2191.06
ord_17973,upi,1,8810.3
ord_17974,upi,1,7291.31
ord_17975,debit_card,1,8419.21
ord_17976,upi,1,9396.95
ord_17977,upi,1,8064.16
ord_17978,credit_card,1,1418.62
ord_17979,credit_card,4,9137.17
ord_17980,upi,1,1457.2
ord_17981,upi,1,468.01
ord_17982,upi,1,6860.61
ord_17983,debit_card,1,1831.85
ord_17984,debit_card,1,4060.34
ord_17985,upi,1,997.7
ord_17986,upi,1,4920.63
ord_17987,credit_card,5,7334.5
ord_17988,upi,1,1042.4
ord_17989,debit_card,1,358.91
ord_17990,credit_card,3,2127.94
ord_17991,upi,1,8939.81
ord_17992,credit_card,2,502.67
ord_17993,cod,1,3075.68
ord_17994,credit_card,6,1983.52
ord_17995,upi,1,2697.84
ord_17996,debit_card,1,5293.46
ord_17997,cod,1,14996.11
ord_17998,debit_card,1,1623.9
ord_17999,credit_card,3,1157.31
ord_18000,credit_card,6,4032.68
ord_18001,upi,1,12144.59
ord_18002,wallet,1,737.19
ord_18003,wallet,1,1397.81
ord_18004,debit_card,1,15886.84
ord_18005,debit_card,1,871.59
ord_18006,cod,1,4153.71
ord_18007,cod,1,673.1
ord_18008,cod,1,7926.9
ord_18009,cod,1,1559.18
ord_18010,upi,1,1551.36
ord_18011,wallet,1,1665.04
ord_18012,credit_card,2,1850.15
ord_18013,credit_card,1,7788.33
ord_18014,credit_card,6,10151.79
ord_18015,upi,1,9437.13
ord_18016,wallet,1,6339.98
ord_18017,debit_card,1,11927.03
ord_18018,upi,1,2243.75
ord_18019,cod,1,1112.36
ord_18020,debit_card,1,1322.06
ord_18021,upi,1,10384.52
ord_18022,upi,1,1152.79
ord_18023,wallet,1,17125.02
ord_18024,wallet,1,8106.78
ord_18025,upi,1,13802.68
ord_18026,credit_card,1,502.54
ord_18027,credit_card,3,12111.92
ord_18028,wallet,1,2327.12
ord_18029,credit_card,2,1294.02
ord_18030,credit_card,1,2388.6
ord_18031,credit_card,2,601.7
ord_18032,credit_card,2,1936.98
ord_18033,upi,1,2745.06
ord_18034,upi,1,7616.09
ord_18035,credit_card,6,876.43
ord_18036,upi,1,908.64
ord_18037,upi,1,543.41
ord_18038,upi,1,2079.93
ord_18039,wallet,1,2142.65
ord_18040,upi,1,4572.76
ord_18041,debit_card,1,729.28
ord_18042,credit_card,5,4218.37
ord_18043,credit_card,3,284.53
ord_18044,cod,1,10630.95
ord_18045,credit_card,5,6703.43
ord_18046,upi,1,5717.65
ord_18047,upi,1,298.53
ord_18048,upi,1,6892.63
ord_18049,credit_card,1,446.07
ord_18050,credit_card,2,394.71
ord_18051,cod,1,9746.98
ord_18052,wallet,1,2572.73
ord_18053,credit_card,6,1733.75
ord_18054,credit_card,4,2179.04
ord_18055,upi,1,520.79
ord_18056,upi,1,12468.1
ord_18057,credit_card,6,7722.13
ord_18058,upi,1,9535.46
ord_18059,cod,1,16362.79
ord_18060,credit_card,4,6408.77
ord_18061,cod,1,1041.38
ord_18062,credit_card,2,579.75
ord_18063,upi,1,10220.44
ord_18064,upi,1,479.75
ord_18065,credit_card,3,742.92
ord_18066,upi,1,1864.83
ord_18067,credit_card,5,9482.54
ord_18068,upi,1,1980.23
ord_18069,credit_card,3,1164.68
ord_18070,upi,1,1457.86
ord_18071,upi,1,2595.23
ord_18072,cod,1,8547.05
ord_18073,upi,1,4159.71
ord_18074,upi,1,7053.01
ord_18075,credit_card,4,14340.87
ord_18076,upi,1,2290.07
ord_18077,credit_card,4,3965.43
ord_18078,upi,1,537.32
ord_18079,cod,1,8715.67
ord_18080,credit_card,4,1431.25
ord_18081,upi,1,1825.28
ord_18082,upi,1,2847.32
ord_18083,credit_card,4,2305.5
ord_18084,upi,1,13240.81
ord_18085,debit_card,1,1970.86
ord_18086,upi,1,1125.46
ord_18087,wallet,1,15524.83
ord_18088,upi,1,708.42
ord_18089,debit_card,1,3134.01
ord_18090,cod,1,7893.18
ord_18091,credit_card,4,1146.38
ord_18092,upi,1,3509.76
ord_18093,upi,1,897.94
ord_18094,upi,1,1579.27
ord_18095,upi,1,484.39
ord_18096,upi,1,2415.91
ord_18097,debit_card,1,1203.31
ord_18098,credit_card,2,9965.73
ord_18099,upi,1,9728.1
ord_18100,wallet,1,4713.91
ord_18101,wallet,1,1541.29
ord_18102,upi,1,460.08
ord_18103,debit_card,1,730.68
ord_18104,upi,1,16541.57
ord_18105,cod,1,580.72
ord_18106,upi,1,940.99
ord_18107,credit_card,6,1922.95
ord_18108,credit_card,1,2908.33
ord_18109,wallet,1,23927.68
ord_18110,wallet,1,205.22
ord_18111,upi,1,403.89
ord_18112,credit_card,6,1119.03
ord_18113,cod,1,1579.09
ord_18114,credit_card,3,2102.24
ord_18115,upi,1,19923.29
ord_18116,wallet,1,10243.56
ord_18117,cod,1,620.13
ord_18118,wallet,1,2665.08
ord_18119,debit_card,1,1350.41
ord_18120,upi,1,17204.61
ord_18121,credit_card,2,1083.08
ord_18122,upi,1,146.46
ord_18123,debit_card,1,5332.38
ord_18124,upi,1,1356.41
ord_18125,credit_card,3,1614.13
ord_18126,upi,1,2581.92
ord_18127,credit_card,6,2832.47
ord_18128,debit_card,1,1294.24
ord_18129,credit_card,4,982.44
ord_18130,cod,1,3606.5
ord_18131,credit_card,2,3518.41
ord_18132,cod,1,1305.81
ord_18133,upi,1,1894.73
ord_18134,credit_card,1,7486.28
ord_18135,upi,1,4828.75
ord_18136,cod,1,401.43
ord_18137,wallet,1,8032.33
ord_18138,upi,1,9091.02
ord_18139,credit_card,4,1842.23
ord_18140,cod,1,7956.74
ord_18141,upi,1,918.97
ord_18142,upi,1,1051.01
ord_18143,wallet,1,4439.28
ord_18144,cod,1,1202.59
ord_18145,credit_card,1,306.55
ord_18146,credit_card,6,235.72
ord_18147,debit_card,1,8688.43
ord_18148,upi,1,2243.11
ord_18149,upi,1,1154.95
ord_18150,cod,1,1307.94
ord_18151,wallet,1,9968.47
ord_18152,wallet,1,4469.85
ord_18153,upi,1,764.94
ord_18154,credit_card,1,6836.52
ord_18155,credit_card,1,1021.38
ord_18156,upi,1,3349.9
ord_18157,credit_card,3,6234.62
ord_18158,upi,1,24474.17
ord_18159,upi,1,2229.77
ord_18160,upi,1,2289.73
ord_18161,wallet,1,1038.07
ord_18162,credit_card,6,8951.2
ord_18163,credit_card,6,405.17
ord_18164,upi,1,7565.56
ord_18165,upi,1,1820.34
ord_18166,upi,1,8585.55
ord_18167,credit_card,5,6968.03
ord_18168,debit_card,1,3256.53
ord_18169,upi,1,1179.52
ord_18170,wallet,1,10703.88
ord_18171,upi,1,14092.19
ord_18172,debit_card,1,6200.69
ord_18173,upi,1,285.61
ord_18174,credit_card,2,7316.58
ord_18175,wallet,1,2947.66
ord_18176,debit_card,1,2845.86
ord_18177,cod,1,1275.84
ord_18178,upi,1,2457.5
ord_18179,wallet,1,1300.85
ord_18180,upi,1,839.34
ord_18181,credit_card,6,14501.61
ord_18182,debit_card,1,2633.62
ord_18183,credit_card,1,815.57
ord_18184,upi,1,10421.39
ord_18185,upi,1,5463.52
ord_18186,upi,1,2529.36
ord_18187,upi,1,1543.55
ord_18188,upi,1,717.68
ord_18189,cod,1,2873.74
ord_18190,credit_card,5,7924.58
ord_18191,credit_card,2,8731.98
ord_18192,upi,1,1010.99
ord_18193,credit_card,2,7833.6
ord_18194,debit_card,1,8323.51
ord_18195,upi,1,6659.82
ord_18196,upi,1,3860.16
ord_18197,upi,1,551.33
ord_18198,upi,1,10424.72
ord_18199,wallet,1,4932.88
ord_18200,upi,1,1149.75
ord_18201,upi,1,2914.6
ord_18202,cod,1,14803.85
ord_18203,debit_card,1,7527.19
ord_18204,cod,1,5850.13
ord_18205,debit_card,1,2381.87
ord_18206,credit_card,6,12068.38
ord_18207,credit_card,2,9909.48
ord_18208,upi,1,12900.13
ord_18209,wallet,1,527.69
ord_18210,debit_card,1,8137.97
ord_18211,upi,1,798.33
ord_18212,credit_card,1,8788.17
ord_18213,credit_card,3,656.83
ord_18214,upi,1,5274.95
ord_18215,credit_card,1,7480.34
ord_18216,upi,1,7975.23
ord_18217,upi,1,12519.33
ord_18218,debit_card,1,1264.83
ord_18219,credit_card,1,563.36
ord_18220,upi,1,2451.63
ord_18221,debit_card,1,8763.6
ord_18222,upi,1,13345.88
ord_18223,debit_card,1,1871.98
ord_18224,credit_card,1,10174.78
ord_18225,upi,1,1675.62
ord_18226,wallet,1,2907.07
ord_18227,credit_card,5,3121.09
ord_18228,upi,1,9111.88
ord_18229,upi,1,1924.3
ord_18230,debit_card,1,7616.59
ord_18231,debit_card,1,1843.93
ord_18232,credit_card,6,1073.71
ord_18233,upi,1,3287.99
ord_18234,upi,1,17763.38
ord_18235,debit_card,1,1395.9
ord_18236,debit_card,1,2695.86
ord_18237,wallet,1,1555.38
ord_18238,upi,1,7949.71
ord_18239,credit_card,3,8971.36
ord_18240,upi,1,9250.54
ord_18241,credit_card,2,8568.72
ord_18242,upi,1,8941.0
ord_18243,upi,1,248.58
ord_18244,credit_card,3,2680.43
ord_18245,credit_card,6,6299.15
ord_18246,upi,1,811.98
ord_18247,upi,1,3247.5
ord_18248,upi,1,1789.59
ord_18249,debit_card,1,12821.85
ord_18250,upi,1,8145.94
ord_18251,credit_card,4,2516.9
ord_18252,credit_card,5,1138.9
ord_18253,credit_card,5,517.29
ord_18254,credit_card,2,4187.73
ord_18255,upi,1,2668.22
ord_18256,upi,1,492.19
ord_18257,upi,1,6603.05
ord_18258,wallet,1,4968.13
ord_18259,cod,1,1751.3
ord_18260,debit_card,1,2551.78
ord_18261,credit_card,3,1231.45
ord_18262,wallet,1,1357.8
ord_18263,cod,1,333.46
ord_18264,credit_card,6,2595.35
ord_18265,cod,1,18517.1
ord_18266,upi,1,8231.83
ord_18267,upi,1,1442.85
ord_18268,upi,1,1142.6
ord_18269,cod,1,1031.8
ord_18270,upi,1,165.86
ord_18271,cod,1,6853.74
ord_18272,upi,1,10048.86
ord_18273,upi,1,3962.84
ord_18274,credit_card,2,376.96
ord_18275,cod,1,2266.22
ord_18276,debit_card,1,7356.59
ord_18277,cod,1,635.32
ord_18278,credit_card,4,9228.63
ord_18279,upi,1,7461.99
ord_18280,upi,1,9081.47
ord_18281,credit_card,4,10104.39
ord_18282,credit_card,3,306.1
ord_18283,credit_card,1,8915.74
ord_18284,upi,1,5642.84
ord_18285,debit_card,1,1324.46
ord_18286,cod,1,243.42
ord_18287,wallet,1,2444.03
ord_18288,credit_card,1,1250.97
ord_18289,credit_card,3,1259.97
ord_18290,upi,1,641.42
ord_18291,cod,1,1794.86
ord_18292,upi,1,8582.04
ord_18293,credit_card,6,1638.82
ord_18294,debit_card,1,1005.63
ord_18295,upi,1,5783.62
ord_18296,cod,1,7358.94
ord_18297,credit_card,4,609.42
ord_18298,credit_card,5,1067.43
ord_18299,upi,1,8642.73
ord_18300,upi,1,527.71
ord_18301,upi,1,5577.07
ord_18302,credit_card,1,9814.75
ord_18303,upi,1,694.94
ord_18304,credit_card,1,399.15
ord_18305,debit_card,1,1536.4
ord_18306,credit_card,2,7045.28
ord_18307,debit_card,1,501.8
ord_18308,cod,1,7684.65
ord_18309,upi,1,1797.14
ord_18310,cod,1,2365.15
ord_18311,upi,1,1375.77
ord_18312,debit_card,1,8449.41
ord_18313,upi,1,1161.7
ord_18314,debit_card,1,1690.31
ord_18315,cod,1,8810.14
ord_18316,credit_card,2,14531.02
ord_18317,credit_card,2,4257.68
ord_18318,credit_card,3,1254.4
ord_18319,upi,1,5037.63
ord_18320,credit_card,6,5484.73
ord_18321,upi,1,6277.22
ord_18322,upi,1,10860.1
ord_18323,cod,1,3396.69
ord_18324,debit_card,1,7861.33
ord_18325,wallet,1,5544.59
ord_18326,upi,1,1612.04
ord_18327,upi,1,1201.1
ord_18328,upi,1,497.8
ord_18329,upi,1,1484.07
ord_18330,upi,1,6194.3
ord_18331,upi,1,7837.23
ord_18332,upi,1,748.27
ord_18333,upi,1,441.85
ord_18334,wallet,1,9822.27
ord_18335,upi,1,8702.19
ord_18336,credit_card,2,7547.13
ord_18337,cod,1,6543.13
ord_18338,upi,1,5052.96
ord_18339,credit_card,2,2478.58
ord_18340,upi,1,514.61
ord_18341,debit_card,1,1435.61
ord_18342,credit_card,2,12170.03
ord_18343,upi,1,17671.96
ord_18344,wallet,1,1736.59
ord_18345,upi,1,1120.6
ord_18346,cod,1,1226.72
ord_18347,upi,1,11898.63
ord_18348,debit_card,1,686.04
ord_18349,cod,1,8594.71
ord_18350,debit_card,1,665.78
ord_18351,wallet,1,8788.13
ord_18352,credit_card,5,18938.03
ord_18353,credit_card,3,2002.5
ord_18354,credit_card,1,1403.82
ord_18355,wallet,1,6611.1
ord_18356,credit_card,6,547.19
ord_18357,cod,1,8766.06
ord_18358,debit_card,1,1540.99
ord_18359,upi,1,529.1
ord_18360,wallet,1,460.56
ord_18361,credit_card,4,4630.78
ord_18362,credit_card,3,1057.64
ord_18363,cod,1,7593.0
ord_18364,debit_card,1,2827.27
ord_18365,credit_card,2,6789.45
ord_18366,credit_card,1,1126.95
ord_18367,wallet,1,4031.12
ord_18368,credit_card,2,813.71
ord_18369,credit_card,4,3496.77
ord_18370,credit_card,2,1914.44
ord_18371,wallet,1,11752.38
ord_18372,upi,1,2220.93
ord_18373,upi,1,395.02
ord_18374,credit_card,2,9362.03
ord_18375,wallet,1,807.03
ord_18376,cod,1,7180.45
ord_18377,credit_card,4,7663.47
ord_18378,upi,1,8577.8
ord_18379,credit_card,5,5476.92
ord_18380,cod,1,2298.4
ord_18381,debit_card,1,1210.5
ord_18382,debit_card,1,1507.48
ord_18383,cod,1,7962.28
ord_18384,cod,1,437.97
ord_18385,upi,1,1252.35
ord_18386,upi,1,13668.67
ord_18387,wallet,1,350.25
ord_18388,debit_card,1,3370.45
ord_18389,wallet,1,8933.72
ord_18390,credit_card,2,1770.7
ord_18391,credit_card,5,11033.84
ord_18392,upi,1,9183.73
ord_18393,credit_card,2,6606.98
ord_18394,credit_card,5,946.22
ord_18395,credit_card,1,4481.77
ord_18396,upi,1,4123.74
ord_18397,debit_card,1,8309.11
ord_18398,upi,1,6061.19
ord_18399,upi,1,6597.71
ord_18400,cod,1,1830.64
ord_18401,upi,1,594.08
ord_18402,debit_card,1,7577.76
ord_18403,cod,1,637.25
ord_18404,upi,1,809.75
ord_18405,upi,1,1117.44
ord_18406,upi,1,12544.39
ord_18407,upi,1,3994.6
ord_18408,wallet,1,10651.32
ord_18409,credit_card,4,555.25
ord_18410,debit_card,1,15271.04
ord_18411,upi,1,2121.01
ord_18412,debit_card,1,7157.82
ord_18413,credit_card,5,9096.96
ord_18414,upi,1,10064.19
ord_18415,credit_card,4,7258.94
ord_18416,cod,1,7007.06
ord_18417,debit_card,1,2124.43
ord_18418,upi,1,6750.59
ord_18419,upi,1,1394.48
ord_18420,credit_card,6,10962.01
ord_18421,cod,1,528.09
ord_18422,debit_card,1,6065.26
ord_18423,cod,1,11542.87
ord_18424,wallet,1,417.62
ord_18425,credit_card,1,8295.82
ord_18426,upi,1,6906.17
ord_18427,upi,1,1937.8
ord_18428,credit_card,6,656.07
ord_18429,credit_card,5,2959.69
ord_18430,upi,1,2257.48
ord_18431,debit_card,1,1921.02
ord_18432,credit_card,4,2214.11
ord_18433,credit_card,4,1830.08
ord_18434,cod,1,1561.03
ord_18435,debit_card,1,9493.72
ord_18436,wallet,1,604.13
ord_18437,credit_card,2,3028.46
ord_18438,cod,1,2622.33
ord_18439,credit_card,1,13750.37
ord_18440,upi,1,1519.03
ord_18441,debit_card,1,5425.61
ord_18442,credit_card,1,9111.48
ord_18443,credit_card,3,2897.61
ord_18444,credit_card,5,4283.71
ord_18445,upi,1,507.28
ord_18446,upi,1,5149.09
ord_18447,credit_card,1,932.94
ord_18448,cod,1,1609.05
ord_18449,upi,1,6736.75
ord_18450,credit_card,2,2110.79
ord_18451,upi,1,1468.41
ord_18452,debit_card,1,12234.01
ord_18453,upi,1,7491.98
ord_18454,debit_card,1,776.22
ord_18455,wallet,1,4715.52
ord_18456,upi,1,1168.61
ord_18457,credit_card,3,806.69
ord_18458,upi,1,4379.52
ord_18459,credit_card,2,1399.47
ord_18460,upi,1,988.98
ord_18461,upi,1,5281.75
ord_18462,credit_card,5,3113.3
ord_18463,credit_card,4,1793.25
ord_18464,cod,1,5696.33
ord_18465,upi,1,16849.63
ord_18466,credit_card,6,1693.22
ord_18467,upi,1,7392.4
ord_18468,debit_card,1,5753.86
ord_18469,cod,1,3411.2
ord_18470,credit_card,5,3843.87
ord_18471,upi,1,3212.52
ord_18472,credit_card,4,2230.7
ord_18473,cod,1,2286.4
ord_18474,credit_card,1,3203.93
ord_18475,upi,1,8647.77
ord_18476,credit_card,6,1602.61
ord_18477,debit_card,1,4578.04
ord_18478,upi,1,6055.87
ord_18479,upi,1,1227.89
ord_18480,credit_card,2,2796.69
ord_18481,credit_card,4,700.63
ord_18482,upi,1,1195.18
ord_18483,debit_card,1,1922.12
ord_18484,cod,1,19339.16
ord_18485,upi,1,3834.45
ord_18486,upi,1,2280.48
ord_18487,wallet,1,1647.4
ord_18488,upi,1,6895.46
ord_18489,wallet,1,2903.17
ord_18490,upi,1,24530.73
ord_18491,cod,1,1780.55
ord_18492,debit_card,1,825.14
ord_18493,upi,1,10999.49
ord_18494,upi,1,941.57
ord_18495,credit_card,6,4428.58
ord_18496,credit_card,6,677.93
ord_18497,debit_card,1,732.02
ord_18498,debit_card,1,497.27
ord_18499,upi,1,2098.5
ord_18500,cod,1,1187.79
ord_18501,upi,1,6565.12
ord_18502,credit_card,2,18347.27
ord_18503,wallet,1,4519.17
ord_18504,cod,1,7833.53
ord_18505,credit_card,3,509.65
ord_18506,credit_card,4,5462.2
ord_18507,upi,1,11118.57
ord_18508,wallet,1,1105.25
ord_18509,wallet,1,9034.31
ord_18510,cod,1,12072.81
ord_18511,upi,1,506.87
ord_18512,upi,1,7852.64
ord_18513,upi,1,11119.5
ord_18514,upi,1,683.06
ord_18515,upi,1,1588.41
ord_18516,cod,1,2101.06
ord_18517,cod,1,484.79
ord_18518,upi,1,12985.87
ord_18519,cod,1,926.42
ord_18520,upi,1,13495.84
ord_18521,upi,1,5767.61
ord_18522,upi,1,8691.37
ord_18523,upi,1,1181.03
ord_18524,upi,1,1419.24
ord_18525,cod,1,6665.52
ord_18526,debit_card,1,835.03
ord_18527,upi,1,1926.7
ord_18528,cod,1,10186.98
ord_18529,cod,1,9597.6
ord_18530,credit_card,1,1898.26
ord_18531,debit_card,1,7764.05
ord_18532,upi,1,482.53
ord_18533,credit_card,6,3576.44
ord_18534,upi,1,1932.38
ord_18535,debit_card,1,1451.48
ord_18536,credit_card,1,7948.72
ord_18537,upi,1,2515.09
ord_18538,wallet,1,1348.77
ord_18539,cod,1,1174.66
ord_18540,debit_card,1,16048.5
ord_18541,upi,1,6744.76
ord_18542,cod,1,796.08
ord_18543,wallet,1,1003.86
ord_18544,credit_card,1,2904.32
ord_18545,credit_card,1,2462.56
ord_18546,cod,1,2690.5
ord_18547,credit_card,3,1776.22
ord_18548,cod,1,20401.77
ord_18549,upi,1,739.48
ord_18550,upi,1,6814.01
ord_18551,upi,1,7985.15
ord_18552,debit_card,1,12436.05
ord_18553,credit_card,2,3203.69
ord_18554,cod,1,7209.63
ord_18555,cod,1,968.22
ord_18556,wallet,1,15027.49
ord_18557,cod,1,3747.73
ord_18558,credit_card,4,1127.71
ord_18559,cod,1,13799.13
ord_18560,wallet,1,11673.68
ord_18561,wallet,1,9354.52
ord_18562,credit_card,3,16829.09
ord_18563,upi,1,168.44
ord_18564,upi,1,10282.59
ord_18565,upi,1,5622.04
ord_18566,wallet,1,764.29
ord_18567,debit_card,1,1124.67
ord_18568,credit_card,4,989.42
ord_18569,upi,1,5730.51
ord_18570,credit_card,3,7134.32
ord_18571,upi,1,2151.01
ord_18572,cod,1,489.2
ord_18573,credit_card,6,8941.53
ord_18574,upi,1,796.25
ord_18575,credit_card,6,792.3
ord_18576,wallet,1,7477.86
ord_18577,cod,1,513.02
ord_18578,cod,1,1370.5
ord_18579,upi,1,6369.39
ord_18580,debit_card,1,3113.28
ord_18581,upi,1,1712.35
ord_18582,wallet,1,197.65
ord_18583,cod,1,13550.91
ord_18584,credit_card,5,9728.39
ord_18585,debit_card,1,3163.48
ord_18586,credit_card,5,3399.79
ord_18587,upi,1,8374.49
ord_18588,cod,1,14438.89
ord_18589,upi,1,8743.22
ord_18590,wallet,1,8920.01
ord_18591,debit_card,1,2854.32
ord_18592,upi,1,7965.95
ord_18593,credit_card,1,385.97
ord_18594,upi,1,7833.19
ord_18595,upi,1,2286.92
ord_18596,upi,1,1076.74
ord_18597,upi,1,1496.78
ord_18598,wallet,1,1687.9
ord_18599,cod,1,4266.15
ord_18600,upi,1,716.3
ord_18601,credit_card,2,1011.3
ord_18602,credit_card,1,14195.54
ord_18603,credit_card,6,400.2
ord_18604,debit_card,1,8681.48
ord_18605,debit_card,1,452.19
ord_18606,upi,1,7815.07
ord_18607,upi,1,8522.06
ord_18608,credit_card,6,3665.24
ord_18609,upi,1,672.68
ord_18610,credit_card,1,1738.04
ord_18611,upi,1,2276.64
ord_18612,upi,1,5453.75
ord_18613,credit_card,4,1426.81
ord_18614,credit_card,1,2352.65
ord_18615,credit_card,3,6943.24
ord_18616,credit_card,6,176.1
ord_18617,debit_card,1,14851.77
ord_18618,upi,1,475.83
ord_18619,credit_card,2,2967.46
ord_18620,credit_card,6,6533.01
ord_18621,cod,1,9150.65
ord_18622,debit_card,1,991.88
ord_18623,credit_card,1,10481.13
ord_18624,credit_card,6,647.55
ord_18625,credit_card,5,2020.33
ord_18626,upi,1,6944.09
ord_18627,credit_card,5,9954.03
ord_18628,wallet,1,13099.45
ord_18629,upi,1,1962.36
ord_18630,cod,1,711.05
ord_18631,credit_card,6,12626.74
ord_18632,debit_card,1,2152.67
ord_18633,upi,1,1188.11
ord_18634,upi,1,1519.85
ord_18635,cod,1,775.87
ord_18636,credit_card,2,4208.12
ord_18637,upi,1,1754.77
ord_18638,wallet,1,6154.12
ord_18639,wallet,1,1586.84
ord_18640,debit_card,1,426.28
ord_18641,debit_card,1,2648.38
ord_18642,wallet,1,1090.15
ord_18643,upi,1,4737.24
ord_18644,upi,1,1491.36
ord_18645,credit_card,3,469.62
ord_18646,credit_card,6,9532.56
ord_18647,credit_card,1,709.64
ord_18648,credit_card,2,12718.64
ord_18649,debit_card,1,2336.42
ord_18650,upi,1,494.47
ord_18651,upi,1,681.32
ord_18652,upi,1,18145.98
ord_18653,credit_card,1,465.25
ord_18654,cod,1,1026.21
ord_18655,credit_card,5,1065.19
ord_18656,credit_card,3,2564.02
ord_18657,cod,1,2184.83
ord_18658,cod,1,723.8
ord_18659,debit_card,1,9596.05
ord_18660,upi,1,3668.26
ord_18661,cod,1,570.32
ord_18662,wallet,1,981.17
ord_18663,credit_card,4,9913.45
ord_18664,upi,1,356.93
ord_18665,credit_card,6,10681.83
ord_18666,credit_card,5,11790.42
ord_18667,credit_card,5,391.25
ord_18668,credit_card,1,931.22
ord_18669,upi,1,1373.16
ord_18670,upi,1,787.21
ord_18671,credit_card,1,260.54
ord_18672,upi,1,16247.73
ord_18673,upi,1,1725.56
ord_18674,credit_card,6,2645.38
ord_18675,debit_card,1,1748.56
ord_18676,upi,1,1101.9
ord_18677,wallet,1,8924.35
ord_18678,upi,1,1056.12
ord_18679,cod,1,8203.9
ord_18680,upi,1,494.5
ord_18681,upi,1,1975.26
ord_18682,upi,1,2434.08
ord_18683,upi,1,15375.01
ord_18684,upi,1,941.05
ord_18685,credit_card,3,8247.9
ord_18686,cod,1,845.58
ord_18687,upi,1,7719.06
ord_18688,upi,1,8743.07
ord_18689,debit_card,1,4467.12
ord_18690,wallet,1,3167.19
ord_18691,debit_card,1,1160.49
ord_18692,credit_card,1,898.91
ord_18693,credit_card,2,311.15
ord_18694,cod,1,830.97
ord_18695,debit_card,1,1306.55
ord_18696,credit_card,5,366.17
ord_18697,debit_card,1,481.13
ord_18698,upi,1,1283.51
ord_18699,debit_card,1,1810.4
ord_18700,credit_card,3,19728.35
ord_18701,upi,1,10973.94
ord_18702,wallet,1,1102.79
ord_18703,debit_card,1,7145.71
ord_18704,wallet,1,20668.38
ord_18705,upi,1,1567.52
ord_18706,upi,1,7161.87
ord_18707,upi,1,935.47
ord_18708,upi,1,5985.75
ord_18709,credit_card,3,3059.15
ord_18710,credit_card,5,7806.16
ord_18711,upi,1,1694.13
ord_18712,cod,1,5934.02
ord_18713,upi,1,1594.69
ord_18714,upi,1,1382.6
ord_18715,upi,1,1643.43
ord_18716,upi,1,8067.09
ord_18717,cod,1,19263.35
ord_18718,wallet,1,1986.72
ord_18719,debit_card,1,1127.03
ord_18720,upi,1,8412.74
ord_18721,debit_card,1,3319.51
ord_18722,credit_card,4,7879.64
ord_18723,upi,1,8981.23
ord_18724,upi,1,1991.29
ord_18725,wallet,1,1580.04
ord_18726,upi,1,2147.25
ord_18727,upi,1,7228.84
ord_18728,credit_card,6,165.27
ord_18729,credit_card,3,4196.38
ord_18730,upi,1,1725.22
ord_18731,cod,1,3434.22
ord_18732,upi,1,1954.19
ord_18733,wallet,1,1699.41
ord_18734,credit_card,1,1691.6
ord_18735,upi,1,12041.6
ord_18736,credit_card,2,3898.53
ord_18737,wallet,1,4464.42
ord_18738,upi,1,8190.87
ord_18739,wallet,1,1184.92
ord_18740,cod,1,5600.64
ord_18741,upi,1,663.04
ord_18742,upi,1,464.39
ord_18743,credit_card,2,636.56
ord_18744,wallet,1,3732.18
ord_18745,upi,1,8271.14
ord_18746,debit_card,1,13267.61
ord_18747,cod,1,2120.2
ord_18748,upi,1,1815.09
ord_18749,credit_card,4,4701.68
ord_18750,wallet,1,1723.26
ord_18751,debit_card,1,894.04
ord_18752,wallet,1,906.53
ord_18753,upi,1,640.05
ord_18754,upi,1,20693.17
ord_18755,wallet,1,1894.64
ord_18756,upi,1,516.6
ord_18757,credit_card,5,3087.62
ord_18758,upi,1,3592.2
ord_18759,wallet,1,1445.35
ord_18760,upi,1,7137.14
ord_18761,upi,1,1433.44
ord_18762,credit_card,2,3183.64
ord_18763,upi,1,10366.95
ord_18764,cod,1,8040.06
ord_18765,credit_card,5,5601.57
ord_18766,upi,1,390.23
ord_18767,upi,1,1517.9
ord_18768,wallet,1,2124.12
ord_18769,credit_card,6,8946.91
ord_18770,credit_card,4,7598.8
ord_18771,wallet,1,6860.7
ord_18772,wallet,1,10027.49
ord_18773,upi,1,1184.01
ord_18774,upi,1,1341.14
ord_18775,upi,1,3069.61
ord_18776,upi,1,3485.7
ord_18777,credit_card,3,1085.17
ord_18778,credit_card,1,1683.22
ord_18779,credit_card,5,5214.77
ord_18780,upi,1,3942.8
ord_18781,upi,1,517.69
ord_18782,upi,1,436.84
ord_18783,upi,1,1310.07
ord_18784,upi,1,4571.88
ord_18785,credit_card,5,6770.28
ord_18786,credit_card,4,5891.94
ord_18787,upi,1,7948.38
ord_18788,wallet,1,1144.25
ord_18789,cod,1,1893.22
ord_18790,upi,1,6753.21
ord_18791,upi,1,262.8
ord_18792,upi,1,12353.99
ord_18793,credit_card,1,499.24
ord_18794,wallet,1,1072.89
ord_18795,upi,1,5886.9
ord_18796,cod,1,2210.29
ord_18797,upi,1,7344.65
ord_18798,credit_card,6,6528.83
ord_18799,credit_card,4,3457.46
ord_18800,upi,1,479.66
ord_18801,upi,1,1071.07
ord_18802,debit_card,1,208.08
ord_18803,upi,1,1498.09
ord_18804,wallet,1,807.4
ord_18805,cod,1,5051.36
ord_18806,upi,1,946.76
ord_18807,credit_card,2,1421.04
ord_18808,cod,1,8212.24
ord_18809,debit_card,1,5400.91
ord_18810,upi,1,3113.61
ord_18811,debit_card,1,1407.13
ord_18812,wallet,1,893.47
ord_18813,cod,1,4932.29
ord_18814,upi,1,4195.13
ord_18815,cod,1,8851.82
ord_18816,credit_card,6,2363.64
ord_18817,debit_card,1,10076.09
ord_18818,credit_card,4,1527.82
ord_18819,debit_card,1,2088.58
ord_18820,credit_card,3,523.9
ord_18821,cod,1,6294.49
ord_18822,credit_card,6,1230.89
ord_18823,credit_card,4,2121.0
ord_18824,debit_card,1,1059.76
ord_18825,upi,1,1579.46
ord_18826,upi,1,2395.24
ord_18827,upi,1,7583.22
ord_18828,upi,1,2066.38
ord_18829,credit_card,6,1329.79
ord_18830,upi,1,7551.14
ord_18831,wallet,1,2643.05
ord_18832,credit_card,1,6314.42
ord_18833,credit_card,4,2133.33
ord_18834,credit_card,4,5960.32
ord_18835,cod,1,2497.76
ord_18836,credit_card,4,2119.74
ord_18837,debit_card,1,180.41
ord_18838,upi,1,2667.83
ord_18839,upi,1,4934.29
ord_18840,credit_card,4,1873.69
ord_18841,upi,1,9845.24
ord_18842,credit_card,2,1624.88
ord_18843,upi,1,1693.01
ord_18844,wallet,1,774.47
ord_18845,upi,1,1626.16
ord_18846,upi,1,2950.69
ord_18847,cod,1,1834.52
ord_18848,cod,1,3155.71
ord_18849,credit_card,3,9137.49
ord_18850,credit_card,5,2592.55
ord_18851,cod,1,5999.12
ord_18852,credit_card,3,12451.56
ord_18853,credit_card,5,1134.39
ord_18854,wallet,1,1409.78
ord_18855,upi,1,8631.61
ord_18856,upi,1,765.67
ord_18857,upi,1,853.55
ord_18858,upi,1,1914.62
ord_18859,debit_card,1,4546.43
ord_18860,upi,1,4847.59
ord_18861,credit_card,3,7088.64
ord_18862,credit_card,5,6149.37
ord_18863,cod,1,1570.01
ord_18864,upi,1,3116.23
ord_18865,cod,1,13791.71
ord_18866,upi,1,9760.82
ord_18867,debit_card,1,11842.34
ord_18868,upi,1,1172.52
ord_18869,upi,1,1960.69
ord_18870,credit_card,6,759.22
ord_18871,upi,1,9840.39
ord_18872,upi,1,8964.62
ord_18873,upi,1,2593.54
ord_18874,upi,1,2204.21
ord_18875,upi,1,8400.73
ord_18876,debit_card,1,3144.53
ord_18877,upi,1,9678.14
ord_18878,upi,1,3728.99
ord_18879,upi,1,481.55
ord_18880,upi,1,14733.23
ord_18881,upi,1,2151.03
ord_18882,credit_card,5,15218.54
ord_18883,upi,1,5889.97
ord_18884,credit_card,5,3637.9
ord_18885,credit_card,3,689.82
ord_18886,wallet,1,808.11
ord_18887,credit_card,5,2015.85
ord_18888,upi,1,915.12
ord_18889,upi,1,1947.7
ord_18890,upi,1,3094.58
ord_18891,debit_card,1,7139.84
ord_18892,credit_card,6,8258.72
ord_18893,credit_card,3,5149.53
ord_18894,cod,1,811.64
ord_18895,upi,1,607.3
ord_18896,upi,1,5415.46
ord_18897,credit_card,2,1889.0
ord_18898,upi,1,808.36
ord_18899,debit_card,1,3198.56
ord_18900,debit_card,1,8811.18
ord_18901,credit_card,4,1086.7
ord_18902,debit_card,1,526.0
ord_18903,upi,1,2085.11
ord_18904,credit_card,2,523.43
ord_18905,debit_card,1,9506.01
ord_18906,upi,1,7534.34
ord_18907,upi,1,330.69
ord_18908,credit_card,2,9056.25
ord_18909,credit_card,1,587.26
ord_18910,wallet,1,3506.71
ord_18911,debit_card,1,7622.97
ord_18912,debit_card,1,11731.36
ord_18913,upi,1,2630.49
ord_18914,upi,1,2133.25
ord_18915,cod,1,896.3
ord_18916,upi,1,10577.13
ord_18917,cod,1,6415.0
ord_18918,cod,1,2042.12
ord_18919,upi,1,1237.59
ord_18920,upi,1,5508.05
ord_18921,cod,1,887.21
ord_18922,credit_card,1,2048.78
ord_18923,cod,1,2426.78
ord_18924,cod,1,1528.23
ord_18925,credit_card,3,2980.73
ord_18926,upi,1,1650.68
ord_18927,upi,1,5921.53
ord_18928,credit_card,6,2864.63
ord_18929,wallet,1,935.92
ord_18930,upi,1,9201.67
ord_18931,upi,1,4611.61
ord_18932,credit_card,4,2561.81
ord_18933,credit_card,2,1802.1
ord_18934,upi,1,5587.98
ord_18935,upi,1,5432.9
ord_18936,credit_card,4,1569.33
ord_18937,credit_card,4,10979.21
ord_18938,credit_card,3,3132.29
ord_18939,wallet,1,9146.91
ord_18940,credit_card,6,814.91
ord_18941,upi,1,4371.14
ord_18942,credit_card,4,7377.82
ord_18943,wallet,1,2968.01
ord_18944,credit_card,3,1318.75
ord_18945,cod,1,1836.82
ord_18946,wallet,1,1470.89
ord_18947,upi,1,7293.95
ord_18948,debit_card,1,1791.93
ord_18949,upi,1,966.46
ord_18950,credit_card,3,1971.2
ord_18951,upi,1,11126.75
ord_18952,upi,1,1757.89
ord_18953,upi,1,1078.16
ord_18954,debit_card,1,557.53
ord_18955,credit_card,6,2488.38
ord_18956,credit_card,1,7104.44
ord_18957,debit_card,1,1631.35
ord_18958,credit_card,3,2051.32
ord_18959,cod,1,17839.78
ord_18960,upi,1,4130.65
ord_18961,debit_card,1,9059.54
ord_18962,upi,1,5635.48
ord_18963,credit_card,4,2056.12
ord_18964,upi,1,6544.65
ord_18965,upi,1,2129.67
ord_18966,wallet,1,580.95
ord_18967,cod,1,343.31
ord_18968,cod,1,6772.66
ord_18969,cod,1,1076.56
ord_18970,upi,1,731.59
ord_18971,credit_card,5,858.85
ord_18972,upi,1,1544.21
ord_18973,debit_card,1,9678.38
ord_18974,cod,1,7884.79
ord_18975,debit_card,1,948.06
ord_18976,wallet,1,930.0
ord_18977,wallet,1,3523.61
ord_18978,cod,1,2299.16
ord_18979,upi,1,904.98
ord_18980,debit_card,1,1160.86
ord_18981,cod,1,6755.54
ord_18982,credit_card,3,438.6
ord_18983,credit_card,5,11150.01
ord_18984,upi,1,7049.67
ord_18985,credit_card,3,3035.49
ord_18986,cod,1,7454.53
ord_18987,cod,1,24006.39
ord_18988,cod,1,17859.44
ord_18989,upi,1,737.61
ord_18990,upi,1,3740.17
ord_18991,cod,1,2154.49
ord_18992,debit_card,1,4334.07
ord_18993,upi,1,2758.78
ord_18994,upi,1,2076.63
ord_18995,upi,1,4136.89
ord_18996,cod,1,1637.42
ord_18997,credit_card,4,1555.13
ord_18998,cod,1,1203.88
ord_18999,upi,1,1836.61
ord_19000,debit_card,1,2502.12
ord_19001,credit_card,3,10801.98
ord_19002,upi,1,18300.8
ord_19003,wallet,1,9882.61
ord_19004,upi,1,508.39
ord_19005,credit_card,2,6654.78
ord_19006,cod,1,6542.43
ord_19007,credit_card,5,2112.02
ord_19008,credit_card,4,345.83
ord_19009,cod,1,7734.46
ord_19010,upi,1,3495.99
ord_19011,wallet,1,7443.94
ord_19012,upi,1,604.71
ord_19013,upi,1,7435.86
ord_19014,wallet,1,6942.08
ord_19015,credit_card,4,9718.07
ord_19016,debit_card,1,8041.93
ord_19017,cod,1,2332.32
ord_19018,upi,1,1353.59
ord_19019,credit_card,1,2081.34
ord_19020,upi,1,8405.2
ord_19021,debit_card,1,2194.4
ord_19022,credit_card,4,1012.49
ord_19023,cod,1,1070.35
ord_19024,debit_card,1,1461.51
ord_19025,wallet,1,11056.2
ord_19026,wallet,1,9060.93
ord_19027,credit_card,4,3086.08
ord_19028,upi,1,7794.09
ord_19029,cod,1,12623.89
ord_19030,upi,1,1308.98
ord_19031,upi,1,1819.81
ord_19032,upi,1,1172.68
ord_19033,upi,1,1378.29
ord_19034,cod,1,396.17
ord_19035,credit_card,3,1600.99
ord_19036,upi,1,677.2
ord_19037,cod,1,1633.63
ord_19038,upi,1,470.19
ord_19039,debit_card,1,429.2
ord_19040,wallet,1,2773.16
ord_19041,upi,1,1594.71
ord_19042,debit_card,1,1222.16
ord_19043,cod,1,640.47
ord_19044,credit_card,2,12774.65
ord_19045,credit_card,6,10972.14
ord_19046,cod,1,3024.68
ord_19047,credit_card,1,8615.21
ord_19048,credit_card,3,8694.86
ord_19049,cod,1,2507.83
ord_19050,credit_card,6,3013.37
ord_19051,debit_card,1,6341.11
ord_19052,wallet,1,10587.01
ord_19053,upi,1,7106.16
ord_19054,debit_card,1,1914.59
ord_19055,upi,1,934.9
ord_19056,credit_card,1,1889.11
ord_19057,credit_card,1,6370.7
ord_19058,credit_card,5,416.94
ord_19059,debit_card,1,2563.81
ord_19060,upi,1,6900.66
ord_19061,credit_card,6,9494.8
ord_19062,debit_card,1,1408.37
ord_19063,upi,1,1039.11
ord_19064,wallet,1,9303.79
ord_19065,credit_card,3,1166.13
ord_19066,debit_card,1,7409.59
ord_19067,upi,1,12626.86
ord_19068,upi,1,253.85
ord_19069,wallet,1,11448.2
ord_19070,upi,1,6899.63
ord_19071,upi,1,977.4
ord_19072,upi,1,1963.6
ord_19073,credit_card,2,1043.96
ord_19074,cod,1,1180.82
ord_19075,upi,1,2849.19
ord_19076,debit_card,1,678.5
ord_19077,credit_card,3,1726.28
ord_19078,credit_card,1,6355.24
ord_19079,upi,1,6151.98
ord_19080,credit_card,6,8768.18
ord_19081,upi,1,1262.28
ord_19082,credit_card,4,2866.27
ord_19083,cod,1,1159.86
ord_19084,upi,1,650.11
ord_19085,upi,1,2124.22
ord_19086,upi,1,5910.3
ord_19087,credit_card,2,3186.95
ord_19088,credit_card,3,2794.76
ord_19089,cod,1,1261.43
ord_19090,upi,1,11072.73
ord_19091,debit_card,1,1933.6
ord_19092,credit_card,3,7459.42
ord_19093,upi,1,1632.07
ord_19094,credit_card,4,1256.63
ord_19095,upi,1,3663.14
ord_19096,credit_card,4,2972.87
ord_19097,credit_card,2,7708.83
ord_19098,upi,1,1614.71
ord_19099,upi,1,1212.14
ord_19100,cod,1,2802.46
ord_19101,credit_card,4,1038.54
ord_19102,credit_card,2,1759.31
ord_19103,upi,1,9978.73
ord_19104,debit_card,1,1608.97
ord_19105,upi,1,1424.35
ord_19106,credit_card,5,1887.78
ord_19107,upi,1,21694.58
ord_19108,credit_card,6,7968.63
ord_19109,upi,1,492.89
ord_19110,upi,1,1889.28
ord_19111,debit_card,1,2997.67
ord_19112,upi,1,678.36
ord_19113,credit_card,3,696.39
ord_19114,debit_card,1,3126.44
ord_19115,upi,1,1622.88
ord_19116,cod,1,9714.43
ord_19117,debit_card,1,601.89
ord_19118,cod,1,13457.56
ord_19119,cod,1,1577.52
ord_19120,debit_card,1,3317.32
ord_19121,upi,1,7030.0
ord_19122,upi,1,4161.21
ord_19123,cod,1,2187.6
ord_19124,upi,1,1931.62
ord_19125,upi,1,4005.66
ord_19126,upi,1,7128.05
ord_19127,credit_card,4,2240.61
ord_19128,debit_card,1,7569.49
ord_19129,upi,1,745.94
ord_19130,credit_card,2,6809.86
ord_19131,upi,1,1813.32
ord_19132,cod,1,9023.46
ord_19133,upi,1,11794.36
ord_19134,credit_card,2,6499.52
ord_19135,wallet,1,1576.17
ord_19136,upi,1,616.13
ord_19137,upi,1,1213.92
ord_19138,upi,1,6714.44
ord_19139,credit_card,1,678.24
ord_19140,wallet,1,1332.32
ord_19141,upi,1,301.49
ord_19142,upi,1,3385.51
ord_19143,upi,1,507.64
ord_19144,debit_card,1,7629.9
ord_19145,credit_card,3,7213.07
ord_19146,cod,1,2890.19
ord_19147,debit_card,1,1070.45
ord_19148,debit_card,1,651.94
ord_19149,upi,1,12223.29
ord_19150,upi,1,4129.33
ord_19151,upi,1,2499.46
ord_19152,upi,1,771.63
ord_19153,credit_card,2,2006.26
ord_19154,upi,1,450.33
ord_19155,credit_card,4,675.6
ord_19156,upi,1,18099.73
ord_19157,upi,1,3348.9
ord_19158,upi,1,546.28
ord_19159,wallet,1,4925.24
ord_19160,credit_card,2,22326.28
ord_19161,upi,1,10902.68
ord_19162,credit_card,6,7757.07
ord_19163,cod,1,6833.58
ord_19164,upi,1,480.13
ord_19165,credit_card,5,1263.83
ord_19166,upi,1,1084.92
ord_19167,upi,1,1964.05
ord_19168,upi,1,2463.95
ord_19169,upi,1,7501.9
ord_19170,cod,1,1351.1
ord_19171,upi,1,175.88
ord_19172,debit_card,1,6563.45
ord_19173,upi,1,1753.71
ord_19174,debit_card,1,2284.14
ord_19175,upi,1,29070.07
ord_19176,credit_card,6,5005.59
ord_19177,credit_card,4,7046.61
ord_19178,upi,1,1002.43
ord_19179,credit_card,4,5058.78
ord_19180,upi,1,1042.0
ord_19181,credit_card,1,16098.03
ord_19182,wallet,1,14805.4
ord_19183,upi,1,1811.3
ord_19184,upi,1,739.62
ord_19185,credit_card,4,3206.09
ord_19186,credit_card,6,4051.81
ord_19187,cod,1,851.08
ord_19188,debit_card,1,1569.98
ord_19189,upi,1,2380.01
ord_19190,credit_card,4,1804.71
ord_19191,credit_card,6,8494.56
ord_19192,credit_card,6,2415.12
ord_19193,upi,1,3835.23
ord_19194,upi,1,5077.57
ord_19195,upi,1,7582.98
ord_19196,credit_card,6,2370.81
ord_19197,upi,1,10248.04
ord_19198,cod,1,1473.43
ord_19199,debit_card,1,3182.44
ord_19200,debit_card,1,4458.69
ord_19201,upi,1,656.15
ord_19202,credit_card,2,2151.9
ord_19203,upi,1,393.82
ord_19204,debit_card,1,3790.62
ord_19205,credit_card,3,5339.57
ord_19206,credit_card,5,762.26
ord_19207,upi,1,11284.96
ord_19208,credit_card,1,677.23
ord_19209,debit_card,1,398.02
ord_19210,credit_card,2,964.9
ord_19211,cod,1,1017.27
ord_19212,upi,1,3131.09
ord_19213,cod,1,1214.47
ord_19214,credit_card,5,3721.24
ord_19215,credit_card,2,7302.77
ord_19216,wallet,1,2145.88
ord_19217,upi,1,8756.77
ord_19218,wallet,1,6011.97
ord_19219,wallet,1,2670.47
ord_19220,upi,1,3049.74
ord_19221,debit_card,1,2053.46
ord_19222,wallet,1,5985.22
ord_19223,wallet,1,8810.95
ord_19224,debit_card,1,3665.27
ord_19225,credit_card,6,2473.23
ord_19226,credit_card,2,7095.16
ord_19227,debit_card,1,10999.31
ord_19228,credit_card,5,5550.74
ord_19229,upi,1,707.57
ord_19230,debit_card,1,1248.82
ord_19231,wallet,1,3672.18
ord_19232,upi,1,1692.44
ord_19233,upi,1,1940.93
ord_19234,upi,1,2566.17
ord_19235,upi,1,8279.65
ord_19236,credit_card,2,452.52
ord_19237,wallet,1,9707.84
ord_19238,upi,1,536.93
ord_19239,wallet,1,1763.97
ord_19240,cod,1,8017.27
ord_19241,upi,1,1081.15
ord_19242,upi,1,4597.08
ord_19243,upi,1,8329.86
ord_19244,upi,1,1028.72
ord_19245,wallet,1,2779.93
ord_19246,upi,1,7159.53
ord_19247,cod,1,2080.59
ord_19248,credit_card,3,8772.52
ord_19249,credit_card,3,2480.18
ord_19250,upi,1,10780.97
ord_19251,upi,1,4463.67
ord_19252,debit_card,1,1629.64
ord_19253,upi,1,1787.91
ord_19254,upi,1,830.95
ord_19255,upi,1,10274.79
ord_19256,upi,1,1470.44
ord_19257,debit_card,1,1023.06
ord_19258,credit_card,3,2502.91
ord_19259,credit_card,5,1702.3
ord_19260,upi,1,10252.58
ord_19261,upi,1,860.74
ord_19262,upi,1,8067.41
ord_19263,credit_card,4,833.22
ord_19264,upi,1,9081.11
ord_19265,cod,1,792.48
ord_19266,cod,1,1833.63
ord_19267,credit_card,2,2233.49
ord_19268,debit_card,1,527.04
ord_19269,upi,1,863.78
ord_19270,debit_card,1,4306.73
ord_19271,credit_card,3,2811.28
ord_19272,credit_card,3,14192.68
ord_19273,cod,1,1805.51
ord_19274,upi,1,9532.72
ord_19275,cod,1,13354.44
ord_19276,upi,1,1554.53
ord_19277,cod,1,1479.42
ord_19278,wallet,1,2036.82
ord_19279,credit_card,1,932.43
ord_19280,credit_card,4,2293.94
ord_19281,wallet,1,1655.82
ord_19282,debit_card,1,7892.34
ord_19283,upi,1,2470.83
ord_19284,upi,1,3499.75
ord_19285,wallet,1,902.54
ord_19286,cod,1,8017.3
ord_19287,upi,1,9868.13
ord_19288,upi,1,1587.31
ord_19289,wallet,1,1167.68
ord_19290,debit_card,1,7964.83
ord_19291,upi,1,5560.49
ord_19292,credit_card,1,2750.83
ord_19293,credit_card,3,1189.93
ord_19294,upi,1,3786.38
ord_19295,wallet,1,5315.41
ord_19296,upi,1,10812.62
ord_19297,credit_card,6,2746.75
ord_19298,debit_card,1,4935.96
ord_19299,cod,1,3205.35
ord_19300,cod,1,3632.36
ord_19301,cod,1,6879.17
ord_19302,credit_card,3,8824.3
ord_19303,credit_card,5,305.3
ord_19304,upi,1,1456.94
ord_19305,wallet,1,2487.27
ord_19306,credit_card,1,976.29
ord_19307,credit_card,6,12439.54
ord_19308,upi,1,5655.74
ord_19309,debit_card,1,8293.68
ord_19310,upi,1,3932.64
ord_19311,credit_card,2,4324.62
ord_19312,upi,1,7703.24
ord_19313,upi,1,7806.41
ord_19314,debit_card,1,1083.96
ord_19315,debit_card,1,1352.62
ord_19316,cod,1,5272.11
ord_19317,cod,1,998.7
ord_19318,wallet,1,9522.85
ord_19319,upi,1,205.77
ord_19320,upi,1,6179.15
ord_19321,wallet,1,2316.77
ord_19322,debit_card,1,8093.54
ord_19323,cod,1,11057.45
ord_19324,upi,1,6821.44
ord_19325,upi,1,2130.59
ord_19326,upi,1,12284.72
ord_19327,cod,1,11324.75
ord_19328,credit_card,2,14777.36
ord_19329,cod,1,552.7
ord_19330,upi,1,887.59
ord_19331,credit_card,1,4145.1
ord_19332,upi,1,3745.25
ord_19333,debit_card,1,1887.39
ord_19334,credit_card,6,571.12
ord_19335,credit_card,4,6823.98
ord_19336,upi,1,1302.5
ord_19337,debit_card,1,7041.87
ord_19338,upi,1,1658.98
ord_19339,credit_card,1,12874.33
ord_19340,credit_card,5,2212.35
ord_19341,credit_card,4,8364.57
ord_19342,upi,1,922.64
ord_19343,cod,1,1556.73
ord_19344,upi,1,6008.34
ord_19345,debit_card,1,960.44
ord_19346,debit_card,1,3412.59
ord_19347,upi,1,5500.59
ord_19348,credit_card,6,3379.1
ord_19349,upi,1,8128.91
ord_19350,upi,1,9468.22
ord_19351,debit_card,1,9119.76
ord_19352,upi,1,177.71
ord_19353,wallet,1,2267.98
ord_19354,credit_card,1,217.08
ord_19355,credit_card,1,2053.65
ord_19356,cod,1,2280.61
ord_19357,debit_card,1,1836.94
ord_19358,upi,1,4631.77
ord_19359,upi,1,16612.34
ord_19360,cod,1,5149.87
ord_19361,upi,1,1243.58
ord_19362,upi,1,726.95
ord_19363,cod,1,944.98
ord_19364,credit_card,6,859.78
ord_19365,debit_card,1,717.58
ord_19366,upi,1,5837.71
ord_19367,credit_card,6,2052.55
ord_19368,debit_card,1,14608.44
ord_19369,upi,1,6994.2
ord_19370,cod,1,10903.33
ord_19371,upi,1,1994.69
ord_19372,wallet,1,8663.83
ord_19373,wallet,1,1496.98
ord_19374,upi,1,564.5
ord_19375,credit_card,1,758.2
ord_19376,upi,1,504.76
ord_19377,cod,1,2194.75
ord_19378,upi,1,741.16
ord_19379,cod,1,1033.92
ord_19380,upi,1,9445.64
ord_19381,credit_card,4,1296.25
ord_19382,credit_card,6,9177.11
ord_19383,cod,1,12613.25
ord_19384,upi,1,1936.42
ord_19385,debit_card,1,3296.18
ord_19386,debit_card,1,448.67
ord_19387,upi,1,1534.79
ord_19388,cod,1,1155.06
ord_19389,upi,1,4013.13
ord_19390,credit_card,2,3665.71
ord_19391,upi,1,15482.35
ord_19392,credit_card,5,9847.96
ord_19393,upi,1,13536.61
ord_19394,upi,1,18197.01
ord_19395,credit_card,6,6604.97
ord_19396,cod,1,1126.16
ord_19397,upi,1,1564.32
ord_19398,upi,1,6285.01
ord_19399,cod,1,1316.44
ord_19400,upi,1,1022.04
ord_19401,credit_card,1,1368.4
ord_19402,upi,1,837.68
ord_19403,upi,1,14072.48
ord_19404,wallet,1,2237.52
ord_19405,debit_card,1,3775.8
ord_19406,upi,1,21307.04
ord_19407,upi,1,6469.25
ord_19408,upi,1,4378.26
ord_19409,upi,1,8596.07
ord_19410,cod,1,8975.21
ord_19411,upi,1,4009.38
ord_19412,cod,1,466.37
ord_19413,cod,1,22849.12
ord_19414,upi,1,12682.36
ord_19415,upi,1,11655.23
ord_19416,upi,1,7777.82
ord_19417,debit_card,1,14457.9
ord_19418,credit_card,2,9543.6
ord_19419,cod,1,11361.15
ord_19420,credit_card,3,8082.9
ord_19421,upi,1,24160.81
ord_19422,wallet,1,10477.87
ord_19423,cod,1,15097.74
ord_19424,upi,1,12532.44
ord_19425,upi,1,2803.82
ord_19426,credit_card,3,485.61
ord_19427,upi,1,12862.41
ord_19428,credit_card,3,1138.8
ord_19429,credit_card,2,7755.9
ord_19430,credit_card,5,2338.05
ord_19431,wallet,1,8928.31
ord_19432,credit_card,1,9102.51
ord_19433,wallet,1,3676.75
ord_19434,upi,1,1932.09
ord_19435,credit_card,1,1826.47
ord_19436,upi,1,473.78
ord_19437,upi,1,1217.43
ord_19438,credit_card,5,1544.97
ord_19439,debit_card,1,2811.9
ord_19440,credit_card,3,428.98
ord_19441,credit_card,1,16274.76
ord_19442,wallet,1,1677.96
ord_19443,cod,1,15795.16
ord_19444,wallet,1,12202.03
ord_19445,wallet,1,2187.86
ord_19446,debit_card,1,10262.92
ord_19447,upi,1,2978.61
ord_19448,upi,1,12765.65
ord_19449,debit_card,1,6297.47
ord_19450,wallet,1,524.97
ord_19451,upi,1,1465.84
ord_19452,credit_card,1,1716.27
ord_19453,wallet,1,16012.33
ord_19454,upi,1,842.45
ord_19455,upi,1,417.66
ord_19456,wallet,1,6937.06
ord_19457,cod,1,3174.34
ord_19458,credit_card,1,3791.23
ord_19459,credit_card,5,9875.12
ord_19460,credit_card,1,3371.14
ord_19461,upi,1,7334.2
ord_19462,cod,1,1067.86
ord_19463,upi,1,2992.96
ord_19464,upi,1,440.11
ord_19465,upi,1,5245.68
ord_19466,upi,1,791.43
ord_19467,credit_card,4,7294.62
ord_19468,cod,1,5680.76
ord_19469,credit_card,3,1621.99
ord_19470,upi,1,4585.06
ord_19471,upi,1,5613.12
ord_19472,credit_card,1,3214.51
ord_19473,credit_card,5,1915.41
ord_19474,upi,1,699.87
ord_19475,credit_card,3,7654.39
ord_19476,upi,1,2382.98
ord_19477,upi,1,7337.6
ord_19478,debit_card,1,1119.11
ord_19479,credit_card,4,824.77
ord_19480,cod,1,1139.32
ord_19481,credit_card,6,3070.29
ord_19482,cod,1,9052.44
ord_19483,upi,1,9884.33
ord_19484,credit_card,5,505.14
ord_19485,credit_card,1,814.0
ord_19486,wallet,1,6323.71
ord_19487,credit_card,3,3984.87
ord_19488,credit_card,1,8330.05
ord_19489,upi,1,1725.9
ord_19490,upi,1,1476.7
ord_19491,cod,1,1431.12
ord_19492,upi,1,15108.08
ord_19493,credit_card,1,13828.39
ord_19494,upi,1,2393.93
ord_19495,upi,1,390.98
ord_19496,wallet,1,1799.33
ord_19497,credit_card,3,514.64
ord_19498,cod,1,628.99
ord_19499,wallet,1,1293.97
ord_19500,credit_card,6,585.46
ord_19501,credit_card,6,11685.56
ord_19502,upi,1,1165.01
ord_19503,debit_card,1,7690.28
ord_19504,upi,1,4156.25
ord_19505,credit_card,1,2222.32
ord_19506,upi,1,1432.66
ord_19507,upi,1,11831.23
ord_19508,credit_card,5,548.07
ord_19509,upi,1,4598.13
ord_19510,wallet,1,1106.11
ord_19511,upi,1,957.45
ord_19512,cod,1,4250.96
ord_19513,upi,1,553.23
ord_19514,upi,1,8499.89
ord_19515,cod,1,1529.61
ord_19516,cod,1,699.41
ord_19517,debit_card,1,6352.99
ord_19518,credit_card,3,12445.83
ord_19519,credit_card,3,5248.26
ord_19520,debit_card,1,538.96
ord_19521,upi,1,7951.05
ord_19522,upi,1,529.53
ord_19523,debit_card,1,1467.19
ord_19524,credit_card,3,3476.49
ord_19525,credit_card,4,588.93
ord_19526,wallet,1,451.47
ord_19527,upi,1,6681.21
ord_19528,upi,1,2800.72
ord_19529,upi,1,15209.51
ord_19530,upi,1,11265.81
ord_19531,upi,1,8739.18
ord_19532,debit_card,1,5116.07
ord_19533,upi,1,154.32
ord_19534,upi,1,8407.18
ord_19535,cod,1,7496.25
ord_19536,upi,1,5810.28
ord_19537,debit_card,1,10976.18
ord_19538,credit_card,2,9690.36
ord_19539,debit_card,1,455.46
ord_19540,upi,1,347.96
ord_19541,upi,1,2700.86
ord_19542,upi,1,10087.6
ord_19543,cod,1,7386.15
ord_19544,cod,1,1067.88
ord_19545,upi,1,315.28
ord_19546,upi,1,486.74
ord_19547,upi,1,3196.48
ord_19548,cod,1,1586.21
ord_19549,upi,1,7196.75
ord_19550,upi,1,864.11
ord_19551,debit_card,1,11688.73
ord_19552,credit_card,2,15782.11
ord_19553,upi,1,6125.12
ord_19554,credit_card,6,5072.81
ord_19555,debit_card,1,536.5
ord_19556,upi,1,1534.13
ord_19557,wallet,1,299.55
ord_19558,upi,1,368.94
ord_19559,credit_card,2,3380.72
ord_19560,credit_card,6,3171.27
ord_19561,credit_card,1,8406.13
ord_19562,credit_card,5,3464.61
ord_19563,credit_card,2,3711.05
ord_19564,upi,1,479.89
ord_19565,credit_card,5,531.48
ord_19566,credit_card,1,1563.29
ord_19567,upi,1,1414.96
ord_19568,upi,1,1363.55
ord_19569,credit_card,4,9888.35
ord_19570,cod,1,1860.87
ord_19571,upi,1,1474.14
ord_19572,credit_card,6,5120.12
ord_19573,upi,1,10015.69
ord_19574,cod,1,5285.18
ord_19575,upi,1,1849.01
ord_19576,credit_card,3,8450.7
ord_19577,upi,1,8167.57
ord_19578,credit_card,6,12026.51
ord_19579,upi,1,5005.02
ord_19580,debit_card,1,9110.77
ord_19581,upi,1,6367.74
ord_19582,upi,1,1378.26
ord_19583,credit_card,3,1082.82
ord_19584,debit_card,1,150.45
ord_19585,cod,1,1805.55
ord_19586,credit_card,6,661.49
ord_19587,upi,1,19250.93
ord_19588,credit_card,5,1977.77
ord_19589,wallet,1,1711.79
ord_19590,wallet,1,1189.04
ord_19591,credit_card,2,8237.64
ord_19592,upi,1,1734.79
ord_19593,upi,1,3282.96
ord_19594,credit_card,4,2883.62
ord_19595,cod,1,10326.44
ord_19596,upi,1,2444.22
ord_19597,upi,1,9548.71
ord_19598,debit_card,1,9747.43
ord_19599,credit_card,2,1193.82
ord_19600,cod,1,835.8
ord_19601,cod,1,4734.67
ord_19602,upi,1,3596.59
ord_19603,upi,1,1802.84
ord_19604,wallet,1,981.44
ord_19605,debit_card,1,966.42
ord_19606,upi,1,4363.35
ord_19607,upi,1,2714.7
ord_19608,upi,1,729.36
ord_19609,upi,1,1089.53
ord_19610,debit_card,1,6319.84
ord_19611,debit_card,1,840.37
ord_19612,upi,1,2771.85
ord_19613,upi,1,391.21
ord_19614,upi,1,471.39
ord_19615,credit_card,5,685.0
ord_19616,credit_card,2,937.76
ord_19617,credit_card,5,1126.1
ord_19618,cod,1,7914.27
ord_19619,wallet,1,1615.85
ord_19620,upi,1,2798.9
ord_19621,debit_card,1,11459.17
ord_19622,upi,1,2581.99
ord_19623,cod,1,16602.65
ord_19624,upi,1,8025.58
ord_19625,credit_card,2,7366.57
ord_19626,wallet,1,2989.81
ord_19627,upi,1,3537.49
ord_19628,credit_card,4,2726.06
ord_19629,debit_card,1,1552.7
ord_19630,upi,1,11729.53
ord_19631,cod,1,9167.79
ord_19632,upi,1,432.5
ord_19633,wallet,1,4078.38
ord_19634,upi,1,12497.33
ord_19635,wallet,1,2866.64
ord_19636,debit_card,1,9632.95
ord_19637,credit_card,4,3497.11
ord_19638,upi,1,1792.53
ord_19639,upi,1,1612.09
ord_19640,credit_card,4,531.15
ord_19641,credit_card,3,2772.33
ord_19642,upi,1,1074.34
ord_19643,cod,1,10197.09
ord_19644,debit_card,1,2291.13
ord_19645,upi,1,1798.22
ord_19646,credit_card,1,7426.4
ord_19647,upi,1,6764.12
ord_19648,debit_card,1,20539.74
ord_19649,cod,1,6151.76
ord_19650,upi,1,1680.6
ord_19651,wallet,1,2050.6
ord_19652,upi,1,1616.03
ord_19653,debit_card,1,9197.46
ord_19654,wallet,1,3248.05
ord_19655,upi,1,4278.98
ord_19656,debit_card,1,7194.69
ord_19657,credit_card,5,476.64
ord_19658,cod,1,1906.87
ord_19659,debit_card,1,11603.42
ord_19660,credit_card,6,15186.08
ord_19661,upi,1,3243.17
ord_19662,credit_card,2,2892.6
ord_19663,credit_card,2,2017.59
ord_19664,upi,1,917.29
ord_19665,credit_card,3,1945.21
ord_19666,upi,1,454.84
ord_19667,credit_card,6,2150.16
ord_19668,cod,1,1539.12
ord_19669,wallet,1,9231.96
ord_19670,credit_card,1,15796.33
ord_19671,debit_card,1,568.71
ord_19672,credit_card,3,6305.86
ord_19673,upi,1,2214.85
ord_19674,credit_card,6,7618.71
ord_19675,credit_card,5,3546.21
ord_19676,debit_card,1,1056.0
ord_19677,credit_card,2,24812.64
ord_19678,credit_card,1,9773.73
ord_19679,credit_card,3,8085.76
ord_19680,cod,1,489.02
ord_19681,cod,1,5105.15
ord_19682,credit_card,4,2892.81
ord_19683,upi,1,7800.24
ord_19684,debit_card,1,1112.71
ord_19685,credit_card,5,12085.42
ord_19686,credit_card,3,459.83
ord_19687,credit_card,1,9732.09
ord_19688,credit_card,4,7963.74
ord_19689,cod,1,1054.69
ord_19690,upi,1,2455.84
ord_19691,credit_card,3,1320.0
ord_19692,upi,1,2334.31
ord_19693,upi,1,509.12
ord_19694,credit_card,6,3729.37
ord_19695,cod,1,7659.98
ord_19696,debit_card,1,440.73
ord_19697,upi,1,1953.69
ord_19698,debit_card,1,11093.49
ord_19699,upi,1,263.54
ord_19700,cod,1,15042.22
ord_19701,upi,1,657.41
ord_19702,wallet,1,669.29
ord_19703,upi,1,14841.04
ord_19704,credit_card,6,838.38
ord_19705,credit_card,2,1183.25
ord_19706,credit_card,5,962.95
ord_19707,wallet,1,2186.87
ord_19708,upi,1,5656.76
ord_19709,debit_card,1,4376.47
ord_19710,credit_card,5,1824.28
ord_19711,cod,1,10736.12
ord_19712,upi,1,2591.88
ord_19713,credit_card,6,12250.47
ord_19714,debit_card,1,2672.02
ord_19715,upi,1,561.88
ord_19716,upi,1,3376.81
ord_19717,cod,1,1300.74
ord_19718,debit_card,1,6342.96
ord_19719,credit_card,3,679.27
ord_19720,upi,1,9275.02
ord_19721,upi,1,10616.57
ord_19722,wallet,1,2317.86
ord_19723,upi,1,1749.48
ord_19724,wallet,1,4436.12
ord_19725,cod,1,4533.75
ord_19726,wallet,1,3792.82
ord_19727,cod,1,7052.6
ord_19728,upi,1,8993.68
ord_19729,debit_card,1,577.99
ord_19730,credit_card,1,740.73
ord_19731,debit_card,1,2201.16
ord_19732,debit_card,1,4659.04
ord_19733,cod,1,807.37
ord_19734,upi,1,1758.23
ord_19735,credit_card,6,6952.15
ord_19736,upi,1,9772.26
ord_19737,wallet,1,803.9
ord_19738,upi,1,1832.4
ord_19739,cod,1,4729.15
ord_19740,upi,1,793.2
ord_19741,upi,1,7827.42
ord_19742,debit_card,1,425.54
ord_19743,upi,1,711.63
ord_19744,credit_card,4,2535.36
ord_19745,upi,1,5586.19
ord_19746,credit_card,3,10834.44
ord_19747,upi,1,2610.23
ord_19748,wallet,1,6392.36
ord_19749,upi,1,1317.08
ord_19750,debit_card,1,889.71
ord_19751,upi,1,11203.97
ord_19752,upi,1,3125.27
ord_19753,upi,1,5950.85
ord_19754,debit_card,1,12779.21
ord_19755,credit_card,1,17514.27
ord_19756,cod,1,2040.5
ord_19757,credit_card,4,698.54
ord_19758,cod,1,2047.4
ord_19759,wallet,1,18465.73
ord_19760,credit_card,4,2029.2
ord_19761,debit_card,1,4480.59
ord_19762,upi,1,1420.94
ord_19763,upi,1,11056.04
ord_19764,cod,1,1692.3
ord_19765,upi,1,5346.92
ord_19766,upi,1,2964.11
ord_19767,upi,1,2609.47
ord_19768,credit_card,4,2200.5
ord_19769,cod,1,6253.62
ord_19770,upi,1,465.42
ord_19771,wallet,1,10006.41
ord_19772,credit_card,2,3646.68
ord_19773,wallet,1,1076.15
ord_19774,upi,1,1042.53
ord_19775,upi,1,14931.9
ord_19776,cod,1,975.75
ord_19777,credit_card,5,2342.9
ord_19778,upi,1,786.32
ord_19779,cod,1,441.31
ord_19780,upi,1,9780.81
ord_19781,debit_card,1,3185.14
ord_19782,upi,1,1346.96
ord_19783,credit_card,5,2459.53
ord_19784,debit_card,1,674.49
ord_19785,credit_card,5,921.08
ord_19786,upi,1,9552.36
ord_19787,upi,1,1788.09
ord_19788,upi,1,2124.74
ord_19789,upi,1,1832.42
ord_19790,credit_card,3,2682.68
ord_19791,credit_card,4,2622.43
ord_19792,credit_card,2,636.69
ord_19793,cod,1,486.47
ord_19794,upi,1,8174.62
ord_19795,upi,1,4970.45
ord_19796,credit_card,1,7602.04
ord_19797,upi,1,9787.54
ord_19798,cod,1,8965.66
ord_19799,debit_card,1,11582.61
ord_19800,upi,1,381.84
ord_19801,upi,1,6440.4
ord_19802,upi,1,3426.34
ord_19803,credit_card,6,617.31
ord_19804,upi,1,7147.91
ord_19805,cod,1,12694.44
ord_19806,upi,1,2330.61
ord_19807,upi,1,1931.47
ord_19808,credit_card,5,7385.04
ord_19809,credit_card,3,6155.32
ord_19810,credit_card,1,12034.5
ord_19811,cod,1,1718.12
ord_19812,debit_card,1,1837.6
ord_19813,wallet,1,8781.77
ord_19814,credit_card,3,230.16
ord_19815,credit_card,2,5526.98
ord_19816,credit_card,2,1052.87
ord_19817,credit_card,2,12812.13
ord_19818,credit_card,4,409.09
ord_19819,credit_card,1,1618.87
ord_19820,credit_card,1,448.57
ord_19821,upi,1,2542.81
ord_19822,cod,1,1485.97
ord_19823,debit_card,1,696.18
ord_19824,cod,1,10617.07
ord_19825,cod,1,9967.98
ord_19826,upi,1,8256.46
ord_19827,credit_card,4,2714.53
ord_19828,debit_card,1,530.51
ord_19829,upi,1,1173.2
ord_19830,debit_card,1,1379.86
ord_19831,wallet,1,306.68
ord_19832,credit_card,2,3773.33
ord_19833,credit_card,2,11122.31
ord_19834,upi,1,3506.74
ord_19835,cod,1,675.93
ord_19836,debit_card,1,502.28
ord_19837,upi,1,1746.39
ord_19838,credit_card,4,2805.05
ord_19839,wallet,1,9595.51
ord_19840,credit_card,3,7073.26
ord_19841,debit_card,1,1400.99
ord_19842,credit_card,5,1755.44
ord_19843,upi,1,1338.46
ord_19844,wallet,1,9141.13
ord_19845,upi,1,987.46
ord_19846,credit_card,1,1829.86
ord_19847,upi,1,2389.06
ord_19848,credit_card,1,11448.67
ord_19849,wallet,1,2205.65
ord_19850,upi,1,11078.38
ord_19851,upi,1,8906.82
ord_19852,upi,1,718.45
ord_19853,upi,1,2005.24
ord_19854,upi,1,8710.43
ord_19855,debit_card,1,4151.63
ord_19856,cod,1,7593.24
ord_19857,upi,1,9682.24
ord_19858,upi,1,9020.49
ord_19859,credit_card,2,8112.1
ord_19860,upi,1,12324.73
ord_19861,credit_card,4,1195.39
ord_19862,upi,1,5867.39
ord_19863,credit_card,4,2959.58
ord_19864,credit_card,5,7922.75
ord_19865,credit_card,2,12820.3
ord_19866,upi,1,2706.69
ord_19867,upi,1,5926.18
ord_19868,cod,1,1860.31
ord_19869,credit_card,3,7117.2
ord_19870,wallet,1,8166.74
ord_19871,credit_card,2,2801.49
ord_19872,credit_card,1,3722.02
ord_19873,cod,1,21203.59
ord_19874,credit_card,3,454.87
ord_19875,upi,1,7697.54
ord_19876,debit_card,1,1546.58
ord_19877,upi,1,7953.72
ord_19878,upi,1,2711.72
ord_19879,debit_card,1,2314.2
ord_19880,debit_card,1,2881.2
ord_19881,upi,1,9244.85
ord_19882,wallet,1,3750.89
ord_19883,cod,1,1127.01
ord_19884,wallet,1,13090.41
ord_19885,upi,1,692.71
ord_19886,wallet,1,454.08
ord_19887,debit_card,1,3599.58
ord_19888,upi,1,13258.49
ord_19889,debit_card,1,1932.12
ord_19890,upi,1,872.2
ord_19891,credit_card,5,2418.6
ord_19892,wallet,1,1073.0
ord_19893,upi,1,1255.05
ord_19894,cod,1,1563.06
ord_19895,debit_card,1,799.87
ord_19896,credit_card,5,4637.12
ord_19897,upi,1,11242.69
ord_19898,upi,1,4182.76
ord_19899,wallet,1,3238.76
ord_19900,upi,1,690.97
ord_19901,credit_card,4,1130.99
ord_19902,wallet,1,2044.31
ord_19903,upi,1,8397.17
ord_19904,upi,1,5723.52
ord_19905,wallet,1,1232.47
ord_19906,upi,1,1338.44
ord_19907,cod,1,9038.01
ord_19908,upi,1,1356.7
ord_19909,credit_card,3,11397.78
ord_19910,upi,1,2397.97
ord_19911,credit_card,3,3860.28
ord_19912,upi,1,12138.4
ord_19913,debit_card,1,5563.4
ord_19914,debit_card,1,699.88
ord_19915,upi,1,1839.75
ord_19916,upi,1,2196.99
ord_19917,credit_card,4,1761.85
ord_19918,credit_card,2,1610.2
ord_19919,credit_card,2,16078.98
ord_19920,upi,1,1819.12
ord_19921,cod,1,595.91
ord_19922,upi,1,7617.1
ord_19923,wallet,1,21649.37
ord_19924,debit_card,1,9073.75
ord_19925,credit_card,6,8883.45
ord_19926,upi,1,1264.92
ord_19927,wallet,1,2950.41
ord_19928,upi,1,387.15
ord_19929,debit_card,1,3069.52
ord_19930,cod,1,9674.67
ord_19931,upi,1,3001.01
ord_19932,upi,1,634.97
ord_19933,upi,1,2725.59
ord_19934,debit_card,1,2198.81
ord_19935,upi,1,2707.82
ord_19936,credit_card,6,1819.15
ord_19937,credit_card,2,8860.01
ord_19938,upi,1,6731.64
ord_19939,debit_card,1,13084.58
ord_19940,upi,1,497.9
ord_19941,upi,1,4255.47
ord_19942,upi,1,9367.46
ord_19943,debit_card,1,4555.73
ord_19944,credit_card,6,15388.87
ord_19945,wallet,1,1277.05
ord_19946,credit_card,1,2013.22
ord_19947,debit_card,1,2615.77
ord_19948,credit_card,3,449.75
ord_19949,credit_card,3,6327.46
ord_19950,credit_card,6,1618.16
ord_19951,credit_card,2,9135.18
ord_19952,upi,1,9585.67
ord_19953,upi,1,3985.42
ord_19954,wallet,1,7776.21
ord_19955,debit_card,1,543.58
ord_19956,credit_card,1,5421.72
ord_19957,credit_card,2,749.08
ord_19958,credit_card,6,6384.41
ord_19959,debit_card,1,1226.4
ord_19960,upi,1,1219.82
ord_19961,upi,1,457.9
ord_19962,debit_card,1,1095.92
ord_19963,upi,1,751.67
ord_19964,wallet,1,11649.06
ord_19965,credit_card,6,6079.4
ord_19966,wallet,1,3829.73
ord_19967,debit_card,1,1141.02
ord_19968,upi,1,1237.03
ord_19969,upi,1,6556.9
ord_19970,cod,1,2303.32
ord_19971,wallet,1,8209.09
ord_19972,upi,1,1985.89
ord_19973,credit_card,6,9892.43
ord_19974,upi,1,2206.5
ord_19975,upi,1,429.42
ord_19976,credit_card,1,7658.66
ord_19977,credit_card,2,9291.69
ord_19978,credit_card,6,5561.45
ord_19979,wallet,1,8586.59
ord_19980,credit_card,3,9970.87
ord_19981,credit_card,6,9421.89
ord_19982,credit_card,6,824.21
ord_19983,credit_card,4,2293.87
ord_19984,credit_card,1,1021.09
ord_19985,upi,1,1611.35
ord_19986,cod,1,1500.46
ord_19987,credit_card,4,1444.63
ord_19988,credit_card,4,9079.8
ord_19989,credit_card,6,1111.78
ord_19990,credit_card,4,10691.9
ord_19991,credit_card,6,591.54
ord_19992,upi,1,4493.3
ord_19993,cod,1,6530.74
ord_19994,upi,1,9409.24
ord_19995,wallet,1,6936.63
ord_19996,credit_card,1,2410.01
ord_19997,cod,1,22405.15
ord_19998,upi,1,475.85
ord_19999,credit_card,3,4018.8
ord_20000,upi,1,1087.82
ord_20001,credit_card,6,1159.93
ord_20002,cod,1,3684.33
ord_20003,cod,1,692.96
ord_20004,cod,1,2440.44
ord_20005,upi,1,3031.73
ord_20006,cod,1,714.49
ord_20007,upi,1,826.61
ord_20008,credit_card,2,3879.11
ord_20009,credit_card,3,2623.1
ord_20010,credit_card,2,1952.91
ord_20011,upi,1,7229.54
ord_20012,wallet,1,7470.48
ord_20013,credit_card,6,796.45
ord_20014,credit_card,2,6097.73
ord_20015,credit_card,4,479.3
ord_20016,debit_card,1,20024.39
ord_20017,credit_card,1,1787.87
ord_20018,wallet,1,620.16
ord_20019,debit_card,1,1059.67
ord_20020,wallet,1,7464.23
ord_20021,upi,1,1502.02
ord_20022,upi,1,1238.74
ord_20023,debit_card,1,1055.44
ord_20024,upi,1,746.26
ord_20025,upi,1,10867.72
ord_20026,cod,1,5459.13
ord_20027,credit_card,4,1150.92
ord_20028,cod,1,2715.6
ord_20029,credit_card,6,6067.69
ord_20030,upi,1,16951.83
ord_20031,upi,1,5595.34
ord_20032,upi,1,3770.71
ord_20033,upi,1,7770.07
ord_20034,cod,1,2032.52
ord_20035,credit_card,6,776.84
ord_20036,cod,1,2866.3
ord_20037,cod,1,483.73
ord_20038,wallet,1,1944.11
ord_20039,debit_card,1,6776.34
ord_20040,credit_card,5,468.61
ord_20041,wallet,1,906.83
ord_20042,debit_card,1,477.93
ord_20043,upi,1,6708.72
ord_20044,upi,1,2128.26
ord_20045,debit_card,1,938.16
ord_20046,debit_card,1,2438.09
ord_20047,credit_card,4,1280.78
ord_20048,cod,1,905.21
ord_20049,upi,1,1366.16
ord_20050,upi,1,15957.83
ord_20051,cod,1,663.26
ord_20052,upi,1,530.18
ord_20053,upi,1,1223.22
ord_20054,cod,1,6804.83
ord_20055,upi,1,14396.31
ord_20056,credit_card,3,4313.74
ord_20057,upi,1,1586.26
ord_20058,credit_card,4,2312.29
ord_20059,upi,1,1199.97
ord_20060,debit_card,1,822.27
ord_20061,upi,1,8631.8
ord_20062,credit_card,1,14190.2
ord_20063,credit_card,2,8817.23
ord_20064,debit_card,1,2073.23
ord_20065,upi,1,3506.31
ord_20066,credit_card,2,17383.49
ord_20067,upi,1,2086.4
ord_20068,upi,1,661.86
ord_20069,debit_card,1,568.71
ord_20070,upi,1,1830.25
ord_20071,upi,1,2914.19
ord_20072,credit_card,1,2596.73
ord_20073,cod,1,1332.06
ord_20074,upi,1,1552.53
ord_20075,credit_card,4,9761.8
ord_20076,wallet,1,1212.01
ord_20077,upi,1,1974.82
ord_20078,credit_card,4,740.12
ord_20079,cod,1,886.57
ord_20080,upi,1,9254.24
ord_20081,upi,1,11795.97
ord_20082,credit_card,2,1877.19
ord_20083,credit_card,5,18335.07
ord_20084,upi,1,8263.16
ord_20085,credit_card,4,379.85
ord_20086,upi,1,8268.25
ord_20087,upi,1,8370.56
ord_20088,debit_card,1,2250.43
ord_20089,debit_card,1,3764.1
ord_20090,upi,1,2358.92
ord_20091,upi,1,8739.9
ord_20092,credit_card,2,4295.7
ord_20093,wallet,1,1609.2
ord_20094,cod,1,1338.53
ord_20095,upi,1,8275.91
ord_20096,cod,1,2825.68
ord_20097,credit_card,2,3473.28
ord_20098,wallet,1,15171.77
ord_20099,credit_card,3,394.04
ord_20100,credit_card,1,654.21
ord_20101,upi,1,889.11
ord_20102,upi,1,2787.26
ord_20103,upi,1,5757.6
ord_20104,debit_card,1,168.31
ord_20105,credit_card,4,7965.64
ord_20106,upi,1,10113.83
ord_20107,upi,1,5251.66
ord_20108,upi,1,1243.62
ord_20109,wallet,1,937.49
ord_20110,upi,1,727.86
ord_20111,upi,1,1565.95
ord_20112,upi,1,2029.48
ord_20113,credit_card,1,13838.43
ord_20114,debit_card,1,4141.74
ord_20115,credit_card,3,1309.33
ord_20116,credit_card,6,2021.7
ord_20117,credit_card,5,2751.67
ord_20118,debit_card,1,7582.66
ord_20119,debit_card,1,723.93
ord_20120,debit_card,1,1075.7
ord_20121,credit_card,3,600.01
ord_20122,upi,1,1780.92
ord_20123,debit_card,1,824.56
ord_20124,upi,1,1628.38
ord_20125,cod,1,1401.28
ord_20126,wallet,1,3293.21
ord_20127,credit_card,6,5519.84
ord_20128,upi,1,4828.09
ord_20129,cod,1,1460.83
ord_20130,credit_card,6,1297.57
ord_20131,upi,1,3538.59
ord_20132,cod,1,16352.1
ord_20133,cod,1,3633.34
ord_20134,credit_card,5,6599.8
ord_20135,upi,1,1843.65
ord_20136,debit_card,1,2386.21
ord_20137,debit_card,1,1832.31
ord_20138,credit_card,5,479.69
ord_20139,cod,1,2315.01
ord_20140,upi,1,1700.91
ord_20141,debit_card,1,1252.85
ord_20142,upi,1,6425.79
ord_20143,upi,1,13601.7
ord_20144,upi,1,9749.11
ord_20145,credit_card,1,432.69
ord_20146,credit_card,1,346.42
ord_20147,cod,1,9418.34
ord_20148,upi,1,3665.17
ord_20149,upi,1,783.95
ord_20150,debit_card,1,2482.91
ord_20151,credit_card,2,984.54
ord_20152,credit_card,3,8578.3
ord_20153,credit_card,5,9119.54
ord_20154,upi,1,4304.63
ord_20155,debit_card,1,1087.09
ord_20156,debit_card,1,12664.94
ord_20157,wallet,1,1832.06
ord_20158,debit_card,1,8527.21
ord_20159,credit_card,2,506.27
ord_20160,credit_card,3,719.2
ord_20161,credit_card,1,827.52
ord_20162,debit_card,1,2039.02
ord_20163,upi,1,831.43
ord_20164,upi,1,1167.76
ord_20165,upi,1,6398.65
ord_20166,upi,1,9781.39
ord_20167,cod,1,740.6
ord_20168,cod,1,22751.23
ord_20169,upi,1,1299.75
ord_20170,credit_card,1,5544.73
ord_20171,credit_card,1,494.2
ord_20172,credit_card,4,594.67
ord_20173,debit_card,1,1586.44
ord_20174,cod,1,8727.64
ord_20175,credit_card,4,10671.52
ord_20176,credit_card,3,23582.01
ord_20177,cod,1,13563.66
ord_20178,upi,1,9137.29
ord_20179,wallet,1,13438.15
ord_20180,credit_card,5,6730.56
ord_20181,wallet,1,3626.46
ord_20182,debit_card,1,477.61
ord_20183,wallet,1,4452.16
ord_20184,credit_card,4,7157.66
ord_20185,credit_card,3,537.51
ord_20186,upi,1,2013.78
ord_20187,upi,1,2825.85
ord_20188,upi,1,8665.97
ord_20189,upi,1,299.89
ord_20190,debit_card,1,4995.18
ord_20191,upi,1,423.11
ord_20192,upi,1,12479.69
ord_20193,credit_card,1,4535.52
ord_20194,credit_card,3,1970.32
ord_20195,credit_card,5,457.12
ord_20196,upi,1,4202.61
ord_20197,credit_card,4,2467.01
ord_20198,credit_card,5,324.51
ord_20199,upi,1,412.24
ord_20200,debit_card,1,5863.53
ord_20201,debit_card,1,737.31
ord_20202,upi,1,2686.61
ord_20203,cod,1,1843.61
ord_20204,upi,1,2644.9
ord_20205,upi,1,344.98
ord_20206,upi,1,210.82
ord_20207,debit_card,1,398.85
ord_20208,upi,1,2127.38
ord_20209,upi,1,3151.7
ord_20210,upi,1,5574.17
ord_20211,debit_card,1,1452.53
ord_20212,wallet,1,3950.86
ord_20213,upi,1,3169.04
ord_20214,upi,1,13471.31
ord_20215,debit_card,1,10823.75
ord_20216,credit_card,4,1293.37
ord_20217,debit_card,1,8781.84
ord_20218,upi,1,12860.63
ord_20219,upi,1,2923.03
ord_20220,upi,1,11128.82
ord_20221,upi,1,7503.12
ord_20222,debit_card,1,886.37
ord_20223,upi,1,14284.04
ord_20224,credit_card,2,2511.83
ord_20225,credit_card,1,2625.04
ord_20226,upi,1,694.06
ord_20227,credit_card,6,1622.87
ord_20228,credit_card,4,12566.29
ord_20229,upi,1,1356.79
ord_20230,credit_card,1,1980.19
ord_20231,credit_card,4,2873.79
ord_20232,upi,1,5034.59
ord_20233,upi,1,6861.25
ord_20234,credit_card,1,4684.91
ord_20235,upi,1,7000.8
ord_20236,upi,1,3150.28
ord_20237,debit_card,1,1896.95
ord_20238,debit_card,1,9799.48
ord_20239,credit_card,6,2230.46
ord_20240,cod,1,1115.28
ord_20241,credit_card,6,8754.15
ord_20242,credit_card,4,6182.25
ord_20243,upi,1,14974.39
ord_20244,wallet,1,825.14
ord_20245,wallet,1,7795.22
ord_20246,wallet,1,7298.6
ord_20247,cod,1,756.27
ord_20248,upi,1,8193.81
ord_20249,credit_card,4,1596.69
ord_20250,credit_card,1,7408.79
ord_20251,upi,1,1169.16
ord_20252,credit_card,3,5934.31
ord_20253,cod,1,1390.5
ord_20254,credit_card,1,3125.23
ord_20255,cod,1,11028.32
ord_20256,debit_card,1,10262.34
ord_20257,upi,1,7540.72
ord_20258,upi,1,3022.21
ord_20259,upi,1,718.78
ord_20260,debit_card,1,3565.2
ord_20261,credit_card,1,9731.24
ord_20262,upi,1,290.78
ord_20263,credit_card,5,990.24
ord_20264,credit_card,5,8994.97
ord_20265,credit_card,5,1099.31
ord_20266,debit_card,1,1698.03
ord_20267,debit_card,1,2639.35
ord_20268,credit_card,3,2060.18
ord_20269,upi,1,2272.34
ord_20270,credit_card,5,6364.74
ord_20271,upi,1,10474.58
ord_20272,upi,1,19998.03
ord_20273,credit_card,1,10333.5
ord_20274,upi,1,879.7
ord_20275,credit_card,6,792.51
ord_20276,upi,1,7369.6
ord_20277,wallet,1,17480.89
ord_20278,upi,1,2067.61
ord_20279,wallet,1,1120.47
ord_20280,credit_card,4,2499.67
ord_20281,cod,1,493.24
ord_20282,wallet,1,22736.61
ord_20283,debit_card,1,525.68
ord_20284,credit_card,5,1118.96
ord_20285,cod,1,6189.96
ord_20286,credit_card,3,7317.07
ord_20287,upi,1,3241.65
ord_20288,wallet,1,1807.66
ord_20289,credit_card,5,489.37
ord_20290,debit_card,1,10714.83
ord_20291,debit_card,1,1064.69
ord_20292,cod,1,2261.61
ord_20293,wallet,1,6787.31
ord_20294,cod,1,6780.21
ord_20295,debit_card,1,10868.19
ord_20296,credit_card,2,7640.5
ord_20297,cod,1,4894.11
ord_20298,credit_card,1,13688.08
ord_20299,upi,1,3294.06
ord_20300,upi,1,1896.47
ord_20301,debit_card,1,12052.59
ord_20302,upi,1,1841.21
ord_20303,cod,1,15526.07
ord_20304,credit_card,5,1099.56
ord_20305,credit_card,2,15319.22
ord_20306,cod,1,1934.2
ord_20307,credit_card,6,1445.32
ord_20308,debit_card,1,12641.23
ord_20309,cod,1,2606.35
ord_20310,wallet,1,952.75
ord_20311,wallet,1,3677.0
ord_20312,cod,1,2225.52
ord_20313,upi,1,1218.75
ord_20314,credit_card,2,486.78
ord_20315,upi,1,4465.14
ord_20316,upi,1,3047.26
ord_20317,upi,1,727.07
ord_20318,credit_card,1,731.74
ord_20319,upi,1,9633.1
ord_20320,upi,1,10892.82
ord_20321,upi,1,4217.47
ord_20322,upi,1,9635.44
ord_20323,upi,1,1530.62
ord_20324,credit_card,4,7594.12
ord_20325,debit_card,1,3591.65
ord_20326,upi,1,432.01
ord_20327,upi,1,6859.33
ord_20328,upi,1,1124.79
ord_20329,wallet,1,8800.25
ord_20330,credit_card,6,1721.37
ord_20331,upi,1,560.51
ord_20332,credit_card,3,1680.98
ord_20333,upi,1,1991.14
ord_20334,upi,1,1907.59
ord_20335,credit_card,2,3332.15
ord_20336,cod,1,794.79
ord_20337,upi,1,1915.43
ord_20338,wallet,1,3095.01
ord_20339,upi,1,9711.22
ord_20340,credit_card,2,503.49
ord_20341,credit_card,5,4044.05
ord_20342,upi,1,4549.2
ord_20343,wallet,1,2005.97
ord_20344,wallet,1,12684.67
ord_20345,cod,1,8433.58
ord_20346,credit_card,6,581.21
ord_20347,credit_card,3,6759.83
ord_20348,credit_card,2,8945.78
ord_20349,credit_card,3,2362.9
ord_20350,debit_card,1,2456.35
ord_20351,upi,1,8513.0
ord_20352,cod,1,735.23
ord_20353,cod,1,924.73
ord_20354,debit_card,1,660.2
ord_20355,credit_card,2,516.67
ord_20356,cod,1,2399.68
ord_20357,upi,1,2012.4
ord_20358,upi,1,8778.14
ord_20359,upi,1,6663.56
ord_20360,credit_card,6,820.16
ord_20361,upi,1,1382.86
ord_20362,upi,1,2031.4
ord_20363,credit_card,3,4323.79
ord_20364,upi,1,2699.5
ord_20365,cod,1,6502.87
ord_20366,wallet,1,641.42
ord_20367,upi,1,6309.91
ord_20368,upi,1,6681.37
ord_20369,upi,1,3906.91
ord_20370,debit_card,1,577.35
ord_20371,credit_card,1,8159.1
ord_20372,credit_card,3,1987.5
ord_20373,upi,1,2917.3
ord_20374,credit_card,6,10128.53
ord_20375,cod,1,836.49
ord_20376,credit_card,6,7396.96
ord_20377,upi,1,7887.48
ord_20378,debit_card,1,2893.97
ord_20379,upi,1,4252.3
ord_20380,upi,1,11570.54
ord_20381,wallet,1,3730.61
ord_20382,upi,1,5186.47
ord_20383,credit_card,6,7599.84
ord_20384,credit_card,1,757.41
ord_20385,wallet,1,7080.22
ord_20386,cod,1,491.39
ord_20387,credit_card,2,576.88
ord_20388,cod,1,1776.61
ord_20389,credit_card,4,2714.12
ord_20390,upi,1,907.87
ord_20391,cod,1,6898.15
ord_20392,credit_card,2,2880.76
ord_20393,debit_card,1,4649.4
ord_20394,credit_card,2,1515.69
ord_20395,wallet,1,2414.68
ord_20396,credit_card,2,7168.21
ord_20397,credit_card,6,3858.36
ord_20398,upi,1,18661.67
ord_20399,upi,1,2125.72
ord_20400,upi,1,9775.82
ord_20401,upi,1,5195.72
ord_20402,upi,1,8331.17
ord_20403,upi,1,1148.27
ord_20404,upi,1,3272.38
ord_20405,credit_card,5,8251.73
ord_20406,upi,1,6737.23
ord_20407,wallet,1,10116.9
ord_20408,debit_card,1,8681.51
ord_20409,debit_card,1,3082.42
ord_20410,credit_card,1,11759.09
ord_20411,debit_card,1,2449.08
ord_20412,upi,1,7408.97
ord_20413,upi,1,4593.84
ord_20414,wallet,1,837.17
ord_20415,wallet,1,2226.38
ord_20416,credit_card,6,795.43
ord_20417,credit_card,5,13438.01
ord_20418,upi,1,7959.39
ord_20419,upi,1,1659.31
ord_20420,credit_card,1,9334.83
ord_20421,credit_card,2,426.23
ord_20422,wallet,1,3681.42
ord_20423,cod,1,3104.73
ord_20424,debit_card,1,5970.26
ord_20425,cod,1,9375.57
ord_20426,upi,1,1922.55
ord_20427,credit_card,1,3578.35
ord_20428,debit_card,1,566.98
ord_20429,upi,1,7237.48
ord_20430,wallet,1,1576.72
ord_20431,credit_card,6,8878.18
ord_20432,debit_card,1,2672.95
ord_20433,upi,1,976.22
ord_20434,upi,1,3033.38
ord_20435,credit_card,5,10574.86
ord_20436,upi,1,12117.07
ord_20437,credit_card,5,6278.83
ord_20438,credit_card,6,958.3
ord_20439,upi,1,772.67
ord_20440,upi,1,5520.3
ord_20441,credit_card,3,683.21
ord_20442,credit_card,4,7307.17
ord_20443,upi,1,1943.96
ord_20444,credit_card,6,427.76
ord_20445,upi,1,8848.58
ord_20446,upi,1,4072.08
ord_20447,cod,1,5464.78
ord_20448,credit_card,6,854.65
ord_20449,upi,1,1146.01
ord_20450,credit_card,4,1843.85
ord_20451,credit_card,2,1137.97
ord_20452,upi,1,15579.41
ord_20453,cod,1,2590.19
ord_20454,credit_card,1,7497.16
ord_20455,upi,1,2068.46
ord_20456,credit_card,5,2296.76
ord_20457,upi,1,407.03
ord_20458,debit_card,1,3202.42
ord_20459,upi,1,1237.17
ord_20460,debit_card,1,606.83
ord_20461,credit_card,2,1005.58
ord_20462,debit_card,1,7816.34
ord_20463,cod,1,3415.49
ord_20464,credit_card,2,1810.8
ord_20465,cod,1,4953.47
ord_20466,credit_card,2,8318.75
ord_20467,credit_card,5,5600.2
ord_20468,credit_card,1,3092.16
ord_20469,wallet,1,1355.66
ord_20470,cod,1,5846.27
ord_20471,credit_card,5,3389.93
ord_20472,upi,1,905.7
ord_20473,credit_card,5,503.43
ord_20474,cod,1,2555.88
ord_20475,credit_card,4,2262.26
ord_20476,credit_card,3,14190.13
ord_20477,credit_card,2,1044.76
ord_20478,upi,1,11019.54
ord_20479,upi,1,671.31
ord_20480,upi,1,1984.5
ord_20481,upi,1,879.4
ord_20482,upi,1,1223.27
ord_20483,credit_card,1,3042.52
ord_20484,upi,1,2071.08
ord_20485,cod,1,5545.63
ord_20486,wallet,1,3138.61
ord_20487,upi,1,8153.36
ord_20488,credit_card,2,938.4
ord_20489,debit_card,1,1589.93
ord_20490,debit_card,1,9931.65
ord_20491,cod,1,8342.82
ord_20492,credit_card,4,5895.07
ord_20493,wallet,1,6930.65
ord_20494,upi,1,1846.78
ord_20495,wallet,1,1499.91
ord_20496,upi,1,7322.81
ord_20497,credit_card,6,11700.84
ord_20498,credit_card,3,2638.53
ord_20499,upi,1,7854.41
ord_20500,upi,1,3227.35
ord_20501,upi,1,1208.74
ord_20502,credit_card,6,1962.53
ord_20503,upi,1,3651.32
ord_20504,cod,1,270.7
ord_20505,cod,1,1533.52
ord_20506,debit_card,1,11224.84
ord_20507,upi,1,1531.42
ord_20508,upi,1,12213.05
ord_20509,upi,1,10636.28
ord_20510,cod,1,7732.33
ord_20511,credit_card,3,435.44
ord_20512,cod,1,586.75
ord_20513,upi,1,1196.37
ord_20514,cod,1,3245.23
ord_20515,wallet,1,1785.61
ord_20516,credit_card,2,3128.65
ord_20517,debit_card,1,2241.49
ord_20518,upi,1,463.52
ord_20519,credit_card,1,11355.84
ord_20520,credit_card,4,7526.26
ord_20521,debit_card,1,8460.52
ord_20522,cod,1,775.22
ord_20523,credit_card,5,1393.72
ord_20524,upi,1,674.26
ord_20525,credit_card,4,1811.12
ord_20526,wallet,1,1959.66
ord_20527,wallet,1,1885.68
ord_20528,cod,1,3854.26
ord_20529,upi,1,8650.72
ord_20530,wallet,1,3885.84
ord_20531,cod,1,7780.69
ord_20532,upi,1,12374.76
ord_20533,upi,1,3114.41
ord_20534,credit_card,6,952.66
ord_20535,credit_card,4,6934.89
ord_20536,credit_card,2,2774.91
ord_20537,wallet,1,874.19
ord_20538,upi,1,6082.41
ord_20539,credit_card,4,3387.48
ord_20540,upi,1,1661.6
ord_20541,debit_card,1,1737.81
ord_20542,upi,1,1777.27
ord_20543,wallet,1,1211.24
ord_20544,debit_card,1,2995.05
ord_20545,credit_card,3,1458.17
ord_20546,upi,1,2603.52
ord_20547,wallet,1,1167.43
ord_20548,credit_card,2,2392.38
ord_20549,cod,1,1394.86
ord_20550,debit_card,1,5821.19
ord_20551,credit_card,1,7406.81
ord_20552,credit_card,1,1094.11
ord_20553,upi,1,7108.9
ord_20554,wallet,1,2855.12
ord_20555,debit_card,1,1783.77
ord_20556,upi,1,7151.66
ord_20557,upi,1,983.82
ord_20558,upi,1,2385.04
ord_20559,credit_card,2,1896.39
ord_20560,upi,1,18783.04
ord_20561,cod,1,501.75
ord_20562,upi,1,1762.3
ord_20563,cod,1,5691.49
ord_20564,wallet,1,1626.23
ord_20565,wallet,1,2551.13
ord_20566,debit_card,1,4171.21
ord_20567,upi,1,9198.87
ord_20568,upi,1,2662.9
ord_20569,upi,1,5377.6
ord_20570,credit_card,3,1127.01
ord_20571,debit_card,1,2265.47
ord_20572,upi,1,1307.64
ord_20573,debit_card,1,339.36
ord_20574,upi,1,2146.53
ord_20575,upi,1,9981.69
ord_20576,upi,1,2831.89
ord_20577,credit_card,2,3252.12
ord_20578,wallet,1,999.68
ord_20579,cod,1,15041.87
ord_20580,debit_card,1,10801.4
ord_20581,credit_card,2,5275.5
ord_20582,debit_card,1,4134.67
ord_20583,wallet,1,771.05
ord_20584,upi,1,5029.93
ord_20585,upi,1,7012.38
ord_20586,debit_card,1,8102.21
ord_20587,credit_card,5,1598.42
ord_20588,debit_card,1,1051.31
ord_20589,cod,1,4820.74
ord_20590,upi,1,2553.48
ord_20591,credit_card,2,957.98
ord_20592,upi,1,5253.27
ord_20593,credit_card,5,10103.79
ord_20594,upi,1,9341.27
ord_20595,upi,1,11365.4
ord_20596,upi,1,1006.47
ord_20597,debit_card,1,8072.23
ord_20598,credit_card,4,772.28
ord_20599,upi,1,1164.89
ord_20600,upi,1,6592.41
ord_20601,upi,1,4339.94
ord_20602,cod,1,553.91
ord_20603,upi,1,2292.13
ord_20604,credit_card,4,18343.41
ord_20605,wallet,1,1225.99
ord_20606,credit_card,3,2235.61
ord_20607,upi,1,11492.16
ord_20608,debit_card,1,6937.82
ord_20609,upi,1,3063.73
ord_20610,credit_card,1,904.8
ord_20611,cod,1,1917.56
ord_20612,credit_card,6,2598.51
ord_20613,credit_card,6,560.85
ord_20614,upi,1,2964.48
ord_20615,upi,1,7786.44
ord_20616,upi,1,2993.89
ord_20617,wallet,1,14807.16
ord_20618,upi,1,2466.23
ord_20619,upi,1,590.47
ord_20620,credit_card,6,21450.89
ord_20621,credit_card,4,1491.0
ord_20622,cod,1,3019.51
ord_20623,debit_card,1,1012.55
ord_20624,credit_card,3,2306.83
ord_20625,debit_card,1,1533.75
ord_20626,credit_card,1,2062.49
ord_20627,credit_card,1,2025.66
ord_20628,credit_card,4,7650.25
ord_20629,credit_card,3,2805.58
ord_20630,credit_card,3,1473.54
ord_20631,credit_card,3,213.17
ord_20632,credit_card,2,1922.65
ord_20633,upi,1,7594.49
ord_20634,debit_card,1,12977.9
ord_20635,upi,1,6036.77
ord_20636,credit_card,1,935.59
ord_20637,cod,1,407.98
ord_20638,cod,1,6760.39
ord_20639,credit_card,2,1698.98
ord_20640,credit_card,4,7733.72
ord_20641,upi,1,14520.26
ord_20642,upi,1,2160.38
ord_20643,upi,1,687.75
ord_20644,cod,1,10984.26
ord_20645,upi,1,3470.25
ord_20646,credit_card,4,2535.99
ord_20647,upi,1,2047.44
ord_20648,upi,1,1989.66
ord_20649,cod,1,5752.36
ord_20650,cod,1,835.31
ord_20651,credit_card,1,12289.27
ord_20652,wallet,1,1834.51
ord_20653,upi,1,3103.64
ord_20654,upi,1,11609.63
ord_20655,cod,1,3554.18
ord_20656,cod,1,1752.92
ord_20657,credit_card,5,9600.52
ord_20658,credit_card,2,6397.19
ord_20659,upi,1,8364.22
ord_20660,credit_card,3,5396.17
ord_20661,credit_card,3,812.33
ord_20662,upi,1,1598.63
ord_20663,credit_card,6,485.51
ord_20664,cod,1,491.84
ord_20665,upi,1,1350.31
ord_20666,upi,1,1077.66
ord_20667,debit_card,1,1441.82
ord_20668,upi,1,2221.34
ord_20669,debit_card,1,7913.01
ord_20670,debit_card,1,6713.16
ord_20671,credit_card,4,9880.83
ord_20672,wallet,1,519.5
ord_20673,upi,1,10082.63
ord_20674,upi,1,2781.19
ord_20675,upi,1,1493.26
ord_20676,upi,1,683.45
ord_20677,upi,1,2491.62
ord_20678,debit_card,1,2405.06
ord_20679,upi,1,1560.76
ord_20680,debit_card,1,591.66
ord_20681,upi,1,320.72
ord_20682,upi,1,9492.12
ord_20683,credit_card,5,2359.27
ord_20684,upi,1,1585.84
ord_20685,debit_card,1,2803.15
ord_20686,upi,1,3584.82
ord_20687,upi,1,1367.54
ord_20688,credit_card,5,2230.82
ord_20689,credit_card,2,519.53
ord_20690,credit_card,2,2511.23
ord_20691,upi,1,3386.41
ord_20692,upi,1,1952.46
ord_20693,credit_card,3,7654.82
ord_20694,upi,1,8190.67
ord_20695,cod,1,3772.04
ord_20696,credit_card,6,2053.46
ord_20697,wallet,1,1957.63
ord_20698,upi,1,716.06
ord_20699,cod,1,802.74
ord_20700,credit_card,2,584.63
ord_20701,cod,1,2483.34
ord_20702,credit_card,6,540.13
ord_20703,upi,1,7711.58
ord_20704,upi,1,2544.62
ord_20705,upi,1,7967.82
ord_20706,upi,1,7055.22
ord_20707,credit_card,5,11750.1
ord_20708,upi,1,2855.9
ord_20709,debit_card,1,1164.2
ord_20710,credit_card,6,1706.86
ord_20711,credit_card,5,1265.81
ord_20712,credit_card,2,190.41
ord_20713,credit_card,6,1271.31
ord_20714,upi,1,4296.66
ord_20715,upi,1,494.81
ord_20716,credit_card,5,5588.03
ord_20717,upi,1,1077.86
ord_20718,upi,1,7215.45
ord_20719,credit_card,6,2495.47
ord_20720,debit_card,1,1532.46
ord_20721,upi,1,9024.42
ord_20722,wallet,1,833.91
ord_20723,wallet,1,731.73
ord_20724,cod,1,3444.48
ord_20725,credit_card,5,833.21
ord_20726,cod,1,5410.43
ord_20727,upi,1,769.1
ord_20728,credit_card,3,551.64
ord_20729,upi,1,220.72
ord_20730,debit_card,1,723.27
ord_20731,upi,1,1184.24
ord_20732,cod,1,1348.22
ord_20733,upi,1,1183.2
ord_20734,cod,1,17082.36
ord_20735,cod,1,9816.76
ord_20736,cod,1,11186.06
ord_20737,upi,1,1034.36
ord_20738,upi,1,2561.59
ord_20739,upi,1,3580.73
ord_20740,wallet,1,1865.26
ord_20741,credit_card,3,769.83
ord_20742,upi,1,448.88
ord_20743,upi,1,3267.15
ord_20744,credit_card,1,3302.41
ord_20745,credit_card,4,7013.53
ord_20746,debit_card,1,7179.15
ord_20747,cod,1,9147.42
ord_20748,cod,1,719.07
ord_20749,cod,1,461.96
ord_20750,upi,1,6367.71
ord_20751,wallet,1,1308.49
ord_20752,upi,1,2328.63
ord_20753,cod,1,2850.98
ord_20754,cod,1,2060.34
ord_20755,upi,1,1037.89
ord_20756,credit_card,5,3066.57
ord_20757,debit_card,1,1510.34
ord_20758,credit_card,6,1417.42
ord_20759,credit_card,1,1892.85
ord_20760,debit_card,1,708.61
ord_20761,debit_card,1,7418.7
ord_20762,upi,1,6837.93
ord_20763,credit_card,4,1525.09
ord_20764,cod,1,1830.22
ord_20765,cod,1,9522.95
ord_20766,debit_card,1,25047.28
ord_20767,cod,1,1867.94
ord_20768,upi,1,6861.63
ord_20769,upi,1,1318.53
ord_20770,credit_card,1,16384.02
ord_20771,upi,1,4101.89
ord_20772,upi,1,2370.48
ord_20773,upi,1,1067.81
ord_20774,upi,1,8289.57
ord_20775,credit_card,4,7106.32
ord_20776,credit_card,6,6148.6
ord_20777,cod,1,7417.31
ord_20778,cod,1,374.93
ord_20779,credit_card,6,8295.61
ord_20780,upi,1,1541.27
ord_20781,credit_card,4,8714.25
ord_20782,upi,1,5751.52
ord_20783,cod,1,607.33
ord_20784,cod,1,236.48
ord_20785,wallet,1,27103.26
ord_20786,upi,1,7132.62
ord_20787,credit_card,5,21675.14
ord_20788,upi,1,6185.95
ord_20789,upi,1,2965.22
ord_20790,credit_card,4,2326.81
ord_20791,upi,1,1101.05
ord_20792,cod,1,3111.25
ord_20793,upi,1,5691.43
ord_20794,credit_card,5,5659.84
ord_20795,upi,1,1902.57
ord_20796,wallet,1,871.2
ord_20797,cod,1,6152.43
ord_20798,wallet,1,20229.87
ord_20799,wallet,1,378.09
ord_20800,wallet,1,9448.49
ord_20801,credit_card,1,3120.07
ord_20802,debit_card,1,5956.41
ord_20803,upi,1,1785.74
ord_20804,wallet,1,2592.54
ord_20805,debit_card,1,11911.52
ord_20806,cod,1,7771.72
ord_20807,credit_card,6,9284.95
ord_20808,debit_card,1,420.8
ord_20809,credit_card,1,293.78
ord_20810,debit_card,1,13649.75
ord_20811,debit_card,1,982.48
ord_20812,credit_card,5,2980.71
ord_20813,upi,1,7598.46
ord_20814,cod,1,5456.25
ord_20815,wallet,1,4612.83
ord_20816,upi,1,715.76
ord_20817,wallet,1,3584.9
ord_20818,credit_card,3,1989.73
ord_20819,cod,1,1143.55
ord_20820,upi,1,13745.89
ord_20821,cod,1,527.04
ord_20822,upi,1,11235.85
ord_20823,cod,1,11157.39
ord_20824,wallet,1,636.88
ord_20825,upi,1,4117.4
ord_20826,upi,1,693.62
ord_20827,upi,1,6980.27
ord_20828,credit_card,4,985.86
ord_20829,upi,1,8994.06
ord_20830,debit_card,1,8386.74
ord_20831,credit_card,5,3858.91
ord_20832,cod,1,12697.11
ord_20833,credit_card,2,6785.43
ord_20834,credit_card,1,9541.22
ord_20835,upi,1,1712.51
ord_20836,wallet,1,1054.44
ord_20837,wallet,1,1158.29
ord_20838,debit_card,1,2310.53
ord_20839,credit_card,2,1129.43
ord_20840,credit_card,5,1744.66
ord_20841,cod,1,5551.86
ord_20842,upi,1,9126.62
ord_20843,upi,1,4396.03
ord_20844,credit_card,4,3166.76
ord_20845,upi,1,580.86
ord_20846,credit_card,6,9944.79
ord_20847,upi,1,1905.12
ord_20848,upi,1,11093.97
ord_20849,wallet,1,18385.36
ord_20850,credit_card,2,6001.44
ord_20851,credit_card,3,653.75
ord_20852,wallet,1,4306.08
ord_20853,wallet,1,1288.61
ord_20854,debit_card,1,653.47
ord_20855,upi,1,3373.6
ord_20856,credit_card,5,2641.41
ord_20857,upi,1,217.66
ord_20858,upi,1,1055.33
ord_20859,debit_card,1,20814.46
ord_20860,debit_card,1,5544.82
ord_20861,upi,1,9782.53
ord_20862,wallet,1,2055.72
ord_20863,credit_card,3,3375.31
ord_20864,credit_card,3,5430.44
ord_20865,upi,1,493.97
ord_20866,debit_card,1,5255.87
ord_20867,credit_card,4,11382.63
ord_20868,upi,1,7073.51
ord_20869,credit_card,2,1194.16
ord_20870,cod,1,2469.61
ord_20871,wallet,1,809.93
ord_20872,cod,1,3143.84
ord_20873,credit_card,2,8605.49
ord_20874,wallet,1,721.67
ord_20875,credit_card,5,1898.72
ord_20876,upi,1,1181.96
ord_20877,cod,1,1247.88
ord_20878,credit_card,4,1004.53
ord_20879,debit_card,1,2762.57
ord_20880,upi,1,2781.92
ord_20881,upi,1,5917.27
ord_20882,upi,1,2725.16
ord_20883,upi,1,4366.3
ord_20884,upi,1,10486.26
ord_20885,upi,1,4828.41
ord_20886,upi,1,1372.62
ord_20887,credit_card,6,7597.82
ord_20888,credit_card,1,7281.2
ord_20889,upi,1,542.94
ord_20890,upi,1,22395.52
ord_20891,upi,1,9183.17
ord_20892,upi,1,1813.35
ord_20893,credit_card,4,6514.12
ord_20894,cod,1,4503.74
ord_20895,upi,1,5164.65
ord_20896,cod,1,784.75
ord_20897,credit_card,3,2200.16
ord_20898,upi,1,15317.49
ord_20899,cod,1,474.5
ord_20900,credit_card,1,2672.94
ord_20901,credit_card,6,8014.06
ord_20902,credit_card,4,2379.71
ord_20903,debit_card,1,786.18
ord_20904,upi,1,8857.94
ord_20905,upi,1,2225.67
ord_20906,credit_card,4,1937.65
ord_20907,upi,1,10587.29
ord_20908,upi,1,11878.94
ord_20909,upi,1,5342.66
ord_20910,credit_card,2,561.43
ord_20911,cod,1,684.47
ord_20912,debit_card,1,9006.99
ord_20913,credit_card,2,12299.12
ord_20914,credit_card,5,11632.53
ord_20915,wallet,1,17436.95
ord_20916,credit_card,1,10125.63
ord_20917,cod,1,6701.51
ord_20918,debit_card,1,1672.57
ord_20919,upi,1,10844.2
ord_20920,credit_card,2,1436.84
ord_20921,credit_card,4,634.81
ord_20922,cod,1,1696.39
ord_20923,wallet,1,810.26
ord_20924,credit_card,1,3238.5
ord_20925,upi,1,10468.69
ord_20926,upi,1,3600.08
ord_20927,upi,1,931.43
ord_20928,wallet,1,7750.99
ord_20929,debit_card,1,9988.92
ord_20930,upi,1,1395.33
ord_20931,debit_card,1,1522.69
ord_20932,wallet,1,7824.99
ord_20933,upi,1,1630.36
ord_20934,cod,1,1452.65
ord_20935,upi,1,4433.66
ord_20936,debit_card,1,15989.86
ord_20937,upi,1,1751.65
ord_20938,upi,1,10091.21
ord_20939,debit_card,1,3168.33
ord_20940,upi,1,747.24
ord_20941,debit_card,1,889.43
ord_20942,credit_card,3,1902.61
ord_20943,upi,1,12393.3
ord_20944,credit_card,1,2896.06
ord_20945,upi,1,824.67
ord_20946,credit_card,2,1391.1
ord_20947,cod,1,3989.57
ord_20948,cod,1,8283.19
ord_20949,upi,1,17774.65
ord_20950,upi,1,551.82
ord_20951,cod,1,2052.87
ord_20952,credit_card,5,2533.82
ord_20953,credit_card,4,1830.51
ord_20954,wallet,1,2243.23
ord_20955,credit_card,5,4906.0
ord_20956,upi,1,1034.85
ord_20957,upi,1,1011.26
ord_20958,credit_card,5,3894.76
ord_20959,wallet,1,6173.47
ord_20960,debit_card,1,524.44
ord_20961,credit_card,6,8871.64
ord_20962,upi,1,9602.88
ord_20963,upi,1,7828.09
ord_20964,upi,1,13288.67
ord_20965,debit_card,1,2919.69
ord_20966,cod,1,681.48
ord_20967,cod,1,1577.32
ord_20968,upi,1,11593.59
ord_20969,cod,1,4244.33
ord_20970,wallet,1,4841.67
ord_20971,credit_card,5,15900.62
ord_20972,credit_card,3,1880.38
ord_20973,credit_card,5,1468.84
ord_20974,upi,1,4752.15
ord_20975,upi,1,17234.79
ord_20976,upi,1,12994.3
ord_20977,credit_card,2,6165.39
ord_20978,upi,1,5129.53
ord_20979,wallet,1,1909.98
ord_20980,wallet,1,9823.67
ord_20981,upi,1,5981.84
ord_20982,upi,1,913.57
ord_20983,wallet,1,16358.97
ord_20984,wallet,1,382.07
ord_20985,upi,1,3080.57
ord_20986,credit_card,4,2450.15
ord_20987,credit_card,1,3112.03
ord_20988,wallet,1,483.57
ord_20989,wallet,1,2296.86
ord_20990,debit_card,1,8610.47
ord_20991,credit_card,1,1587.82
ord_20992,wallet,1,1793.71
ord_20993,upi,1,6823.45
ord_20994,credit_card,4,4685.83
ord_20995,credit_card,1,7267.9
ord_20996,credit_card,2,19537.97
ord_20997,upi,1,776.19
ord_20998,upi,1,1907.3
ord_20999,credit_card,6,7704.48
ord_21000,wallet,1,991.23
ord_21001,upi,1,1941.31
ord_21002,credit_card,4,16722.47
ord_21003,credit_card,6,3143.68
ord_21004,debit_card,1,25878.52
ord_21005,credit_card,6,1301.29
ord_21006,upi,1,6430.98
ord_21007,upi,1,1020.04
ord_21008,upi,1,8192.56
ord_21009,debit_card,1,8516.1
ord_21010,credit_card,5,2768.03
ord_21011,cod,1,6362.71
ord_21012,upi,1,1300.5
ord_21013,cod,1,1468.77
ord_21014,credit_card,5,1841.3
ord_21015,credit_card,2,7366.26
ord_21016,debit_card,1,6832.52
ord_21017,wallet,1,9032.11
ord_21018,upi,1,3023.11
ord_21019,upi,1,6177.65
ord_21020,upi,1,2024.24
ord_21021,credit_card,3,6901.34
ord_21022,cod,1,2423.64
ord_21023,wallet,1,3500.67
ord_21024,wallet,1,755.05
ord_21025,upi,1,6683.34
ord_21026,cod,1,4054.34
ord_21027,upi,1,1816.2
ord_21028,credit_card,5,8367.15
ord_21029,upi,1,2341.56
ord_21030,upi,1,1588.34
ord_21031,upi,1,7564.83
ord_21032,credit_card,2,1349.43
ord_21033,debit_card,1,1733.38
ord_21034,upi,1,6489.92
ord_21035,upi,1,3815.5
ord_21036,wallet,1,9145.16
ord_21037,debit_card,1,1400.07
ord_21038,upi,1,600.91
ord_21039,cod,1,1829.91
ord_21040,credit_card,3,1397.93
ord_21041,upi,1,3460.42
ord_21042,upi,1,3229.6
ord_21043,debit_card,1,10485.76
ord_21044,debit_card,1,6307.13
ord_21045,cod,1,1204.13
ord_21046,debit_card,1,999.24
ord_21047,cod,1,7564.92
ord_21048,upi,1,1778.89
ord_21049,upi,1,336.74
ord_21050,cod,1,679.35
ord_21051,credit_card,6,11885.9
ord_21052,upi,1,7099.71
ord_21053,credit_card,2,3714.41
ord_21054,debit_card,1,9572.89
ord_21055,wallet,1,6112.47
ord_21056,upi,1,4501.2
ord_21057,upi,1,429.55
ord_21058,wallet,1,5712.3
ord_21059,upi,1,1922.56
ord_21060,upi,1,9988.4
ord_21061,upi,1,4055.57
ord_21062,upi,1,3316.66
ord_21063,upi,1,1928.05
ord_21064,upi,1,1211.9
ord_21065,cod,1,500.85
ord_21066,credit_card,6,181.71
ord_21067,upi,1,2358.31
ord_21068,upi,1,8591.55
ord_21069,upi,1,4592.82
ord_21070,wallet,1,724.02
ord_21071,debit_card,1,750.65
ord_21072,upi,1,12185.3
ord_21073,upi,1,20909.69
ord_21074,credit_card,4,1037.0
ord_21075,upi,1,7303.79
ord_21076,cod,1,2860.6
ord_21077,credit_card,6,14440.32
ord_21078,wallet,1,1098.77
ord_21079,credit_card,5,15332.88
ord_21080,cod,1,7455.99
ord_21081,wallet,1,357.88
ord_21082,wallet,1,1447.44
ord_21083,credit_card,2,6969.55
ord_21084,upi,1,335.17
ord_21085,cod,1,4601.2
ord_21086,upi,1,7187.43
ord_21087,upi,1,975.63
ord_21088,upi,1,1605.5
ord_21089,upi,1,2153.6
ord_21090,upi,1,512.17
ord_21091,upi,1,2355.33
ord_21092,credit_card,6,8324.27
ord_21093,credit_card,1,12593.83
ord_21094,upi,1,8784.92
ord_21095,cod,1,5299.93
ord_21096,upi,1,8751.23
ord_21097,credit_card,2,1734.13
ord_21098,credit_card,6,9960.47
ord_21099,credit_card,3,1536.9
ord_21100,upi,1,679.98
ord_21101,credit_card,2,8341.45
ord_21102,credit_card,6,2272.87
ord_21103,credit_card,6,2457.21
ord_21104,credit_card,1,258.47
ord_21105,wallet,1,13440.09
ord_21106,wallet,1,6888.79
ord_21107,upi,1,3578.68
ord_21108,credit_card,4,821.07
ord_21109,wallet,1,19885.68
ord_21110,credit_card,6,529.52
ord_21111,upi,1,8269.83
ord_21112,credit_card,3,8504.77
ord_21113,upi,1,2223.26
ord_21114,debit_card,1,1054.66
ord_21115,wallet,1,1556.95
ord_21116,debit_card,1,2512.17
ord_21117,upi,1,5686.69
ord_21118,wallet,1,842.78
ord_21119,credit_card,3,1976.88
ord_21120,credit_card,6,2252.22
ord_21121,credit_card,5,1023.73
ord_21122,upi,1,7931.5
ord_21123,upi,1,9388.06
ord_21124,debit_card,1,1294.21
ord_21125,upi,1,8211.37
ord_21126,wallet,1,18033.41
ord_21127,cod,1,7266.02
ord_21128,upi,1,10203.07
ord_21129,cod,1,9396.9
ord_21130,upi,1,1233.27
ord_21131,debit_card,1,562.79
ord_21132,credit_card,3,1294.41
ord_21133,upi,1,1622.05
ord_21134,upi,1,517.64
ord_21135,upi,1,2374.18
ord_21136,debit_card,1,1134.33
ord_21137,credit_card,5,8819.15
ord_21138,credit_card,3,3314.24
ord_21139,debit_card,1,7676.66
ord_21140,cod,1,808.26
ord_21141,cod,1,16314.67
ord_21142,credit_card,2,983.75
ord_21143,upi,1,1034.69
ord_21144,cod,1,1947.16
ord_21145,upi,1,7706.67
ord_21146,debit_card,1,3806.4
ord_21147,debit_card,1,769.84
ord_21148,upi,1,1893.5
ord_21149,cod,1,1860.05
ord_21150,credit_card,6,2135.34
ord_21151,credit_card,2,679.05
ord_21152,credit_card,1,7228.23
ord_21153,wallet,1,1612.32
ord_21154,wallet,1,14757.05
ord_21155,upi,1,3003.48
ord_21156,upi,1,12919.19
ord_21157,upi,1,1130.66
ord_21158,credit_card,2,4888.38
ord_21159,upi,1,5133.02
ord_21160,credit_card,4,8956.31
ord_21161,debit_card,1,8231.32
ord_21162,debit_card,1,373.34
ord_21163,upi,1,6178.07
ord_21164,upi,1,2872.9
ord_21165,upi,1,2435.14
ord_21166,credit_card,5,1084.27
ord_21167,upi,1,1665.56
ord_21168,credit_card,2,6666.14
ord_21169,credit_card,5,5159.31
ord_21170,wallet,1,3756.18
ord_21171,credit_card,1,826.87
ord_21172,cod,1,4621.16
ord_21173,credit_card,5,1780.86
ord_21174,wallet,1,5745.12
ord_21175,credit_card,6,5057.74
ord_21176,upi,1,5907.47
ord_21177,wallet,1,15141.09
ord_21178,wallet,1,808.01
ord_21179,upi,1,7422.9
ord_21180,debit_card,1,3030.77
ord_21181,debit_card,1,10712.52
ord_21182,upi,1,15499.04
ord_21183,cod,1,1297.05
ord_21184,upi,1,436.2
ord_21185,cod,1,350.9
ord_21186,upi,1,7444.06
ord_21187,upi,1,2086.54
ord_21188,credit_card,5,10275.86
ord_21189,cod,1,13178.12
ord_21190,credit_card,2,1063.93
ord_21191,cod,1,1537.3
ord_21192,wallet,1,1213.8
ord_21193,credit_card,3,1741.29
ord_21194,credit_card,3,1760.16
ord_21195,upi,1,3749.23
ord_21196,debit_card,1,7297.04
ord_21197,upi,1,563.04
ord_21198,debit_card,1,4157.34
ord_21199,upi,1,581.55
ord_21200,debit_card,1,1623.14
ord_21201,upi,1,8602.32
ord_21202,upi,1,7080.78
ord_21203,credit_card,5,587.82
ord_21204,debit_card,1,2515.86
ord_21205,cod,1,1714.68
ord_21206,cod,1,1399.81
ord_21207,upi,1,1050.44
ord_21208,cod,1,10028.11
ord_21209,credit_card,3,1049.26
ord_21210,debit_card,1,907.99
ord_21211,cod,1,2340.97
ord_21212,upi,1,17809.31
ord_21213,cod,1,2032.9
ord_21214,credit_card,2,4650.06
ord_21215,upi,1,1782.61
ord_21216,upi,1,976.5
ord_21217,upi,1,10414.2
ord_21218,credit_card,6,5813.41
ord_21219,credit_card,2,242.69
ord_21220,credit_card,6,8085.63
ord_21221,upi,1,5747.63
ord_21222,wallet,1,3853.56
ord_21223,credit_card,4,1212.48
ord_21224,wallet,1,412.7
ord_21225,upi,1,3037.71
ord_21226,upi,1,2035.12
ord_21227,credit_card,4,12992.49
ord_21228,credit_card,3,8338.63
ord_21229,wallet,1,1166.03
ord_21230,credit_card,4,6303.55
ord_21231,wallet,1,10179.01
ord_21232,cod,1,1719.48
ord_21233,upi,1,9139.76
ord_21234,upi,1,1519.27
ord_21235,upi,1,201.45
ord_21236,upi,1,2350.31
ord_21237,debit_card,1,2477.36
ord_21238,upi,1,2881.49
ord_21239,upi,1,2615.75
ord_21240,upi,1,17004.15
ord_21241,upi,1,1842.85
ord_21242,debit_card,1,6695.59
ord_21243,debit_card,1,1857.79
ord_21244,debit_card,1,1962.93
ord_21245,cod,1,2323.8
ord_21246,upi,1,1233.04
ord_21247,upi,1,3045.88
ord_21248,credit_card,4,3109.28
ord_21249,upi,1,2767.83
ord_21250,upi,1,7420.01
ord_21251,credit_card,4,1399.14
ord_21252,upi,1,5515.15
ord_21253,credit_card,2,3002.21
ord_21254,wallet,1,696.07
ord_21255,credit_card,6,15767.92
ord_21256,upi,1,724.61
ord_21257,upi,1,5225.63
ord_21258,upi,1,438.06
ord_21259,upi,1,544.58
ord_21260,wallet,1,7074.63
ord_21261,upi,1,3427.8
ord_21262,upi,1,1009.47
ord_21263,cod,1,300.04
ord_21264,credit_card,2,1604.89
ord_21265,credit_card,5,211.77
ord_21266,wallet,1,1973.84
ord_21267,credit_card,2,2885.56
ord_21268,wallet,1,1702.04
ord_21269,credit_card,1,4069.78
ord_21270,upi,1,9461.72
ord_21271,credit_card,4,2018.16
ord_21272,debit_card,1,1871.68
ord_21273,credit_card,5,6666.34
ord_21274,upi,1,4009.03
ord_21275,credit_card,6,417.79
ord_21276,cod,1,2393.54
ord_21277,cod,1,4371.46
ord_21278,cod,1,5912.62
ord_21279,debit_card,1,1231.68
ord_21280,upi,1,8533.24
ord_21281,wallet,1,3023.31
ord_21282,credit_card,2,8429.17
ord_21283,upi,1,9244.51
ord_21284,debit_card,1,6539.12
ord_21285,wallet,1,463.84
ord_21286,upi,1,1010.47
ord_21287,credit_card,5,1805.63
ord_21288,wallet,1,583.19
ord_21289,upi,1,673.36
ord_21290,credit_card,5,6214.27
ord_21291,upi,1,1773.49
ord_21292,upi,1,2815.62
ord_21293,credit_card,3,819.64
ord_21294,upi,1,11969.61
ord_21295,credit_card,6,15046.36
ord_21296,upi,1,8177.58
ord_21297,wallet,1,1413.78
ord_21298,wallet,1,9313.31
ord_21299,upi,1,9824.43
ord_21300,upi,1,12286.89
ord_21301,upi,1,2858.62
ord_21302,wallet,1,1324.6
ord_21303,credit_card,3,4405.8
ord_21304,credit_card,4,7079.39
ord_21305,upi,1,2376.62
ord_21306,debit_card,1,727.17
ord_21307,credit_card,2,6399.99
ord_21308,credit_card,3,6839.25
ord_21309,wallet,1,823.12
ord_21310,wallet,1,2058.74
ord_21311,upi,1,462.84
ord_21312,credit_card,3,7238.93
ord_21313,upi,1,1372.69
ord_21314,upi,1,8543.14
ord_21315,upi,1,711.44
ord_21316,wallet,1,459.23
ord_21317,credit_card,5,3144.77
ord_21318,wallet,1,3611.45
ord_21319,wallet,1,11404.72
ord_21320,upi,1,7868.03
ord_21321,upi,1,8441.16
ord_21322,upi,1,9505.57
ord_21323,cod,1,2448.5
ord_21324,debit_card,1,7206.35
ord_21325,upi,1,8386.12
ord_21326,upi,1,1097.91
ord_21327,cod,1,11928.62
ord_21328,credit_card,3,10603.28
ord_21329,credit_card,5,362.87
ord_21330,upi,1,6016.12
ord_21331,upi,1,12121.92
ord_21332,upi,1,1647.17
ord_21333,debit_card,1,3706.98
ord_21334,credit_card,4,3219.68
ord_21335,upi,1,1413.01
ord_21336,credit_card,4,2312.49
ord_21337,wallet,1,787.41
ord_21338,credit_card,2,6571.73
ord_21339,upi,1,11614.33
ord_21340,upi,1,2043.93
ord_21341,debit_card,1,6210.4
ord_21342,credit_card,6,1537.5
ord_21343,upi,1,846.26
ord_21344,upi,1,1835.13
ord_21345,upi,1,9810.39
ord_21346,upi,1,613.78
ord_21347,debit_card,1,490.95
ord_21348,upi,1,30374.84
ord_21349,upi,1,2236.76
ord_21350,cod,1,1143.07
ord_21351,credit_card,1,1005.68
ord_21352,upi,1,2618.99
ord_21353,credit_card,1,2667.37
ord_21354,wallet,1,8773.4
ord_21355,credit_card,6,8011.33
ord_21356,wallet,1,12468.44
ord_21357,upi,1,14096.42
ord_21358,wallet,1,15914.28
ord_21359,wallet,1,17492.14
ord_21360,upi,1,12170.67
ord_21361,credit_card,5,7908.01
ord_21362,credit_card,2,2208.35
ord_21363,upi,1,1502.43
ord_21364,debit_card,1,9982.55
ord_21365,upi,1,6470.5
ord_21366,upi,1,3665.34
ord_21367,credit_card,2,18540.14
ord_21368,credit_card,2,647.16
ord_21369,cod,1,464.7
ord_21370,credit_card,1,10976.93
ord_21371,upi,1,3530.75
ord_21372,upi,1,10684.61
ord_21373,cod,1,2121.33
ord_21374,upi,1,453.98
ord_21375,upi,1,9885.53
ord_21376,credit_card,4,962.88
ord_21377,upi,1,3381.44
ord_21378,upi,1,793.85
ord_21379,upi,1,752.11
ord_21380,upi,1,1157.58
ord_21381,credit_card,2,1741.32
ord_21382,credit_card,5,1428.71
ord_21383,debit_card,1,17030.69
ord_21384,cod,1,9551.44
ord_21385,credit_card,3,3050.83
ord_21386,cod,1,1873.02
ord_21387,cod,1,1233.95
ord_21388,credit_card,3,3523.41
ord_21389,credit_card,2,8851.07
ord_21390,credit_card,4,1466.65
ord_21391,cod,1,5403.4
ord_21392,upi,1,1658.35
ord_21393,cod,1,1130.42
ord_21394,upi,1,865.78
ord_21395,credit_card,1,963.15
ord_21396,upi,1,7677.85
ord_21397,upi,1,3441.33
ord_21398,credit_card,4,1089.66
ord_21399,upi,1,9898.9
ord_21400,upi,1,868.16
ord_21401,credit_card,4,398.81
ord_21402,cod,1,8349.18
ord_21403,debit_card,1,1322.09
ord_21404,credit_card,6,2472.77
ord_21405,debit_card,1,793.98
ord_21406,credit_card,3,4534.53
ord_21407,upi,1,2352.67
ord_21408,upi,1,7306.17
ord_21409,credit_card,6,1085.11
ord_21410,wallet,1,1649.49
ord_21411,cod,1,15032.64
ord_21412,cod,1,1689.69
ord_21413,upi,1,7208.16
ord_21414,upi,1,1587.86
ord_21415,credit_card,1,3608.04
ord_21416,upi,1,1578.31
ord_21417,upi,1,1207.11
ord_21418,upi,1,2493.13
ord_21419,debit_card,1,3337.47
ord_21420,credit_card,4,10809.28
ord_21421,cod,1,1973.27
ord_21422,cod,1,3825.14
ord_21423,debit_card,1,2438.15
ord_21424,wallet,1,1492.62
ord_21425,upi,1,481.37
ord_21426,upi,1,1363.44
ord_21427,debit_card,1,2061.16
ord_21428,upi,1,1762.42
ord_21429,debit_card,1,1511.9
ord_21430,upi,1,2175.42
ord_21431,upi,1,6938.3
ord_21432,debit_card,1,1597.67
ord_21433,credit_card,1,10966.11
ord_21434,credit_card,5,2767.1
ord_21435,credit_card,5,490.82
ord_21436,upi,1,3372.8
ord_21437,upi,1,996.36
ord_21438,cod,1,1370.59
ord_21439,upi,1,1205.2
ord_21440,credit_card,2,440.3
ord_21441,credit_card,6,4801.11
ord_21442,wallet,1,1718.69
ord_21443,upi,1,8455.4
ord_21444,credit_card,3,15305.25
ord_21445,upi,1,7488.94
ord_21446,credit_card,2,435.51
ord_21447,upi,1,18354.41
ord_21448,debit_card,1,6951.52
ord_21449,credit_card,1,7417.35
ord_21450,debit_card,1,622.08
ord_21451,cod,1,8109.48
ord_21452,upi,1,7545.72
ord_21453,upi,1,1668.17
ord_21454,upi,1,1004.54
ord_21455,wallet,1,12003.13
ord_21456,credit_card,5,16003.22
ord_21457,cod,1,4320.25
ord_21458,cod,1,8829.21
ord_21459,credit_card,1,2523.1
ord_21460,cod,1,8896.97
ord_21461,upi,1,1936.28
ord_21462,credit_card,2,2029.2
ord_21463,credit_card,2,4735.34
ord_21464,upi,1,1030.77
ord_21465,credit_card,2,9954.86
ord_21466,upi,1,1949.79
ord_21467,debit_card,1,731.49
ord_21468,credit_card,3,310.23
ord_21469,credit_card,5,9724.89
ord_21470,credit_card,6,1425.31
ord_21471,upi,1,16622.11
ord_21472,credit_card,1,10166.16
ord_21473,upi,1,1314.81
ord_21474,cod,1,2647.99
ord_21475,cod,1,18024.14
ord_21476,cod,1,827.11
ord_21477,upi,1,9687.11
ord_21478,wallet,1,1044.74
ord_21479,cod,1,481.35
ord_21480,cod,1,8410.48
ord_21481,debit_card,1,1982.96
ord_21482,upi,1,16217.58
ord_21483,upi,1,8628.98
ord_21484,debit_card,1,440.92
ord_21485,credit_card,6,1754.59
ord_21486,cod,1,3445.53
ord_21487,upi,1,12237.12
ord_21488,cod,1,6420.9
ord_21489,credit_card,4,13839.69
ord_21490,upi,1,3195.15
ord_21491,upi,1,10543.17
ord_21492,cod,1,2102.38
ord_21493,upi,1,6643.41
ord_21494,credit_card,4,6255.26
ord_21495,upi,1,458.01
ord_21496,upi,1,765.2
ord_21497,credit_card,1,9601.91
ord_21498,debit_card,1,1202.54
ord_21499,upi,1,2631.37
ord_21500,upi,1,5077.49
ord_21501,debit_card,1,6855.4
ord_21502,wallet,1,7404.97
ord_21503,upi,1,14885.66
ord_21504,credit_card,1,949.67
ord_21505,upi,1,8744.59
ord_21506,upi,1,1688.01
ord_21507,credit_card,4,2535.84
ord_21508,wallet,1,10541.72
ord_21509,credit_card,1,6924.08
ord_21510,cod,1,9039.64
ord_21511,upi,1,12074.32
ord_21512,wallet,1,573.86
ord_21513,credit_card,3,2313.9
ord_21514,debit_card,1,1052.47
ord_21515,upi,1,3061.02
ord_21516,wallet,1,5257.48
ord_21517,credit_card,5,1060.91
ord_21518,credit_card,2,6418.96
ord_21519,credit_card,4,1854.66
ord_21520,credit_card,4,9618.38
ord_21521,upi,1,685.27
ord_21522,upi,1,5351.88
ord_21523,wallet,1,7119.95
ord_21524,debit_card,1,1176.53
ord_21525,upi,1,735.48
ord_21526,credit_card,3,3943.85
ord_21527,debit_card,1,6292.34
ord_21528,upi,1,3631.37
ord_21529,credit_card,5,3566.13
ord_21530,upi,1,5400.86
ord_21531,credit_card,1,1242.3
ord_21532,upi,1,2679.3
ord_21533,credit_card,3,1264.47
ord_21534,cod,1,18954.08
ord_21535,upi,1,408.43
ord_21536,debit_card,1,12978.14
ord_21537,credit_card,3,3292.89
ord_21538,credit_card,3,2019.76
ord_21539,upi,1,3513.5
ord_21540,credit_card,1,1037.86
ord_21541,upi,1,213.69
ord_21542,upi,1,839.84
ord_21543,wallet,1,636.59
ord_21544,credit_card,6,7480.68
ord_21545,wallet,1,1205.11
ord_21546,credit_card,1,1157.28
ord_21547,credit_card,1,1495.05
ord_21548,credit_card,6,6844.41
ord_21549,credit_card,4,1709.12
ord_21550,upi,1,2918.49
ord_21551,credit_card,3,216.07
ord_21552,upi,1,249.78
ord_21553,cod,1,2362.26
ord_21554,upi,1,816.88
ord_21555,upi,1,7910.27
ord_21556,upi,1,15755.67
ord_21557,cod,1,6490.6
ord_21558,wallet,1,1489.16
ord_21559,credit_card,5,5954.13
ord_21560,wallet,1,870.09
ord_21561,debit_card,1,14824.28
ord_21562,credit_card,4,4047.28
ord_21563,upi,1,7633.11
ord_21564,upi,1,393.7
ord_21565,upi,1,527.19
ord_21566,wallet,1,2909.34
ord_21567,debit_card,1,1821.45
ord_21568,upi,1,1352.59
ord_21569,upi,1,418.32
ord_21570,credit_card,6,911.19
ord_21571,upi,1,247.38
ord_21572,credit_card,6,2470.67
ord_21573,upi,1,1205.64
ord_21574,upi,1,1039.14
ord_21575,wallet,1,6830.36
ord_21576,upi,1,9067.66
ord_21577,debit_card,1,4260.09
ord_21578,upi,1,8788.18
ord_21579,upi,1,10292.01
ord_21580,wallet,1,1019.89
ord_21581,upi,1,8420.82
ord_21582,wallet,1,870.43
ord_21583,credit_card,2,2816.43
ord_21584,wallet,1,7705.53
ord_21585,wallet,1,1197.43
ord_21586,upi,1,1473.73
ord_21587,cod,1,8390.33
ord_21588,wallet,1,1327.76
ord_21589,cod,1,7861.7
ord_21590,credit_card,1,2735.92
ord_21591,upi,1,1030.39
ord_21592,upi,1,9720.11
ord_21593,cod,1,23060.97
ord_21594,cod,1,8369.16
ord_21595,wallet,1,2442.18
ord_21596,credit_card,5,7841.45
ord_21597,upi,1,893.18
ord_21598,cod,1,12770.5
ord_21599,upi,1,1548.8
ord_21600,upi,1,2426.3
ord_21601,wallet,1,2292.81
ord_21602,cod,1,253.94
ord_21603,wallet,1,8966.19
ord_21604,upi,1,4140.77
ord_21605,wallet,1,2031.74
ord_21606,upi,1,7842.19
ord_21607,upi,1,3275.43
ord_21608,credit_card,6,8714.8
ord_21609,upi,1,701.86
ord_21610,credit_card,3,2002.32
ord_21611,debit_card,1,3025.12
ord_21612,cod,1,1157.84
ord_21613,credit_card,2,22284.37
ord_21614,credit_card,3,12792.26
ord_21615,upi,1,4643.82
ord_21616,credit_card,4,7502.55
ord_21617,credit_card,3,9152.84
ord_21618,credit_card,2,2824.77
ord_21619,debit_card,1,4644.37
ord_21620,wallet,1,9340.6
ord_21621,credit_card,2,22229.65
ord_21622,upi,1,8185.21
ord_21623,debit_card,1,9064.68
ord_21624,debit_card,1,4904.21
ord_21625,credit_card,3,5615.08
ord_21626,upi,1,1213.17
ord_21627,credit_card,5,1368.79
ord_21628,cod,1,6779.75
ord_21629,debit_card,1,8603.48
ord_21630,upi,1,1220.14
ord_21631,upi,1,10484.97
ord_21632,debit_card,1,491.77
ord_21633,wallet,1,391.73
ord_21634,upi,1,1663.55
ord_21635,wallet,1,1338.51
ord_21636,credit_card,3,9179.78
ord_21637,cod,1,674.81
ord_21638,upi,1,1238.73
ord_21639,upi,1,1768.39
ord_21640,cod,1,3816.91
ord_21641,credit_card,2,948.99
ord_21642,wallet,1,11549.69
ord_21643,credit_card,2,8430.4
ord_21644,credit_card,5,5705.08
ord_21645,cod,1,6579.65
ord_21646,upi,1,2099.42
ord_21647,upi,1,2978.74
ord_21648,credit_card,1,11282.55
ord_21649,upi,1,3967.11
ord_21650,cod,1,1375.51
ord_21651,upi,1,2216.01
ord_21652,credit_card,5,894.44
ord_21653,upi,1,11631.35
ord_21654,upi,1,531.18
ord_21655,credit_card,1,1643.69
ord_21656,upi,1,5669.43
ord_21657,upi,1,2876.29
ord_21658,upi,1,11632.19
ord_21659,credit_card,3,1703.85
ord_21660,upi,1,8261.53
ord_21661,wallet,1,6385.23
ord_21662,cod,1,7476.49
ord_21663,debit_card,1,1792.58
ord_21664,upi,1,269.69
ord_21665,upi,1,1145.79
ord_21666,wallet,1,1100.2
ord_21667,upi,1,5395.76
ord_21668,upi,1,16287.25
ord_21669,credit_card,3,8705.99
ord_21670,cod,1,439.46
ord_21671,upi,1,1136.35
ord_21672,upi,1,1917.24
ord_21673,upi,1,4130.57
ord_21674,upi,1,2197.42
ord_21675,credit_card,2,2030.51
ord_21676,upi,1,2049.83
ord_21677,cod,1,559.28
ord_21678,upi,1,6255.4
ord_21679,wallet,1,1193.41
ord_21680,wallet,1,6695.79
ord_21681,credit_card,2,1454.27
ord_21682,upi,1,2823.77
ord_21683,wallet,1,5873.24
ord_21684,credit_card,2,1749.59
ord_21685,cod,1,1029.44
ord_21686,upi,1,9526.43
ord_21687,debit_card,1,2471.4
ord_21688,upi,1,1575.75
ord_21689,credit_card,1,11804.09
ord_21690,upi,1,11572.04
ord_21691,wallet,1,9326.01
ord_21692,upi,1,2304.49
ord_21693,upi,1,8386.02
ord_21694,upi,1,1191.67
ord_21695,upi,1,884.26
ord_21696,credit_card,6,4513.7
ord_21697,upi,1,529.59
ord_21698,debit_card,1,18105.82
ord_21699,credit_card,4,12211.89
ord_21700,upi,1,2532.3
ord_21701,upi,1,4324.81
ord_21702,wallet,1,2049.96
ord_21703,cod,1,3097.77
ord_21704,wallet,1,1440.96
ord_21705,credit_card,5,2905.77
ord_21706,wallet,1,1007.51
ord_21707,credit_card,2,5860.96
ord_21708,credit_card,6,1817.97
ord_21709,upi,1,9323.92
ord_21710,credit_card,5,1909.27
ord_21711,wallet,1,529.7
ord_21712,debit_card,1,1647.22
ord_21713,upi,1,26126.9
ord_21714,cod,1,1275.43
ord_21715,credit_card,6,6936.52
ord_21716,credit_card,3,7443.61
ord_21717,wallet,1,5889.64
ord_21718,credit_card,1,1101.01
ord_21719,cod,1,1530.81
ord_21720,upi,1,1668.36
ord_21721,upi,1,2203.07
ord_21722,upi,1,2898.4
ord_21723,upi,1,2073.88
ord_21724,credit_card,5,1328.27
ord_21725,upi,1,1391.27
ord_21726,credit_card,1,8343.48
ord_21727,credit_card,2,6893.08
ord_21728,upi,1,3994.06
ord_21729,upi,1,1171.97
ord_21730,cod,1,13384.08
ord_21731,wallet,1,4321.09
ord_21732,upi,1,13804.08
ord_21733,upi,1,875.39
ord_21734,upi,1,2170.15
ord_21735,cod,1,775.69
ord_21736,wallet,1,1750.4
ord_21737,credit_card,6,6514.78
ord_21738,upi,1,7074.53
ord_21739,credit_card,6,3049.7
ord_21740,credit_card,3,3349.75
ord_21741,upi,1,5482.7
ord_21742,upi,1,1545.45
ord_21743,cod,1,852.33
ord_21744,upi,1,10590.85
ord_21745,debit_card,1,1985.95
ord_21746,debit_card,1,299.55
ord_21747,upi,1,2552.31
ord_21748,credit_card,3,7633.6
ord_21749,upi,1,1984.17
ord_21750,wallet,1,10058.77
ord_21751,credit_card,4,6289.13
ord_21752,upi,1,2551.8
ord_21753,credit_card,4,1174.86
ord_21754,upi,1,5314.27
ord_21755,upi,1,2466.83
ord_21756,upi,1,1117.13
ord_21757,upi,1,6906.92
ord_21758,cod,1,15704.72
ord_21759,credit_card,4,2844.95
ord_21760,credit_card,5,2286.09
ord_21761,credit_card,5,648.17
ord_21762,cod,1,1085.06
ord_21763,upi,1,7411.99
ord_21764,credit_card,3,3030.24
ord_21765,debit_card,1,3051.64
ord_21766,cod,1,806.34
ord_21767,credit_card,5,1612.72
ord_21768,upi,1,563.63
ord_21769,upi,1,12237.74
ord_21770,credit_card,3,995.86
ord_21771,upi,1,2222.51
ord_21772,cod,1,646.46
ord_21773,wallet,1,473.72
ord_21774,upi,1,275.72
ord_21775,upi,1,666.79
ord_21776,credit_card,1,5994.3
ord_21777,cod,1,6720.5
ord_21778,upi,1,4510.84
ord_21779,upi,1,8164.83
ord_21780,credit_card,2,5729.52
ord_21781,debit_card,1,1064.61
ord_21782,upi,1,14032.26
ord_21783,upi,1,2047.45
ord_21784,cod,1,6795.57
ord_21785,upi,1,472.41
ord_21786,upi,1,1556.92
ord_21787,upi,1,5733.53
ord_21788,wallet,1,988.9
ord_21789,upi,1,15065.87
ord_21790,upi,1,12430.69
ord_21791,credit_card,2,441.27
ord_21792,upi,1,11068.19
ord_21793,upi,1,1794.05
ord_21794,credit_card,4,8391.85
ord_21795,debit_card,1,249.93
ord_21796,cod,1,6987.92
ord_21797,upi,1,7743.55
ord_21798,wallet,1,948.45
ord_21799,upi,1,763.88
ord_21800,upi,1,1014.99
ord_21801,upi,1,852.5
ord_21802,wallet,1,5827.47
ord_21803,upi,1,618.58
ord_21804,credit_card,6,743.58
ord_21805,credit_card,6,3394.85
ord_21806,wallet,1,1513.04
ord_21807,upi,1,499.58
ord_21808,upi,1,1110.48
ord_21809,credit_card,3,14565.1
ord_21810,upi,1,1590.37
ord_21811,upi,1,5411.37
ord_21812,upi,1,374.33
ord_21813,wallet,1,2432.12
ord_21814,credit_card,1,923.61
ord_21815,upi,1,6984.48
ord_21816,upi,1,2005.89
ord_21817,debit_card,1,5903.76
ord_21818,credit_card,4,6329.36
ord_21819,upi,1,5553.09
ord_21820,cod,1,1351.68
ord_21821,cod,1,5748.76
ord_21822,upi,1,468.52
ord_21823,upi,1,1261.97
ord_21824,cod,1,5904.47
ord_21825,wallet,1,10709.48
ord_21826,cod,1,8527.34
ord_21827,cod,1,646.29
ord_21828,credit_card,4,1973.84
ord_21829,cod,1,17540.14
ord_21830,upi,1,5883.85
ord_21831,credit_card,1,1506.21
ord_21832,credit_card,5,1915.73
ord_21833,credit_card,2,3536.8
ord_21834,upi,1,1922.4
ord_21835,debit_card,1,9381.34
ord_21836,upi,1,941.7
ord_21837,credit_card,6,1557.19
ord_21838,credit_card,3,395.39
ord_21839,credit_card,4,1734.97
ord_21840,debit_card,1,2358.54
ord_21841,cod,1,1008.18
ord_21842,credit_card,4,10371.01
ord_21843,debit_card,1,207.91
ord_21844,cod,1,7841.41
ord_21845,cod,1,584.82
ord_21846,upi,1,637.73
ord_21847,cod,1,6471.17
ord_21848,upi,1,979.75
ord_21849,credit_card,1,4970.35
ord_21850,debit_card,1,2940.44
ord_21851,upi,1,3206.75
ord_21852,wallet,1,5923.96
ord_21853,credit_card,6,2510.81
ord_21854,upi,1,1939.73
ord_21855,upi,1,17395.06
ord_21856,debit_card,1,986.94
ord_21857,credit_card,5,3120.14
ord_21858,credit_card,2,2562.23
ord_21859,upi,1,1132.11
ord_21860,debit_card,1,3447.39
ord_21861,debit_card,1,708.59
ord_21862,cod,1,425.36
ord_21863,cod,1,1858.93
ord_21864,credit_card,5,2335.77
ord_21865,credit_card,5,856.17
ord_21866,credit_card,3,1697.45
ord_21867,credit_card,4,16309.14
ord_21868,upi,1,734.94
ord_21869,debit_card,1,12914.02
ord_21870,cod,1,1777.53
ord_21871,credit_card,1,1037.36
ord_21872,wallet,1,5113.41
ord_21873,wallet,1,2758.56
ord_21874,wallet,1,2620.96
ord_21875,upi,1,588.05
ord_21876,debit_card,1,1951.89
ord_21877,credit_card,4,1372.65
ord_21878,upi,1,18096.42
ord_21879,upi,1,831.42
ord_21880,cod,1,584.44
ord_21881,debit_card,1,7426.71
ord_21882,credit_card,6,3160.25
ord_21883,wallet,1,4715.6
ord_21884,upi,1,5963.55
ord_21885,debit_card,1,3175.64
ord_21886,credit_card,2,2842.74
ord_21887,credit_card,2,3516.37
ord_21888,upi,1,1851.35
ord_21889,credit_card,2,8611.95
ord_21890,debit_card,1,1353.19
ord_21891,wallet,1,993.3
ord_21892,upi,1,666.68
ord_21893,upi,1,1177.26
ord_21894,upi,1,1785.02
ord_21895,credit_card,1,448.69
ord_21896,credit_card,6,2826.33
ord_21897,upi,1,806.37
ord_21898,credit_card,6,2822.38
ord_21899,credit_card,6,850.0
ord_21900,wallet,1,1445.42
ord_21901,cod,1,12128.09
ord_21902,credit_card,5,3555.47
ord_21903,upi,1,2086.3
ord_21904,wallet,1,2257.65
ord_21905,cod,1,15147.19
ord_21906,debit_card,1,893.42
ord_21907,upi,1,443.03
ord_21908,upi,1,4235.61
ord_21909,upi,1,10506.24
ord_21910,wallet,1,3145.55
ord_21911,credit_card,5,1199.76
ord_21912,wallet,1,8525.63
ord_21913,wallet,1,9334.72
ord_21914,cod,1,2271.86
ord_21915,debit_card,1,6014.66
ord_21916,upi,1,1110.86
ord_21917,upi,1,1239.08
ord_21918,upi,1,9107.16
ord_21919,credit_card,1,1363.91
ord_21920,upi,1,3485.53
ord_21921,upi,1,1141.01
ord_21922,credit_card,4,15827.74
ord_21923,credit_card,1,512.24
ord_21924,upi,1,994.6
ord_21925,cod,1,3428.93
ord_21926,upi,1,11352.05
ord_21927,cod,1,14577.23
ord_21928,cod,1,11115.62
ord_21929,upi,1,614.43
ord_21930,credit_card,2,164.2
ord_21931,cod,1,8389.07
ord_21932,upi,1,4643.28
ord_21933,credit_card,1,2394.73
ord_21934,upi,1,10377.33
ord_21935,debit_card,1,459.53
ord_21936,cod,1,456.13
ord_21937,debit_card,1,7957.54
ord_21938,credit_card,1,4259.04
ord_21939,wallet,1,1464.13
ord_21940,credit_card,4,5469.21
ord_21941,upi,1,4738.38
ord_21942,cod,1,5471.72
ord_21943,debit_card,1,864.95
ord_21944,credit_card,4,2539.39
ord_21945,credit_card,3,3000.68
ord_21946,debit_card,1,1882.23
ord_21947,upi,1,8514.21
ord_21948,wallet,1,6546.24
ord_21949,credit_card,4,7015.59
ord_21950,upi,1,2949.55
ord_21951,upi,1,413.32
ord_21952,upi,1,10478.42
ord_21953,upi,1,5547.58
ord_21954,upi,1,608.42
ord_21955,wallet,1,489.51
ord_21956,upi,1,1327.77
ord_21957,credit_card,6,9969.04
ord_21958,credit_card,1,5632.16
ord_21959,cod,1,6066.54
ord_21960,upi,1,7530.85
ord_21961,upi,1,786.25
ord_21962,wallet,1,7569.68
ord_21963,upi,1,3996.84
ord_21964,credit_card,2,20939.06
ord_21965,credit_card,5,221.23
ord_21966,credit_card,4,8407.48
ord_21967,wallet,1,2693.88
ord_21968,upi,1,1673.48
ord_21969,upi,1,7254.99
ord_21970,cod,1,1314.77
ord_21971,upi,1,2687.47
ord_21972,credit_card,1,408.08
ord_21973,debit_card,1,4245.2
ord_21974,credit_card,3,3942.47
ord_21975,credit_card,1,1536.63
ord_21976,upi,1,959.3
ord_21977,upi,1,1981.65
ord_21978,debit_card,1,2055.58
ord_21979,cod,1,5771.93
ord_21980,credit_card,1,12292.88
ord_21981,upi,1,2973.31
ord_21982,cod,1,2282.69
ord_21983,wallet,1,7746.98
ord_21984,credit_card,3,4622.53
ord_21985,credit_card,2,163.71
ord_21986,credit_card,4,1173.08
ord_21987,debit_card,1,4586.49
ord_21988,debit_card,1,4196.58
ord_21989,upi,1,4282.59
ord_21990,cod,1,8733.49
ord_21991,upi,1,1166.91
ord_21992,credit_card,2,8163.83
ord_21993,debit_card,1,1804.82
ord_21994,credit_card,6,603.62
ord_21995,credit_card,6,499.75
ord_21996,cod,1,1243.61
ord_21997,wallet,1,2129.12
ord_21998,cod,1,5872.9
ord_21999,wallet,1,1110.41
ord_22000,wallet,1,680.32
ord_22001,upi,1,2400.43
ord_22002,upi,1,11516.25
ord_22003,wallet,1,3313.5
ord_22004,debit_card,1,1059.42
ord_22005,credit_card,2,779.48
ord_22006,wallet,1,2564.31
ord_22007,cod,1,607.86
ord_22008,credit_card,2,9165.21
ord_22009,credit_card,4,866.99
ord_22010,credit_card,2,1940.42
ord_22011,debit_card,1,2836.25
ord_22012,credit_card,5,890.69
ord_22013,credit_card,5,733.01
ord_22014,cod,1,12876.64
ord_22015,upi,1,8291.7
ord_22016,cod,1,3507.89
ord_22017,upi,1,628.58
ord_22018,upi,1,720.59
ord_22019,upi,1,3820.3
ord_22020,cod,1,1591.38
ord_22021,debit_card,1,818.46
ord_22022,upi,1,807.72
ord_22023,upi,1,1882.4
ord_22024,upi,1,6714.43
ord_22025,upi,1,9576.28
ord_22026,credit_card,4,3040.78
ord_22027,upi,1,3754.21
ord_22028,upi,1,1679.98
ord_22029,cod,1,4375.43
ord_22030,credit_card,2,669.57
ord_22031,upi,1,1029.97
ord_22032,credit_card,6,3080.26
ord_22033,debit_card,1,1835.83
ord_22034,cod,1,2264.55
ord_22035,upi,1,1101.02
ord_22036,credit_card,4,3956.19
ord_22037,cod,1,3070.9
ord_22038,credit_card,2,3040.88
ord_22039,upi,1,2284.69
ord_22040,upi,1,6947.52
ord_22041,credit_card,2,1395.28
ord_22042,credit_card,5,8146.36
ord_22043,upi,1,554.58
ord_22044,wallet,1,468.21
ord_22045,upi,1,1795.61
ord_22046,upi,1,4632.43
ord_22047,cod,1,13041.53
ord_22048,debit_card,1,4332.0
ord_22049,cod,1,1429.87
ord_22050,wallet,1,2065.16
ord_22051,debit_card,1,9711.91
ord_22052,credit_card,6,3835.77
ord_22053,credit_card,5,1936.33
ord_22054,upi,1,1152.94
ord_22055,credit_card,6,2142.14
ord_22056,upi,1,2893.91
ord_22057,upi,1,708.06
ord_22058,wallet,1,9852.25
ord_22059,upi,1,12154.59
ord_22060,credit_card,1,7056.51
ord_22061,debit_card,1,2158.92
ord_22062,wallet,1,5828.96
ord_22063,credit_card,4,560.69
ord_22064,upi,1,7184.68
ord_22065,upi,1,2030.05
ord_22066,credit_card,4,1662.97
ord_22067,upi,1,7507.06
ord_22068,debit_card,1,329.62
ord_22069,upi,1,1698.15
ord_22070,upi,1,15917.66
ord_22071,credit_card,5,1306.93
ord_22072,upi,1,860.73
ord_22073,cod,1,3024.86
ord_22074,cod,1,11042.15
ord_22075,debit_card,1,986.67
ord_22076,credit_card,2,450.08
ord_22077,credit_card,3,2257.16
ord_22078,credit_card,5,627.39
ord_22079,upi,1,1252.48
ord_22080,debit_card,1,7767.6
ord_22081,upi,1,9379.87
ord_22082,upi,1,7397.83
ord_22083,upi,1,4216.63
ord_22084,cod,1,1069.52
ord_22085,wallet,1,1033.29
ord_22086,upi,1,557.06
ord_22087,cod,1,2525.75
ord_22088,upi,1,1068.61
ord_22089,credit_card,1,18002.46
ord_22090,credit_card,3,6089.26
ord_22091,credit_card,1,951.19
ord_22092,credit_card,6,514.59
ord_22093,debit_card,1,1488.65
ord_22094,debit_card,1,4712.89
ord_22095,credit_card,5,688.32
ord_22096,upi,1,11691.82
ord_22097,cod,1,6563.79
ord_22098,debit_card,1,3407.43
ord_22099,upi,1,1452.67
ord_22100,cod,1,5704.75
ord_22101,credit_card,1,6508.08
ord_22102,debit_card,1,6314.06
ord_22103,credit_card,3,809.16
ord_22104,upi,1,1091.2
ord_22105,cod,1,605.87
ord_22106,debit_card,1,1983.54
ord_22107,credit_card,5,5129.71
ord_22108,credit_card,3,7653.6
ord_22109,wallet,1,2161.62
ord_22110,cod,1,10364.25
ord_22111,upi,1,10999.05
ord_22112,upi,1,1910.04
ord_22113,upi,1,467.63
ord_22114,credit_card,1,2080.21
ord_22115,debit_card,1,12219.5
ord_22116,upi,1,3342.81
ord_22117,credit_card,2,11895.17
ord_22118,upi,1,11939.88
ord_22119,wallet,1,7290.06
ord_22120,upi,1,2702.97
ord_22121,upi,1,9178.76
ord_22122,upi,1,1845.98
ord_22123,upi,1,1838.8
ord_22124,credit_card,4,2069.49
ord_22125,wallet,1,9678.4
ord_22126,upi,1,1576.55
ord_22127,upi,1,898.46
ord_22128,upi,1,10560.7
ord_22129,upi,1,9974.76
ord_22130,upi,1,768.45
ord_22131,credit_card,3,24508.37
ord_22132,upi,1,16425.14
ord_22133,cod,1,7333.37
ord_22134,wallet,1,1571.11
ord_22135,upi,1,1345.76
ord_22136,credit_card,6,2521.62
ord_22137,credit_card,2,1674.91
ord_22138,credit_card,3,1766.71
ord_22139,debit_card,1,9059.1
ord_22140,credit_card,1,6991.66
ord_22141,credit_card,3,925.91
ord_22142,credit_card,4,3008.68
ord_22143,credit_card,4,315.12
ord_22144,upi,1,14727.97
ord_22145,credit_card,3,1093.83
ord_22146,upi,1,6190.57
ord_22147,cod,1,5883.15
ord_22148,wallet,1,1273.07
ord_22149,cod,1,1890.45
ord_22150,debit_card,1,1236.71
ord_22151,upi,1,6599.99
ord_22152,upi,1,405.53
ord_22153,upi,1,8448.78
ord_22154,cod,1,4357.1
ord_22155,credit_card,1,10587.57
ord_22156,credit_card,2,1475.93
ord_22157,credit_card,5,4525.58
ord_22158,wallet,1,7275.28
ord_22159,wallet,1,3442.56
ord_22160,upi,1,352.07
ord_22161,credit_card,3,8913.17
ord_22162,upi,1,7913.89
ord_22163,cod,1,7873.73
ord_22164,wallet,1,5231.95
ord_22165,credit_card,6,346.03
ord_22166,upi,1,8406.74
ord_22167,debit_card,1,856.98
ord_22168,cod,1,9240.68
ord_22169,upi,1,408.37
ord_22170,upi,1,11571.98
ord_22171,credit_card,5,7277.03
ord_22172,upi,1,15335.74
ord_22173,wallet,1,1102.64
ord_22174,cod,1,2599.07
ord_22175,credit_card,6,1177.26
ord_22176,credit_card,2,11051.49
ord_22177,upi,1,4934.6
ord_22178,credit_card,3,19046.32
ord_22179,cod,1,6885.01
ord_22180,wallet,1,10201.5
ord_22181,upi,1,879.96
ord_22182,upi,1,2063.43
ord_22183,upi,1,6279.58
ord_22184,upi,1,453.92
ord_22185,upi,1,328.18
ord_22186,debit_card,1,196.98
ord_22187,upi,1,616.13
ord_22188,wallet,1,861.22
ord_22189,debit_card,1,917.73
ord_22190,cod,1,4842.65
ord_22191,upi,1,10926.47
ord_22192,upi,1,1347.17
ord_22193,upi,1,771.2
ord_22194,upi,1,1516.52
ord_22195,upi,1,997.41
ord_22196,upi,1,3242.59
ord_22197,upi,1,1580.35
ord_22198,upi,1,768.68
ord_22199,upi,1,10774.94
ord_22200,upi,1,1734.04
ord_22201,cod,1,7073.21
ord_22202,credit_card,4,1189.44
ord_22203,credit_card,2,515.27
ord_22204,upi,1,735.86
ord_22205,credit_card,6,681.81
ord_22206,debit_card,1,13557.91
ord_22207,debit_card,1,1337.89
ord_22208,cod,1,4998.9
ord_22209,credit_card,5,3648.36
ord_22210,upi,1,9211.6
ord_22211,cod,1,1491.36
ord_22212,debit_card,1,710.76
ord_22213,upi,1,3926.4
ord_22214,upi,1,1251.54
ord_22215,debit_card,1,5660.97
ord_22216,debit_card,1,7298.52
ord_22217,upi,1,13736.95
ord_22218,credit_card,6,26115.31
ord_22219,credit_card,2,5688.69
ord_22220,upi,1,22823.81
ord_22221,wallet,1,1572.52
ord_22222,upi,1,10092.87
ord_22223,upi,1,1431.18
ord_22224,credit_card,4,1768.79
ord_22225,upi,1,16220.7
ord_22226,wallet,1,12458.85
ord_22227,cod,1,2777.1
ord_22228,wallet,1,1608.89
ord_22229,upi,1,1613.33
ord_22230,wallet,1,5816.88
ord_22231,credit_card,2,1215.82
ord_22232,credit_card,6,9132.09
ord_22233,upi,1,535.42
ord_22234,wallet,1,1652.94
ord_22235,credit_card,3,4220.08
ord_22236,credit_card,4,3514.57
ord_22237,credit_card,2,1529.09
ord_22238,debit_card,1,7644.61
ord_22239,upi,1,7084.57
ord_22240,wallet,1,11338.78
ord_22241,wallet,1,3440.39
ord_22242,wallet,1,16674.7
ord_22243,debit_card,1,921.35
ord_22244,upi,1,5859.68
ord_22245,upi,1,3399.81
ord_22246,upi,1,7559.92
ord_22247,upi,1,7051.82
ord_22248,cod,1,8080.48
ord_22249,debit_card,1,1186.62
ord_22250,credit_card,5,1567.52
ord_22251,credit_card,6,20786.49
ord_22252,credit_card,4,1294.92
ord_22253,credit_card,4,8986.3
ord_22254,debit_card,1,1991.97
ord_22255,upi,1,9192.5
ord_22256,upi,1,1086.16
ord_22257,debit_card,1,3171.66
ord_22258,credit_card,2,17209.64
ord_22259,upi,1,1055.83
ord_22260,credit_card,6,1416.15
ord_22261,credit_card,3,4789.57
ord_22262,cod,1,8726.97
ord_22263,upi,1,1031.61
ord_22264,upi,1,13198.06
ord_22265,upi,1,14262.06
ord_22266,debit_card,1,2527.12
ord_22267,debit_card,1,1219.9
ord_22268,debit_card,1,6673.9
ord_22269,upi,1,6637.69
ord_22270,credit_card,6,2982.12
ord_22271,upi,1,563.42
ord_22272,credit_card,4,14253.17
ord_22273,credit_card,6,8025.81
ord_22274,credit_card,5,992.58
ord_22275,upi,1,8804.57
ord_22276,debit_card,1,3066.17
ord_22277,upi,1,451.27
ord_22278,credit_card,4,631.4
ord_22279,upi,1,12312.04
ord_22280,debit_card,1,6515.82
ord_22281,credit_card,1,9226.14
ord_22282,upi,1,2888.38
ord_22283,upi,1,11143.77
ord_22284,upi,1,1616.27
ord_22285,cod,1,2321.76
ord_22286,credit_card,1,168.07
ord_22287,debit_card,1,4693.98
ord_22288,upi,1,1103.49
ord_22289,upi,1,22451.61
ord_22290,debit_card,1,1165.85
ord_22291,credit_card,1,5926.75
ord_22292,credit_card,6,6485.93
ord_22293,credit_card,6,1054.95
ord_22294,credit_card,3,690.04
ord_22295,credit_card,4,956.45
ord_22296,upi,1,851.16
ord_22297,wallet,1,742.98
ord_22298,upi,1,6255.95
ord_22299,credit_card,1,1222.27
ord_22300,cod,1,1402.99
ord_22301,upi,1,1247.8
ord_22302,credit_card,3,16114.96
ord_22303,debit_card,1,2496.62
ord_22304,credit_card,2,1606.54
ord_22305,credit_card,2,664.09
ord_22306,credit_card,5,12725.02
ord_22307,credit_card,6,512.23
ord_22308,credit_card,3,1153.26
ord_22309,credit_card,3,3222.99
ord_22310,debit_card,1,3903.32
ord_22311,upi,1,214.5
ord_22312,debit_card,1,15887.69
ord_22313,cod,1,1462.87
ord_22314,cod,1,1569.69
ord_22315,debit_card,1,4159.36
ord_22316,cod,1,3350.36
ord_22317,credit_card,4,482.67
ord_22318,cod,1,8209.86
ord_22319,upi,1,6384.25
ord_22320,upi,1,866.19
ord_22321,debit_card,1,1921.91
ord_22322,upi,1,4089.41
ord_22323,upi,1,11034.0
ord_22324,credit_card,2,7103.35
ord_22325,upi,1,1044.75
ord_22326,upi,1,7823.08
ord_22327,upi,1,2221.67
ord_22328,upi,1,3383.6
ord_22329,credit_card,6,16527.65
ord_22330,wallet,1,2738.29
ord_22331,credit_card,6,8158.11
ord_22332,credit_card,3,9486.5
ord_22333,credit_card,4,2774.68
ord_22334,wallet,1,5556.59
ord_22335,credit_card,2,2047.64
ord_22336,cod,1,7135.72
ord_22337,upi,1,5888.29
ord_22338,credit_card,6,1609.26
ord_22339,credit_card,5,1489.54
ord_22340,wallet,1,14332.1
ord_22341,upi,1,1950.37
ord_22342,credit_card,1,376.06
ord_22343,upi,1,5789.97
ord_22344,upi,1,1306.98
ord_22345,upi,1,1573.55
ord_22346,upi,1,1218.37
ord_22347,upi,1,10058.39
ord_22348,cod,1,3012.06
ord_22349,cod,1,2727.9
ord_22350,upi,1,2450.9
ord_22351,upi,1,1336.09
ord_22352,upi,1,2002.01
ord_22353,credit_card,5,8834.03
ord_22354,upi,1,367.62
ord_22355,credit_card,2,10560.99
ord_22356,upi,1,8174.06
ord_22357,credit_card,4,3585.32
ord_22358,cod,1,14377.16
ord_22359,upi,1,3264.1
ord_22360,debit_card,1,1278.25
ord_22361,cod,1,10311.78
ord_22362,upi,1,17132.65
ord_22363,credit_card,4,3787.43
ord_22364,cod,1,7474.32
ord_22365,credit_card,3,552.66
ord_22366,upi,1,10128.65
ord_22367,credit_card,3,978.01
ord_22368,upi,1,3937.78
ord_22369,cod,1,1120.91
ord_22370,upi,1,7761.81
ord_22371,debit_card,1,8073.67
ord_22372,credit_card,5,7584.8
ord_22373,upi,1,13219.07
ord_22374,upi,1,6618.91
ord_22375,upi,1,413.0
ord_22376,credit_card,1,1047.21
ord_22377,upi,1,6635.71
ord_22378,upi,1,1296.96
ord_22379,credit_card,3,8898.06
ord_22380,upi,1,829.26
ord_22381,upi,1,589.77
ord_22382,upi,1,434.03
ord_22383,debit_card,1,3079.59
ord_22384,upi,1,8841.65
ord_22385,credit_card,6,1491.53
ord_22386,upi,1,2690.83
ord_22387,debit_card,1,7214.19
ord_22388,upi,1,2245.85
ord_22389,debit_card,1,633.8
ord_22390,wallet,1,2135.16
ord_22391,credit_card,1,669.98
ord_22392,credit_card,1,457.01
ord_22393,upi,1,6162.6
ord_22394,upi,1,9769.55
ord_22395,upi,1,6289.31
ord_22396,upi,1,312.74
ord_22397,upi,1,11688.53
ord_22398,wallet,1,10444.75
ord_22399,credit_card,6,1161.32
ord_22400,credit_card,5,509.76
ord_22401,upi,1,218.43
ord_22402,credit_card,2,1916.25
ord_22403,upi,1,1245.4
ord_22404,upi,1,517.24
ord_22405,upi,1,2012.81
ord_22406,upi,1,7881.08
ord_22407,credit_card,4,7279.62
ord_22408,credit_card,3,877.52
ord_22409,debit_card,1,4052.22
ord_22410,credit_card,5,10346.88
ord_22411,debit_card,1,1661.58
ord_22412,credit_card,3,7370.05
ord_22413,credit_card,2,7952.72
ord_22414,debit_card,1,194.09
ord_22415,upi,1,2709.16
ord_22416,upi,1,3131.38
ord_22417,wallet,1,1580.01
ord_22418,upi,1,14314.61
ord_22419,upi,1,2596.77
ord_22420,wallet,1,2263.38
ord_22421,upi,1,2328.97
ord_22422,wallet,1,1108.43
ord_22423,upi,1,684.18
ord_22424,credit_card,5,2517.87
ord_22425,debit_card,1,236.68
ord_22426,credit_card,5,6781.93
ord_22427,upi,1,2736.37
ord_22428,upi,1,657.25
ord_22429,wallet,1,9467.36
ord_22430,debit_card,1,760.44
ord_22431,upi,1,4085.64
ord_22432,credit_card,2,1179.51
ord_22433,credit_card,2,11930.72
ord_22434,wallet,1,1716.9
ord_22435,credit_card,6,7620.52
ord_22436,credit_card,4,8979.95
ord_22437,upi,1,7179.66
ord_22438,credit_card,3,8125.41
ord_22439,cod,1,4922.73
ord_22440,cod,1,456.11
ord_22441,credit_card,4,6645.95
ord_22442,credit_card,6,10035.17
ord_22443,debit_card,1,986.92
ord_22444,credit_card,2,1213.01
ord_22445,upi,1,1279.0
ord_22446,upi,1,689.52
ord_22447,wallet,1,7267.47
ord_22448,credit_card,6,2964.41
ord_22449,upi,1,849.6
ord_22450,upi,1,814.46
ord_22451,upi,1,1363.54
ord_22452,credit_card,5,7204.34
ord_22453,cod,1,1944.38
ord_22454,upi,1,1033.82
ord_22455,credit_card,2,12301.6
ord_22456,credit_card,3,3035.22
ord_22457,credit_card,2,10045.83
ord_22458,credit_card,3,3451.8
ord_22459,credit_card,4,1530.12
ord_22460,cod,1,2251.6
ord_22461,credit_card,1,3916.13
ord_22462,upi,1,10107.81
ord_22463,upi,1,928.12
ord_22464,credit_card,1,1311.85
ord_22465,debit_card,1,2862.14
ord_22466,cod,1,11240.71
ord_22467,upi,1,20493.97
ord_22468,upi,1,9653.37
ord_22469,upi,1,18602.96
ord_22470,debit_card,1,6387.77
ord_22471,credit_card,4,577.06
ord_22472,debit_card,1,1237.14
ord_22473,wallet,1,9836.28
ord_22474,cod,1,543.05
ord_22475,wallet,1,1364.04
ord_22476,upi,1,8935.54
ord_22477,upi,1,18292.04
ord_22478,upi,1,2002.07
ord_22479,upi,1,1709.76
ord_22480,cod,1,1158.26
ord_22481,upi,1,5776.03
ord_22482,wallet,1,4428.16
ord_22483,debit_card,1,667.43
ord_22484,upi,1,5644.69
ord_22485,upi,1,1722.76
ord_22486,upi,1,907.3
ord_22487,upi,1,15596.6
ord_22488,debit_card,1,13717.06
ord_22489,upi,1,7732.36
ord_22490,upi,1,1676.1
ord_22491,debit_card,1,383.03
ord_22492,cod,1,474.93
ord_22493,wallet,1,3009.58
ord_22494,credit_card,2,826.13
ord_22495,cod,1,12182.44
ord_22496,credit_card,6,1601.48
ord_22497,cod,1,433.21
ord_22498,cod,1,839.65
ord_22499,upi,1,510.55
ord_22500,upi,1,2414.35
ord_22501,credit_card,3,6414.22
ord_22502,credit_card,6,9118.41
ord_22503,credit_card,6,3167.74
ord_22504,upi,1,9865.38
ord_22505,wallet,1,17071.24
ord_22506,upi,1,1599.22
ord_22507,debit_card,1,11982.57
ord_22508,wallet,1,13818.18
ord_22509,upi,1,7870.55
ord_22510,cod,1,12938.69
ord_22511,upi,1,3932.52
ord_22512,upi,1,1175.6
ord_22513,credit_card,4,2592.78
ord_22514,upi,1,8719.66
ord_22515,cod,1,508.35
ord_22516,credit_card,4,4105.81
ord_22517,credit_card,5,4074.0
ord_22518,credit_card,1,2334.71
ord_22519,debit_card,1,2867.38
ord_22520,upi,1,13135.24
ord_22521,upi,1,1685.34
ord_22522,debit_card,1,1364.72
ord_22523,credit_card,5,977.0
ord_22524,credit_card,5,11313.06
ord_22525,cod,1,14451.91
ord_22526,credit_card,5,2075.43
ord_22527,credit_card,2,2170.17
ord_22528,upi,1,1980.31
ord_22529,upi,1,1050.18
ord_22530,upi,1,198.3
ord_22531,credit_card,4,11097.07
ord_22532,wallet,1,12543.1
ord_22533,debit_card,1,1134.08
ord_22534,wallet,1,15886.61
ord_22535,upi,1,1756.21
ord_22536,debit_card,1,464.39
ord_22537,debit_card,1,9019.59
ord_22538,credit_card,2,1996.93
ord_22539,upi,1,1409.25
ord_22540,upi,1,879.66
ord_22541,cod,1,2655.74
ord_22542,cod,1,9877.96
ord_22543,upi,1,1320.61
ord_22544,cod,1,5893.24
ord_22545,cod,1,1319.9
ord_22546,wallet,1,11851.71
ord_22547,upi,1,342.47
ord_22548,credit_card,1,992.65
ord_22549,upi,1,6789.6
ord_22550,wallet,1,702.44
ord_22551,upi,1,3334.28
ord_22552,wallet,1,12053.37
ord_22553,cod,1,5131.1
ord_22554,debit_card,1,7492.35
ord_22555,upi,1,817.8
ord_22556,upi,1,5358.39
ord_22557,debit_card,1,1624.97
ord_22558,credit_card,5,1992.37
ord_22559,cod,1,778.81
ord_22560,upi,1,1027.47
ord_22561,credit_card,5,1117.73
ord_22562,upi,1,7352.32
ord_22563,debit_card,1,7720.65
ord_22564,upi,1,16093.48
ord_22565,upi,1,6410.46
ord_22566,credit_card,4,15496.15
ord_22567,credit_card,6,1508.64
ord_22568,upi,1,12402.32
ord_22569,debit_card,1,7322.05
ord_22570,credit_card,3,4706.52
ord_22571,credit_card,5,5705.64
ord_22572,credit_card,1,1991.7
ord_22573,upi,1,785.74
ord_22574,cod,1,7955.55
ord_22575,upi,1,7320.8
ord_22576,credit_card,4,625.88
ord_22577,credit_card,3,1720.99
ord_22578,cod,1,6950.38
ord_22579,debit_card,1,1022.31
ord_22580,cod,1,2925.53
ord_22581,upi,1,11748.72
ord_22582,debit_card,1,325.29
ord_22583,upi,1,17190.98
ord_22584,upi,1,937.71
ord_22585,wallet,1,1462.25
ord_22586,wallet,1,1253.47
ord_22587,upi,1,9023.25
ord_22588,credit_card,3,554.73
ord_22589,cod,1,5742.69
ord_22590,credit_card,2,1708.16
ord_22591,upi,1,3701.6
ord_22592,upi,1,8961.73
ord_22593,upi,1,6717.2
ord_22594,credit_card,3,1640.9
ord_22595,credit_card,3,298.95
ord_22596,credit_card,5,6244.22
ord_22597,credit_card,4,15734.2
ord_22598,debit_card,1,1718.55
ord_22599,upi,1,3889.88
ord_22600,debit_card,1,1933.23
ord_22601,upi,1,2832.86
ord_22602,wallet,1,5827.16
ord_22603,cod,1,17282.85
ord_22604,upi,1,11262.04
ord_22605,upi,1,1034.21
ord_22606,credit_card,5,3559.67
ord_22607,credit_card,2,8041.22
ord_22608,cod,1,900.28
ord_22609,upi,1,2361.81
ord_22610,debit_card,1,247.77
ord_22611,wallet,1,1294.5
ord_22612,credit_card,4,17086.97
ord_22613,debit_card,1,11893.01
ord_22614,upi,1,1335.61
ord_22615,upi,1,11537.5
ord_22616,wallet,1,11342.47
ord_22617,cod,1,945.46
ord_22618,upi,1,2586.5
ord_22619,upi,1,8811.02
ord_22620,cod,1,12823.55
ord_22621,debit_card,1,11440.23
ord_22622,wallet,1,1236.93
ord_22623,credit_card,3,955.23
ord_22624,upi,1,802.72
ord_22625,cod,1,1245.31
ord_22626,debit_card,1,5181.37
ord_22627,cod,1,3091.76
ord_22628,wallet,1,968.09
ord_22629,cod,1,1467.66
ord_22630,debit_card,1,297.43
ord_22631,upi,1,7543.27
ord_22632,wallet,1,9344.08
ord_22633,cod,1,967.12
ord_22634,debit_card,1,7731.37
ord_22635,upi,1,929.98
ord_22636,upi,1,5417.74
ord_22637,cod,1,5956.03
ord_22638,credit_card,3,20231.05
ord_22639,credit_card,5,15240.91
ord_22640,upi,1,1953.53
ord_22641,upi,1,1023.41
ord_22642,credit_card,6,8732.81
ord_22643,upi,1,11287.85
ord_22644,cod,1,2527.34
ord_22645,debit_card,1,8891.61
ord_22646,upi,1,9722.02
ord_22647,credit_card,6,9922.5
ord_22648,cod,1,2195.83
ord_22649,upi,1,13139.27
ord_22650,wallet,1,6539.72
ord_22651,debit_card,1,478.11
ord_22652,debit_card,1,615.06
ord_22653,upi,1,2600.4
ord_22654,credit_card,1,1959.92
ord_22655,credit_card,1,28312.42
ord_22656,upi,1,1212.14
ord_22657,wallet,1,9109.52
ord_22658,upi,1,8966.7
ord_22659,upi,1,15302.7
ord_22660,upi,1,6460.01
ord_22661,credit_card,4,3908.91
ord_22662,upi,1,3265.1
ord_22663,debit_card,1,8023.26
ord_22664,credit_card,5,545.32
ord_22665,upi,1,1027.99
ord_22666,upi,1,3523.19
ord_22667,upi,1,6174.93
ord_22668,debit_card,1,3644.87
ord_22669,cod,1,8846.93
ord_22670,credit_card,4,621.23
ord_22671,cod,1,6667.24
ord_22672,cod,1,14175.3
ord_22673,credit_card,3,6330.24
ord_22674,credit_card,4,7985.6
ord_22675,credit_card,1,13405.06
ord_22676,upi,1,5093.17
ord_22677,credit_card,3,11905.7
ord_22678,upi,1,9216.75
ord_22679,upi,1,10433.51
ord_22680,credit_card,5,10778.24
ord_22681,cod,1,774.93
ord_22682,upi,1,2118.99
ord_22683,cod,1,462.85
ord_22684,upi,1,8186.26
ord_22685,credit_card,6,1195.76
ord_22686,upi,1,6579.39
ord_22687,cod,1,8753.16
ord_22688,debit_card,1,832.61
ord_22689,cod,1,306.68
ord_22690,cod,1,7911.58
ord_22691,debit_card,1,1917.57
ord_22692,upi,1,1760.05
ord_22693,upi,1,1359.41
ord_22694,upi,1,4336.95
ord_22695,upi,1,13698.15
ord_22696,upi,1,9159.08
ord_22697,credit_card,4,560.29
ord_22698,cod,1,2102.62
ord_22699,upi,1,7417.95
ord_22700,upi,1,5701.3
ord_22701,upi,1,12752.7
ord_22702,credit_card,2,1138.47
ord_22703,cod,1,704.93
ord_22704,cod,1,2961.33
ord_22705,upi,1,7192.17
ord_22706,upi,1,2997.71
ord_22707,cod,1,664.94
ord_22708,cod,1,7203.12
ord_22709,upi,1,794.23
ord_22710,debit_card,1,6391.09
ord_22711,upi,1,1103.14
ord_22712,cod,1,766.18
ord_22713,credit_card,4,6763.21
ord_22714,upi,1,1280.71
ord_22715,wallet,1,895.64
ord_22716,wallet,1,1795.79
ord_22717,upi,1,654.99
ord_22718,cod,1,666.2
ord_22719,credit_card,3,2744.4
ord_22720,debit_card,1,249.53
ord_22721,credit_card,6,933.22
ord_22722,cod,1,524.14
ord_22723,wallet,1,3525.84
ord_22724,credit_card,1,7616.9
ord_22725,credit_card,5,6375.03
ord_22726,upi,1,5430.39
ord_22727,upi,1,1604.9
ord_22728,upi,1,16390.74
ord_22729,debit_card,1,1381.24
ord_22730,credit_card,6,1650.66
ord_22731,debit_card,1,9372.69
ord_22732,upi,1,1308.62
ord_22733,credit_card,5,1130.31
ord_22734,upi,1,2170.11
ord_22735,upi,1,849.66
ord_22736,credit_card,6,1576.92
ord_22737,debit_card,1,10517.59
ord_22738,credit_card,2,3177.0
ord_22739,credit_card,2,1506.64
ord_22740,cod,1,2280.6
ord_22741,wallet,1,466.67
ord_22742,cod,1,225.11
ord_22743,wallet,1,7575.15
ord_22744,debit_card,1,10543.08
ord_22745,upi,1,1489.56
ord_22746,upi,1,22807.16
ord_22747,upi,1,18314.34
ord_22748,credit_card,1,1524.71
ord_22749,upi,1,1282.73
ord_22750,upi,1,8070.75
ord_22751,cod,1,870.9
ord_22752,upi,1,882.37
ord_22753,wallet,1,905.98
ord_22754,debit_card,1,1399.88
ord_22755,credit_card,1,669.97
ord_22756,upi,1,2101.4
ord_22757,upi,1,4905.6
ord_22758,wallet,1,1287.12
ord_22759,upi,1,11185.38
ord_22760,wallet,1,986.44
ord_22761,upi,1,1569.28
ord_22762,credit_card,1,8081.88
ord_22763,cod,1,7976.81
ord_22764,credit_card,5,9298.69
ord_22765,credit_card,4,2057.06
ord_22766,credit_card,5,2084.64
ord_22767,debit_card,1,6085.96
ord_22768,wallet,1,1758.23
ord_22769,credit_card,6,3357.2
ord_22770,cod,1,6073.2
ord_22771,credit_card,1,1337.19
ord_22772,credit_card,4,2846.34
ord_22773,upi,1,3499.31
ord_22774,cod,1,4427.01
ord_22775,upi,1,1167.27
ord_22776,upi,1,1541.71
ord_22777,wallet,1,471.09
ord_22778,cod,1,16004.54
ord_22779,credit_card,5,3141.16
ord_22780,cod,1,1528.46
ord_22781,upi,1,1528.67
ord_22782,upi,1,358.51
ord_22783,credit_card,5,483.54
ord_22784,credit_card,6,274.74
ord_22785,credit_card,6,6042.79
ord_22786,credit_card,3,1135.65
ord_22787,upi,1,6110.76
ord_22788,credit_card,5,5607.39
ord_22789,upi,1,2336.67
ord_22790,upi,1,3538.0
ord_22791,upi,1,1823.71
ord_22792,credit_card,5,1806.59
ord_22793,cod,1,2698.31
ord_22794,debit_card,1,545.13
ord_22795,cod,1,8457.91
ord_22796,cod,1,5403.12
ord_22797,upi,1,6773.95
ord_22798,upi,1,2987.43
ord_22799,credit_card,5,9714.6
ord_22800,wallet,1,2009.16
ord_22801,credit_card,3,3511.12
ord_22802,upi,1,18011.52
ord_22803,upi,1,1355.29
ord_22804,cod,1,8398.96
ord_22805,credit_card,2,6438.51
ord_22806,wallet,1,332.93
ord_22807,upi,1,9133.28
ord_22808,cod,1,1824.93
ord_22809,upi,1,7836.56
ord_22810,upi,1,9679.08
ord_22811,cod,1,11148.35
ord_22812,upi,1,2274.31
ord_22813,debit_card,1,983.81
ord_22814,debit_card,1,2344.88
ord_22815,upi,1,1523.41
ord_22816,upi,1,3408.28
ord_22817,cod,1,2237.21
ord_22818,wallet,1,702.2
ord_22819,upi,1,769.29
ord_22820,cod,1,557.25
ord_22821,upi,1,7132.07
ord_22822,upi,1,9822.29
ord_22823,debit_card,1,1763.58
ord_22824,debit_card,1,3203.84
ord_22825,cod,1,7372.73
ord_22826,wallet,1,5894.73
ord_22827,cod,1,1319.48
ord_22828,upi,1,1502.52
ord_22829,upi,1,2278.33
ord_22830,cod,1,843.21
ord_22831,cod,1,16678.15
ord_22832,upi,1,3842.12
ord_22833,upi,1,1657.85
ord_22834,debit_card,1,6011.57
ord_22835,wallet,1,926.21
ord_22836,upi,1,4276.81
ord_22837,credit_card,5,3313.1
ord_22838,upi,1,3405.44
ord_22839,wallet,1,1275.45
ord_22840,credit_card,4,742.52
ord_22841,cod,1,494.84
ord_22842,upi,1,9796.74
ord_22843,credit_card,3,12465.34
ord_22844,upi,1,630.6
ord_22845,upi,1,9484.56
ord_22846,credit_card,5,1089.65
ord_22847,upi,1,8926.74
ord_22848,cod,1,3245.6
ord_22849,upi,1,9512.77
ord_22850,upi,1,5678.66
ord_22851,upi,1,12460.97
ord_22852,wallet,1,8382.15
ord_22853,credit_card,4,9766.14
ord_22854,credit_card,6,5050.65
ord_22855,wallet,1,1939.45
ord_22856,credit_card,5,9267.94
ord_22857,credit_card,6,10262.7
ord_22858,credit_card,4,9447.65
ord_22859,credit_card,2,8919.13
ord_22860,upi,1,1861.95
ord_22861,credit_card,1,540.1
ord_22862,upi,1,6396.99
ord_22863,debit_card,1,3094.26
ord_22864,credit_card,5,903.71
ord_22865,cod,1,3058.94
ord_22866,upi,1,2465.69
ord_22867,cod,1,408.75
ord_22868,cod,1,8509.67
ord_22869,credit_card,1,2053.78
ord_22870,credit_card,1,9670.92
ord_22871,credit_card,5,452.51
ord_22872,debit_card,1,7895.76
ord_22873,debit_card,1,1764.65
ord_22874,wallet,1,4465.27
ord_22875,upi,1,4230.89
ord_22876,wallet,1,4694.74
ord_22877,credit_card,6,3066.98
ord_22878,upi,1,543.68
ord_22879,upi,1,4848.62
ord_22880,cod,1,2863.92
ord_22881,upi,1,773.29
ord_22882,wallet,1,1180.54
ord_22883,upi,1,711.36
ord_22884,cod,1,1293.0
ord_22885,credit_card,6,1747.72
ord_22886,cod,1,10309.74
ord_22887,credit_card,4,7897.78
ord_22888,wallet,1,3642.87
ord_22889,upi,1,3310.97
ord_22890,upi,1,310.33
ord_22891,upi,1,10965.38
ord_22892,credit_card,5,1339.2
ord_22893,upi,1,1896.49
ord_22894,upi,1,804.29
ord_22895,cod,1,9995.19
ord_22896,credit_card,3,522.1
ord_22897,credit_card,5,2138.34
ord_22898,wallet,1,6639.43
ord_22899,credit_card,5,997.92
ord_22900,credit_card,2,7668.65
ord_22901,credit_card,6,8071.61
ord_22902,upi,1,3906.5
ord_22903,credit_card,3,1915.58
ord_22904,wallet,1,1945.11
ord_22905,wallet,1,1605.65
ord_22906,upi,1,923.19
ord_22907,upi,1,15223.1
ord_22908,credit_card,6,2768.46
ord_22909,debit_card,1,1205.9
ord_22910,upi,1,1544.88
ord_22911,upi,1,13420.96
ord_22912,upi,1,13682.28
ord_22913,debit_card,1,534.87
ord_22914,upi,1,29877.04
ord_22915,upi,1,681.7
ord_22916,debit_card,1,404.03
ord_22917,upi,1,5519.59
ord_22918,upi,1,458.64
ord_22919,upi,1,297.36
ord_22920,wallet,1,6520.31
ord_22921,upi,1,263.82
ord_22922,wallet,1,6667.83
ord_22923,upi,1,1228.23
ord_22924,upi,1,1818.15
ord_22925,credit_card,6,15964.58
ord_22926,credit_card,3,1084.6
ord_22927,debit_card,1,1500.49
ord_22928,upi,1,3259.03
ord_22929,upi,1,1421.47
ord_22930,wallet,1,5596.72
ord_22931,upi,1,14351.87
ord_22932,upi,1,1027.84
ord_22933,debit_card,1,10133.25
ord_22934,cod,1,859.74
ord_22935,upi,1,1070.3
ord_22936,upi,1,568.79
ord_22937,upi,1,525.39
ord_22938,cod,1,6648.36
ord_22939,debit_card,1,5972.3
ord_22940,credit_card,2,936.18
ord_22941,credit_card,4,8068.99
ord_22942,credit_card,2,1949.64
ord_22943,upi,1,1482.72
ord_22944,upi,1,3409.8
ord_22945,credit_card,6,448.63
ord_22946,credit_card,2,1810.52
ord_22947,debit_card,1,1082.21
ord_22948,credit_card,1,4237.6
ord_22949,wallet,1,22321.18
ord_22950,upi,1,526.37
ord_22951,credit_card,5,538.06
ord_22952,credit_card,3,2244.64
ord_22953,upi,1,7216.85
ord_22954,wallet,1,641.13
ord_22955,debit_card,1,1603.97
ord_22956,upi,1,3386.46
ord_22957,credit_card,2,1795.63
ord_22958,upi,1,7223.35
ord_22959,credit_card,4,1983.86
ord_22960,upi,1,6841.31
ord_22961,credit_card,3,2178.29
ord_22962,credit_card,5,1422.05
ord_22963,upi,1,8737.04
ord_22964,debit_card,1,1663.99
ord_22965,credit_card,1,2485.35
ord_22966,debit_card,1,1929.15
ord_22967,upi,1,242.45
ord_22968,cod,1,771.58
ord_22969,upi,1,5689.88
ord_22970,debit_card,1,6992.18
ord_22971,cod,1,8815.99
ord_22972,credit_card,4,8540.83
ord_22973,upi,1,537.06
ord_22974,upi,1,18293.18
ord_22975,upi,1,6791.39
ord_22976,upi,1,7234.87
ord_22977,upi,1,911.48
ord_22978,wallet,1,7506.73
ord_22979,wallet,1,1751.22
ord_22980,wallet,1,6530.28
ord_22981,upi,1,13891.77
ord_22982,credit_card,1,1534.75
ord_22983,upi,1,7023.53
ord_22984,cod,1,2831.45
ord_22985,upi,1,6909.25
ord_22986,upi,1,2202.14
ord_22987,credit_card,3,6771.09
ord_22988,cod,1,12642.45
ord_22989,credit_card,3,22807.05
ord_22990,upi,1,7024.4
ord_22991,debit_card,1,16536.15
ord_22992,upi,1,8233.2
ord_22993,debit_card,1,505.78
ord_22994,credit_card,1,1318.02
ord_22995,debit_card,1,3388.7
ord_22996,upi,1,1038.09
ord_22997,upi,1,1217.12
ord_22998,upi,1,23594.52
ord_22999,cod,1,6858.36
ord_23000,credit_card,5,923.26
ord_23001,upi,1,778.9
ord_23002,upi,1,398.88
ord_23003,upi,1,8607.69
ord_23004,upi,1,1698.77
ord_23005,debit_card,1,1248.48
ord_23006,debit_card,1,2099.16
ord_23007,debit_card,1,14300.01
ord_23008,credit_card,6,2187.52
ord_23009,wallet,1,1914.29
ord_23010,wallet,1,5970.14
ord_23011,upi,1,721.48
ord_23012,wallet,1,7009.88
ord_23013,credit_card,6,10717.23
ord_23014,debit_card,1,434.84
ord_23015,debit_card,1,7383.06
ord_23016,upi,1,3918.25
ord_23017,cod,1,1226.97
ord_23018,upi,1,5917.14
ord_23019,credit_card,6,7114.93
ord_23020,cod,1,1970.86
ord_23021,cod,1,2564.78
ord_23022,debit_card,1,17836.01
ord_23023,cod,1,1743.53
ord_23024,credit_card,5,2369.53
ord_23025,upi,1,8352.13
ord_23026,upi,1,16863.73
ord_23027,credit_card,4,5948.74
ord_23028,credit_card,3,627.92
ord_23029,upi,1,1872.85
ord_23030,credit_card,4,990.55
ord_23031,credit_card,6,3612.66
ord_23032,debit_card,1,18837.49
ord_23033,credit_card,2,990.29
ord_23034,debit_card,1,15781.11
ord_23035,credit_card,6,2989.28
ord_23036,upi,1,30202.46
ord_23037,cod,1,22808.5
ord_23038,debit_card,1,1174.95
ord_23039,cod,1,554.14
ord_23040,upi,1,7473.63
ord_23041,credit_card,1,10519.55
ord_23042,credit_card,1,6074.97
ord_23043,upi,1,738.09
ord_23044,debit_card,1,8637.94
ord_23045,wallet,1,881.32
ord_23046,debit_card,1,9435.48
ord_23047,upi,1,3233.98
ord_23048,credit_card,1,1812.0
ord_23049,cod,1,1936.99
ord_23050,upi,1,2394.62
ord_23051,upi,1,3417.21
ord_23052,credit_card,2,2899.36
ord_23053,upi,1,3243.62
ord_23054,upi,1,15093.15
ord_23055,upi,1,9594.38
ord_23056,credit_card,4,6622.18
ord_23057,upi,1,10481.01
ord_23058,credit_card,4,632.53
ord_23059,upi,1,3751.21
ord_23060,upi,1,3490.29
ord_23061,credit_card,4,11376.04
ord_23062,credit_card,4,8091.49
ord_23063,credit_card,2,327.28
ord_23064,upi,1,1094.31
ord_23065,upi,1,2329.68
ord_23066,credit_card,2,7764.71
ord_23067,upi,1,1389.43
ord_23068,credit_card,6,9537.97
ord_23069,credit_card,4,6083.64
ord_23070,wallet,1,9506.8
ord_23071,debit_card,1,1271.12
ord_23072,upi,1,14184.08
ord_23073,upi,1,1120.39
ord_23074,upi,1,6756.44
ord_23075,debit_card,1,6704.84
ord_23076,wallet,1,3448.44
ord_23077,debit_card,1,11721.48
ord_23078,credit_card,4,1186.54
ord_23079,credit_card,2,9542.62
ord_23080,upi,1,2257.71
ord_23081,upi,1,1095.35
ord_23082,debit_card,1,1374.78
ord_23083,upi,1,16130.96
ord_23084,debit_card,1,4924.93
ord_23085,credit_card,3,19166.32
ord_23086,upi,1,6972.77
ord_23087,upi,1,645.07
ord_23088,upi,1,3821.92
ord_23089,cod,1,14312.62
ord_23090,credit_card,6,1810.84
ord_23091,debit_card,1,2455.91
ord_23092,credit_card,1,7130.79
ord_23093,upi,1,7748.87
ord_23094,credit_card,6,9430.85
ord_23095,upi,1,774.49
ord_23096,upi,1,670.18
ord_23097,credit_card,4,3689.67
ord_23098,debit_card,1,8434.81
ord_23099,upi,1,9713.0
ord_23100,cod,1,1631.55
ord_23101,wallet,1,1199.29
ord_23102,debit_card,1,3359.82
ord_23103,wallet,1,820.59
ord_23104,credit_card,3,9583.65
ord_23105,credit_card,4,13338.53
ord_23106,debit_card,1,3136.4
ord_23107,cod,1,10876.64
ord_23108,wallet,1,861.96
ord_23109,upi,1,252.98
ord_23110,upi,1,2032.49
ord_23111,credit_card,4,961.84
ord_23112,cod,1,1924.11
ord_23113,credit_card,1,7212.42
ord_23114,upi,1,1704.92
ord_23115,wallet,1,1689.5
ord_23116,credit_card,5,5757.1
ord_23117,credit_card,5,2396.96
ord_23118,credit_card,3,7959.23
ord_23119,upi,1,6287.02
ord_23120,debit_card,1,1879.12
ord_23121,upi,1,14133.57
ord_23122,debit_card,1,6262.89
ord_23123,debit_card,1,886.81
ord_23124,credit_card,4,17398.08
ord_23125,debit_card,1,1233.69
ord_23126,wallet,1,1821.13
ord_23127,upi,1,1436.6
ord_23128,wallet,1,1843.63
ord_23129,upi,1,6296.23
ord_23130,upi,1,1169.59
ord_23131,wallet,1,3909.04
ord_23132,wallet,1,1477.88
ord_23133,upi,1,1806.67
ord_23134,upi,1,892.64
ord_23135,credit_card,2,6021.1
ord_23136,credit_card,6,10107.97
ord_23137,cod,1,459.01
ord_23138,credit_card,5,10371.83
ord_23139,credit_card,2,7000.91
ord_23140,upi,1,17183.71
ord_23141,wallet,1,10324.93
ord_23142,upi,1,718.67
ord_23143,upi,1,7178.52
ord_23144,upi,1,6061.59
ord_23145,credit_card,5,2500.3
ord_23146,cod,1,7769.89
ord_23147,upi,1,1774.62
ord_23148,upi,1,4898.65
ord_23149,wallet,1,7579.34
ord_23150,upi,1,755.99
ord_23151,upi,1,1018.47
ord_23152,debit_card,1,344.94
ord_23153,upi,1,2876.44
ord_23154,upi,1,12330.88
ord_23155,upi,1,3618.29
ord_23156,credit_card,3,2455.4
ord_23157,upi,1,2689.44
ord_23158,credit_card,3,10063.1
ord_23159,wallet,1,1166.14
ord_23160,upi,1,1658.69
ord_23161,cod,1,3029.55
ord_23162,debit_card,1,13673.77
ord_23163,credit_card,3,748.87
ord_23164,credit_card,6,7144.68
ord_23165,credit_card,2,3722.38
ord_23166,wallet,1,7696.32
ord_23167,wallet,1,1409.36
ord_23168,upi,1,1239.81
ord_23169,upi,1,978.89
ord_23170,upi,1,14443.5
ord_23171,credit_card,1,7930.76
ord_23172,upi,1,374.5
ord_23173,credit_card,3,1991.43
ord_23174,credit_card,2,11022.85
ord_23175,debit_card,1,3334.23
ord_23176,upi,1,15344.69
ord_23177,credit_card,2,4915.76
ord_23178,upi,1,2804.78
ord_23179,upi,1,3543.63
ord_23180,upi,1,1992.28
ord_23181,wallet,1,11248.36
ord_23182,wallet,1,4689.63
ord_23183,debit_card,1,1388.58
ord_23184,wallet,1,5491.46
ord_23185,cod,1,913.02
ord_23186,credit_card,1,962.79
ord_23187,cod,1,5393.87
ord_23188,cod,1,4677.58
ord_23189,cod,1,781.37
ord_23190,upi,1,8868.48
ord_23191,credit_card,1,4243.41
ord_23192,credit_card,6,3134.75
ord_23193,upi,1,4159.99
ord_23194,upi,1,3112.1
ord_23195,cod,1,571.85
ord_23196,upi,1,866.52
ord_23197,credit_card,6,15218.98
ord_23198,upi,1,16742.29
ord_23199,cod,1,1642.45
ord_23200,upi,1,2270.24
ord_23201,cod,1,3008.75
ord_23202,upi,1,5941.43
ord_23203,upi,1,2079.54
ord_23204,upi,1,1048.61
ord_23205,upi,1,1292.16
ord_23206,upi,1,1303.5
ord_23207,upi,1,938.56
ord_23208,cod,1,4646.86
ord_23209,debit_card,1,2223.88
ord_23210,credit_card,5,1995.02
ord_23211,upi,1,1466.92
ord_23212,upi,1,7241.0
ord_23213,upi,1,2121.88
ord_23214,credit_card,6,3099.99
ord_23215,cod,1,2963.37
ord_23216,upi,1,3914.27
ord_23217,upi,1,4855.35
ord_23218,cod,1,5359.55
ord_23219,credit_card,4,3104.36
ord_23220,credit_card,5,1756.39
ord_23221,wallet,1,350.5
ord_23222,credit_card,2,6052.0
ord_23223,upi,1,9280.73
ord_23224,debit_card,1,7922.5
ord_23225,debit_card,1,24394.83
ord_23226,cod,1,4788.81
ord_23227,upi,1,6510.58
ord_23228,credit_card,2,1289.5
ord_23229,debit_card,1,3608.17
ord_23230,wallet,1,9402.97
ord_23231,debit_card,1,663.51
ord_23232,upi,1,1383.75
ord_23233,cod,1,1897.54
ord_23234,debit_card,1,991.66
ord_23235,credit_card,2,5902.93
ord_23236,credit_card,5,1106.56
ord_23237,cod,1,5513.52
ord_23238,debit_card,1,449.92
ord_23239,upi,1,279.12
ord_23240,credit_card,6,842.44
ord_23241,upi,1,898.7
ord_23242,wallet,1,1822.46
ord_23243,upi,1,2329.15
ord_23244,wallet,1,2835.51
ord_23245,debit_card,1,7318.77
ord_23246,upi,1,4300.37
ord_23247,upi,1,1406.04
ord_23248,debit_card,1,1584.98
ord_23249,cod,1,10268.6
ord_23250,upi,1,3806.06
ord_23251,wallet,1,5509.3
ord_23252,debit_card,1,10590.7
ord_23253,debit_card,1,443.51
ord_23254,upi,1,2789.81
ord_23255,credit_card,6,1002.68
ord_23256,credit_card,3,515.6
ord_23257,cod,1,4191.79
ord_23258,wallet,1,9788.7
ord_23259,debit_card,1,9694.08
ord_23260,credit_card,6,2342.88
ord_23261,cod,1,10968.51
ord_23262,debit_card,1,4851.17
ord_23263,credit_card,4,1553.16
ord_23264,upi,1,606.87
ord_23265,wallet,1,837.1
ord_23266,credit_card,6,946.11
ord_23267,wallet,1,8097.66
ord_23268,cod,1,1392.77
ord_23269,debit_card,1,1056.08
ord_23270,cod,1,1564.84
ord_23271,credit_card,2,758.25
ord_23272,wallet,1,2440.42
ord_23273,credit_card,5,8905.08
ord_23274,credit_card,5,9966.53
ord_23275,upi,1,5749.99
ord_23276,wallet,1,9116.45
ord_23277,credit_card,3,7056.73
ord_23278,wallet,1,4197.44
ord_23279,credit_card,3,8252.99
ord_23280,upi,1,11677.58
ord_23281,wallet,1,579.22
ord_23282,debit_card,1,680.21
ord_23283,upi,1,673.83
ord_23284,upi,1,9227.42
ord_23285,credit_card,5,18515.36
ord_23286,credit_card,6,2298.46
ord_23287,credit_card,3,1454.8
ord_23288,debit_card,1,4427.91
ord_23289,upi,1,3427.76
ord_23290,credit_card,6,6247.24
ord_23291,cod,1,5417.64
ord_23292,upi,1,2664.41
ord_23293,credit_card,5,4286.74
ord_23294,credit_card,3,3359.97
ord_23295,credit_card,1,6961.12
ord_23296,cod,1,11723.6
ord_23297,upi,1,3967.3
ord_23298,upi,1,2243.47
ord_23299,upi,1,790.09
ord_23300,upi,1,16674.52
ord_23301,wallet,1,8876.2
ord_23302,upi,1,10709.75
ord_23303,upi,1,6419.88
ord_23304,upi,1,11578.65
ord_23305,wallet,1,2144.66
ord_23306,upi,1,3362.94
ord_23307,cod,1,3800.12
ord_23308,debit_card,1,2413.55
ord_23309,upi,1,526.27
ord_23310,credit_card,3,2810.3
ord_23311,upi,1,3667.24
ord_23312,wallet,1,3470.05
ord_23313,debit_card,1,16011.96
ord_23314,wallet,1,2358.75
ord_23315,cod,1,887.87
ord_23316,credit_card,3,6217.38
ord_23317,credit_card,5,1904.38
ord_23318,upi,1,1653.03
ord_23319,upi,1,1714.5
ord_23320,upi,1,10379.22
ord_23321,credit_card,5,16012.45
ord_23322,wallet,1,608.19
ord_23323,upi,1,2816.23
ord_23324,upi,1,9613.04
ord_23325,credit_card,1,1538.55
ord_23326,credit_card,4,1019.54
ord_23327,upi,1,1688.4
ord_23328,credit_card,1,6343.61
ord_23329,upi,1,5631.52
ord_23330,upi,1,413.91
ord_23331,credit_card,2,7702.45
ord_23332,upi,1,9828.11
ord_23333,credit_card,2,7040.94
ord_23334,credit_card,3,10295.18
ord_23335,debit_card,1,9461.31
ord_23336,credit_card,5,6295.53
ord_23337,credit_card,5,668.8
ord_23338,wallet,1,2440.67
ord_23339,wallet,1,625.81
ord_23340,upi,1,1217.19
ord_23341,wallet,1,2779.89
ord_23342,upi,1,4034.68
ord_23343,credit_card,6,2507.04
ord_23344,upi,1,5357.66
ord_23345,credit_card,3,8670.17
ord_23346,upi,1,1452.1
ord_23347,upi,1,1236.07
ord_23348,credit_card,4,4496.67
ord_23349,credit_card,4,1425.92
ord_23350,debit_card,1,1625.36
ord_23351,upi,1,9430.75
ord_23352,credit_card,1,6751.66
ord_23353,credit_card,3,9431.6
ord_23354,wallet,1,10707.15
ord_23355,credit_card,2,11865.75
ord_23356,wallet,1,9847.14
ord_23357,credit_card,1,5048.4
ord_23358,upi,1,3092.2
ord_23359,cod,1,2625.51
ord_23360,upi,1,6879.91
ord_23361,cod,1,3750.71
ord_23362,cod,1,5783.5
ord_23363,cod,1,576.95
ord_23364,credit_card,5,3967.82
ord_23365,debit_card,1,981.55
ord_23366,credit_card,6,1938.21
ord_23367,upi,1,7055.86
ord_23368,debit_card,1,9061.65
ord_23369,cod,1,811.8
ord_23370,cod,1,2634.55
ord_23371,upi,1,1134.63
ord_23372,credit_card,4,7365.0
ord_23373,credit_card,2,8378.94
ord_23374,upi,1,15427.62
ord_23375,upi,1,1934.94
ord_23376,credit_card,4,7933.58
ord_23377,upi,1,6292.14
ord_23378,upi,1,9864.71
ord_23379,cod,1,7848.19
ord_23380,upi,1,17622.98
ord_23381,upi,1,4295.21
ord_23382,wallet,1,13040.28
ord_23383,upi,1,10902.21
ord_23384,credit_card,1,11370.27
ord_23385,upi,1,6624.47
ord_23386,credit_card,3,11629.26
ord_23387,upi,1,14741.69
ord_23388,credit_card,6,2207.8
ord_23389,upi,1,14163.84
ord_23390,upi,1,2862.37
ord_23391,debit_card,1,11148.4
ord_23392,credit_card,6,2604.65
ord_23393,cod,1,12682.86
ord_23394,credit_card,3,7699.78
ord_23395,upi,1,5496.61
ord_23396,upi,1,10747.75
ord_23397,upi,1,7228.85
ord_23398,cod,1,5851.08
ord_23399,debit_card,1,1180.57
ord_23400,upi,1,2961.61
ord_23401,upi,1,17507.53
ord_23402,upi,1,11986.03
ord_23403,debit_card,1,1540.25
ord_23404,credit_card,5,1447.44
ord_23405,credit_card,5,11840.71
ord_23406,upi,1,1403.0
ord_23407,upi,1,6001.04
ord_23408,wallet,1,3120.86
ord_23409,upi,1,1769.94
ord_23410,credit_card,6,1612.77
ord_23411,wallet,1,2317.05
ord_23412,debit_card,1,22365.7
ord_23413,upi,1,10359.29
ord_23414,credit_card,1,3406.61
ord_23415,cod,1,403.42
ord_23416,credit_card,2,1115.91
ord_23417,upi,1,3754.12
ord_23418,credit_card,6,1737.69
ord_23419,wallet,1,8806.61
ord_23420,cod,1,11046.88
ord_23421,wallet,1,7200.32
ord_23422,upi,1,8640.6
ord_23423,upi,1,4716.53
ord_23424,debit_card,1,5561.5
ord_23425,credit_card,3,2167.69
ord_23426,upi,1,1734.84
ord_23427,cod,1,1408.35
ord_23428,credit_card,1,10092.03
ord_23429,wallet,1,13221.73
ord_23430,upi,1,863.05
ord_23431,credit_card,2,3047.97
ord_23432,upi,1,809.28
ord_23433,wallet,1,18434.29
ord_23434,cod,1,2408.19
ord_23435,debit_card,1,2012.58
ord_23436,cod,1,8504.7
ord_23437,credit_card,3,6817.05
ord_23438,upi,1,808.25
ord_23439,cod,1,1506.71
ord_23440,upi,1,1124.03
ord_23441,credit_card,6,1145.35
ord_23442,credit_card,6,2653.23
ord_23443,wallet,1,529.49
ord_23444,upi,1,2148.59
ord_23445,cod,1,726.22
ord_23446,wallet,1,1258.54
ord_23447,debit_card,1,971.6
ord_23448,debit_card,1,1339.4
ord_23449,credit_card,3,3527.37
ord_23450,credit_card,3,22503.0
ord_23451,wallet,1,2611.42
ord_23452,upi,1,743.67
ord_23453,debit_card,1,2089.13
ord_23454,credit_card,6,15346.7
ord_23455,credit_card,2,6251.09
ord_23456,credit_card,6,16147.82
ord_23457,credit_card,3,1717.9
ord_23458,upi,1,17660.94
ord_23459,upi,1,1467.49
ord_23460,upi,1,4587.82
ord_23461,credit_card,2,2028.58
ord_23462,debit_card,1,5876.25
ord_23463,debit_card,1,5823.41
ord_23464,cod,1,1199.77
ord_23465,upi,1,8045.33
ord_23466,credit_card,1,2964.42
ord_23467,upi,1,10128.11
ord_23468,wallet,1,7461.78
ord_23469,credit_card,6,10765.9
ord_23470,cod,1,1747.08
ord_23471,credit_card,2,502.23
ord_23472,credit_card,6,6895.55
ord_23473,credit_card,3,6614.69
ord_23474,credit_card,2,1522.94
ord_23475,upi,1,6330.38
ord_23476,upi,1,18125.51
ord_23477,upi,1,8061.31
ord_23478,wallet,1,2192.36
ord_23479,upi,1,1668.91
ord_23480,cod,1,446.68
ord_23481,credit_card,3,8872.17
ord_23482,cod,1,8840.31
ord_23483,credit_card,6,8013.19
ord_23484,upi,1,2191.61
ord_23485,cod,1,3565.55
ord_23486,wallet,1,5665.31
ord_23487,upi,1,19436.37
ord_23488,credit_card,3,2111.61
ord_23489,wallet,1,7672.76
ord_23490,cod,1,5843.72
ord_23491,upi,1,2682.26
ord_23492,credit_card,3,4941.5
ord_23493,upi,1,1796.45
ord_23494,credit_card,2,1510.1
ord_23495,credit_card,1,5517.07
ord_23496,cod,1,6736.85
ord_23497,credit_card,6,10160.79
ord_23498,credit_card,6,341.19
ord_23499,debit_card,1,13606.86
ord_23500,credit_card,4,7129.25
ord_23501,cod,1,8361.27
ord_23502,credit_card,1,1596.95
ord_23503,credit_card,1,9411.39
ord_23504,credit_card,3,5459.28
ord_23505,credit_card,6,1848.08
ord_23506,upi,1,1348.76
ord_23507,credit_card,3,393.9
ord_23508,debit_card,1,3019.35
ord_23509,upi,1,1087.2
ord_23510,upi,1,702.98
ord_23511,credit_card,3,3429.19
ord_23512,upi,1,12877.61
ord_23513,credit_card,3,2336.56
ord_23514,upi,1,1226.35
ord_23515,upi,1,2021.8
ord_23516,upi,1,1082.05
ord_23517,debit_card,1,605.54
ord_23518,cod,1,1629.9
ord_23519,upi,1,4563.56
ord_23520,upi,1,512.51
ord_23521,credit_card,3,611.44
ord_23522,credit_card,1,2735.61
ord_23523,debit_card,1,1310.88
ord_23524,wallet,1,1278.59
ord_23525,credit_card,3,15833.25
ord_23526,credit_card,5,9392.54
ord_23527,upi,1,2671.46
ord_23528,credit_card,6,970.1
ord_23529,credit_card,5,431.27
ord_23530,credit_card,3,8828.73
ord_23531,upi,1,8347.04
ord_23532,cod,1,3228.61
ord_23533,upi,1,1265.87
ord_23534,credit_card,5,1077.46
ord_23535,upi,1,1105.11
ord_23536,debit_card,1,1663.76
ord_23537,credit_card,3,955.72
ord_23538,upi,1,305.62
ord_23539,upi,1,9520.28
ord_23540,credit_card,2,3419.01
ord_23541,debit_card,1,1569.67
ord_23542,debit_card,1,428.81
ord_23543,cod,1,7238.42
ord_23544,wallet,1,1191.3
ord_23545,credit_card,3,9184.74
ord_23546,upi,1,13261.02
ord_23547,upi,1,627.84
ord_23548,upi,1,9162.15
ord_23549,credit_card,4,11399.19
ord_23550,credit_card,2,1962.76
ord_23551,upi,1,2087.82
ord_23552,credit_card,4,1354.79
ord_23553,upi,1,1162.78
ord_23554,credit_card,6,9138.64
ord_23555,debit_card,1,2913.43
ord_23556,upi,1,12767.94
ord_23557,upi,1,4184.89
ord_23558,credit_card,6,9767.92
ord_23559,upi,1,757.56
ord_23560,upi,1,7700.29
ord_23561,upi,1,1472.26
ord_23562,cod,1,494.13
ord_23563,cod,1,1996.53
ord_23564,cod,1,1795.55
ord_23565,cod,1,8130.42
ord_23566,upi,1,709.29
ord_23567,credit_card,2,1559.03
ord_23568,credit_card,4,3749.68
ord_23569,wallet,1,11948.44
ord_23570,cod,1,434.74
ord_23571,credit_card,4,2811.51
ord_23572,cod,1,744.85
ord_23573,upi,1,443.77
ord_23574,cod,1,529.66
ord_23575,cod,1,3194.99
ord_23576,debit_card,1,884.57
ord_23577,debit_card,1,1493.21
ord_23578,wallet,1,414.58
ord_23579,upi,1,11667.71
ord_23580,upi,1,643.37
ord_23581,wallet,1,665.91
ord_23582,credit_card,6,4977.34
ord_23583,credit_card,6,954.35
ord_23584,credit_card,5,7996.68
ord_23585,credit_card,6,1668.42
ord_23586,cod,1,8976.31
ord_23587,wallet,1,296.58
ord_23588,debit_card,1,733.35
ord_23589,credit_card,3,6509.71
ord_23590,upi,1,2389.43
ord_23591,upi,1,692.58
ord_23592,upi,1,2070.05
ord_23593,cod,1,5641.28
ord_23594,upi,1,2003.38
ord_23595,cod,1,920.45
ord_23596,upi,1,474.9
ord_23597,credit_card,3,2620.96
ord_23598,wallet,1,1199.55
ord_23599,upi,1,2450.24
ord_23600,debit_card,1,1791.3
ord_23601,credit_card,3,363.19
ord_23602,upi,1,16943.14
ord_23603,upi,1,195.63
ord_23604,upi,1,514.97
ord_23605,cod,1,12932.45
ord_23606,cod,1,3618.44
ord_23607,upi,1,9070.73
ord_23608,upi,1,12391.3
ord_23609,cod,1,2823.37
ord_23610,upi,1,9677.43
ord_23611,wallet,1,8089.14
ord_23612,credit_card,2,1524.99
ord_23613,debit_card,1,4840.07
ord_23614,debit_card,1,6582.21
ord_23615,upi,1,459.6
ord_23616,credit_card,1,14969.65
ord_23617,debit_card,1,2435.72
ord_23618,upi,1,616.29
ord_23619,wallet,1,5259.3
ord_23620,upi,1,5750.17
ord_23621,cod,1,1317.24
ord_23622,credit_card,6,1416.79
ord_23623,upi,1,2005.57
ord_23624,upi,1,1421.66
ord_23625,wallet,1,1388.93
ord_23626,credit_card,4,845.68
ord_23627,wallet,1,1929.7
ord_23628,credit_card,1,2441.03
ord_23629,debit_card,1,1492.58
ord_23630,credit_card,2,1098.96
ord_23631,wallet,1,16495.22
ord_23632,debit_card,1,1531.73
ord_23633,upi,1,1292.08
ord_23634,credit_card,2,5975.47
ord_23635,upi,1,1488.01
ord_23636,cod,1,1736.41
ord_23637,credit_card,2,9504.11
ord_23638,credit_card,4,205.34
ord_23639,credit_card,6,8357.43
ord_23640,credit_card,5,2163.98
ord_23641,credit_card,3,10484.79
ord_23642,credit_card,6,6625.57
ord_23643,upi,1,967.83
ord_23644,credit_card,2,17063.5
ord_23645,credit_card,2,9084.91
ord_23646,upi,1,1387.49
ord_23647,credit_card,1,7461.14
ord_23648,upi,1,16563.23
ord_23649,debit_card,1,2188.08
ord_23650,upi,1,696.26
ord_23651,upi,1,1803.55
ord_23652,credit_card,4,7738.94
ord_23653,upi,1,7561.63
ord_23654,credit_card,5,8851.3
ord_23655,credit_card,4,2588.4
ord_23656,upi,1,9392.96
ord_23657,wallet,1,1110.33
ord_23658,credit_card,5,775.53
ord_23659,credit_card,2,2051.56
ord_23660,upi,1,9255.2
ord_23661,upi,1,384.11
ord_23662,credit_card,2,1847.23
ord_23663,upi,1,1778.71
ord_23664,upi,1,9092.91
ord_23665,credit_card,2,12789.15
ord_23666,upi,1,1317.11
ord_23667,wallet,1,10601.91
ord_23668,upi,1,258.76
ord_23669,credit_card,1,1782.03
ord_23670,credit_card,3,6238.48
ord_23671,upi,1,514.01
ord_23672,upi,1,520.71
ord_23673,credit_card,4,7629.4
ord_23674,wallet,1,11505.3
ord_23675,wallet,1,4313.62
ord_23676,credit_card,4,834.15
ord_23677,debit_card,1,9994.59
ord_23678,upi,1,536.16
ord_23679,cod,1,756.87
ord_23680,upi,1,309.36
ord_23681,upi,1,11718.44
ord_23682,debit_card,1,1751.88
ord_23683,credit_card,3,659.07
ord_23684,wallet,1,2524.67
ord_23685,cod,1,11240.58
ord_23686,cod,1,1289.11
ord_23687,upi,1,9617.5
ord_23688,credit_card,3,6470.45
ord_23689,wallet,1,4753.19
ord_23690,wallet,1,489.31
ord_23691,cod,1,11415.55
ord_23692,credit_card,1,1927.11
ord_23693,upi,1,4909.27
ord_23694,upi,1,12677.62
ord_23695,credit_card,2,4088.14
ord_23696,credit_card,6,3512.4
ord_23697,credit_card,4,903.44
ord_23698,upi,1,6069.48
ord_23699,debit_card,1,7667.0
ord_23700,upi,1,475.86
ord_23701,upi,1,6046.2
ord_23702,cod,1,5302.69
ord_23703,wallet,1,2224.23
ord_23704,credit_card,5,9096.65
ord_23705,cod,1,821.49
ord_23706,wallet,1,7622.05
ord_23707,wallet,1,1216.28
ord_23708,credit_card,4,968.04
ord_23709,debit_card,1,5667.39
ord_23710,wallet,1,202.45
ord_23711,upi,1,853.71
ord_23712,upi,1,2830.61
ord_23713,upi,1,6985.08
ord_23714,credit_card,6,9520.18
ord_23715,upi,1,8808.1
ord_23716,debit_card,1,6849.86
ord_23717,credit_card,3,14421.0
ord_23718,upi,1,1230.31
ord_23719,debit_card,1,19912.27
ord_23720,wallet,1,4453.94
ord_23721,debit_card,1,8762.33
ord_23722,upi,1,9049.06
ord_23723,upi,1,1711.59
ord_23724,upi,1,6722.02
ord_23725,upi,1,17017.04
ord_23726,upi,1,1753.96
ord_23727,upi,1,6514.35
ord_23728,cod,1,503.34
ord_23729,upi,1,5468.19
ord_23730,wallet,1,751.57
ord_23731,debit_card,1,1995.52
ord_23732,credit_card,2,3784.29
ord_23733,upi,1,2942.41
ord_23734,upi,1,6801.43
ord_23735,upi,1,490.76
ord_23736,upi,1,14323.18
ord_23737,cod,1,210.36
ord_23738,wallet,1,7671.18
ord_23739,upi,1,732.88
ord_23740,upi,1,13846.73
ord_23741,upi,1,682.44
ord_23742,upi,1,840.87
ord_23743,credit_card,2,3731.37
ord_23744,credit_card,5,3067.81
ord_23745,upi,1,3140.02
ord_23746,upi,1,1151.67
ord_23747,credit_card,3,2011.59
ord_23748,wallet,1,11015.95
ord_23749,credit_card,4,12998.27
ord_23750,upi,1,2086.14
ord_23751,credit_card,4,18337.63
ord_23752,debit_card,1,2405.71
ord_23753,upi,1,455.24
ord_23754,credit_card,1,13309.3
ord_23755,credit_card,4,2109.39
ord_23756,credit_card,4,2348.53
ord_23757,debit_card,1,550.74
ord_23758,upi,1,1332.05
ord_23759,upi,1,814.64
ord_23760,upi,1,570.05
ord_23761,upi,1,5543.75
ord_23762,cod,1,1450.42
ord_23763,credit_card,2,484.53
ord_23764,debit_card,1,657.0
ord_23765,upi,1,6830.75
ord_23766,upi,1,5013.36
ord_23767,credit_card,1,1374.53
ord_23768,credit_card,2,696.73
ord_23769,credit_card,1,3622.44
ord_23770,credit_card,1,7477.61
ord_23771,wallet,1,1666.09
ord_23772,upi,1,2157.21
ord_23773,upi,1,1241.43
ord_23774,wallet,1,11752.07
ord_23775,debit_card,1,6918.29
ord_23776,upi,1,7210.8
ord_23777,wallet,1,13553.56
ord_23778,upi,1,836.9
ord_23779,upi,1,16041.64
ord_23780,upi,1,6880.39
ord_23781,upi,1,1448.91
ord_23782,upi,1,3080.96
ord_23783,credit_card,5,12185.07
ord_23784,credit_card,5,791.55
ord_23785,debit_card,1,5802.26
ord_23786,credit_card,6,5414.47
ord_23787,credit_card,4,726.3
ord_23788,upi,1,2753.33
ord_23789,upi,1,5816.3
ord_23790,cod,1,763.34
ord_23791,wallet,1,680.25
ord_23792,credit_card,6,3252.4
ord_23793,credit_card,1,11122.11
ord_23794,credit_card,3,1698.81
ord_23795,upi,1,1727.63
ord_23796,wallet,1,14420.46
ord_23797,upi,1,1076.67
ord_23798,wallet,1,2189.25
ord_23799,credit_card,2,8801.94
ord_23800,upi,1,1600.82
ord_23801,upi,1,1295.09
ord_23802,cod,1,3484.97
ord_23803,upi,1,2525.21
ord_23804,credit_card,2,2301.99
ord_23805,upi,1,9226.15
ord_23806,upi,1,5123.1
ord_23807,credit_card,1,1240.06
ord_23808,upi,1,470.2
ord_23809,upi,1,730.1
ord_23810,credit_card,1,8556.17
ord_23811,upi,1,6581.89
ord_23812,upi,1,10072.66
ord_23813,cod,1,2426.12
ord_23814,credit_card,6,4620.15
ord_23815,cod,1,909.91
ord_23816,credit_card,1,931.98
ord_23817,credit_card,4,7505.01
ord_23818,upi,1,8821.39
ord_23819,wallet,1,8907.51
ord_23820,wallet,1,11691.77
ord_23821,upi,1,23714.21
ord_23822,credit_card,1,13024.76
ord_23823,upi,1,1916.62
ord_23824,upi,1,7608.42
ord_23825,credit_card,2,1696.31
ord_23826,wallet,1,3009.62
ord_23827,upi,1,2472.32
ord_23828,upi,1,2061.56
ord_23829,debit_card,1,7581.09
ord_23830,upi,1,3694.32
ord_23831,credit_card,1,1825.1
ord_23832,upi,1,636.45
ord_23833,upi,1,789.56
ord_23834,wallet,1,9687.95
ord_23835,credit_card,6,6359.37
ord_23836,debit_card,1,3037.85
ord_23837,wallet,1,1255.88
ord_23838,debit_card,1,639.06
ord_23839,upi,1,4115.88
ord_23840,credit_card,1,897.26
ord_23841,upi,1,1328.56
ord_23842,wallet,1,6481.19
ord_23843,upi,1,11632.38
ord_23844,upi,1,927.16
ord_23845,upi,1,9380.4
ord_23846,credit_card,6,1255.77
ord_23847,credit_card,2,699.09
ord_23848,credit_card,6,12050.49
ord_23849,upi,1,1230.28
ord_23850,upi,1,7289.19
ord_23851,credit_card,6,7202.65
ord_23852,upi,1,1628.2
ord_23853,cod,1,215.8
ord_23854,upi,1,7262.37
ord_23855,upi,1,421.84
ord_23856,debit_card,1,3424.01
ord_23857,upi,1,927.29
ord_23858,wallet,1,10848.49
ord_23859,upi,1,2840.4
ord_23860,upi,1,915.69
ord_23861,wallet,1,3178.51
ord_23862,cod,1,6368.56
ord_23863,credit_card,6,3714.96
ord_23864,cod,1,2036.75
ord_23865,wallet,1,9566.83
ord_23866,cod,1,1047.27
ord_23867,wallet,1,1213.77
ord_23868,credit_card,4,1519.05
ord_23869,cod,1,1080.1
ord_23870,credit_card,6,3752.56
ord_23871,credit_card,5,1227.64
ord_23872,credit_card,2,1616.01
ord_23873,debit_card,1,8314.86
ord_23874,upi,1,2510.79
ord_23875,credit_card,2,7893.67
ord_23876,credit_card,5,10194.72
ord_23877,debit_card,1,1198.75
ord_23878,upi,1,511.7
ord_23879,cod,1,2956.7
ord_23880,upi,1,7170.98
ord_23881,cod,1,8626.31
ord_23882,cod,1,1811.47
ord_23883,credit_card,3,8107.8
ord_23884,upi,1,2277.39
ord_23885,cod,1,15674.63
ord_23886,wallet,1,3289.84
ord_23887,credit_card,2,12461.87
ord_23888,upi,1,2235.42
ord_23889,upi,1,3419.61
ord_23890,cod,1,10169.77
ord_23891,credit_card,1,1888.86
ord_23892,wallet,1,1745.77
ord_23893,cod,1,2282.01
ord_23894,upi,1,3210.31
ord_23895,upi,1,5801.05
ord_23896,upi,1,5762.7
ord_23897,debit_card,1,1137.38
ord_23898,upi,1,9930.93
ord_23899,credit_card,6,692.47
ord_23900,debit_card,1,6427.23
ord_23901,debit_card,1,778.79
ord_23902,wallet,1,1565.47
ord_23903,credit_card,1,7874.16
ord_23904,upi,1,1642.55
ord_23905,credit_card,6,476.64
ord_23906,wallet,1,8185.65
ord_23907,wallet,1,11975.41
ord_23908,upi,1,8820.77
ord_23909,wallet,1,2230.94
ord_23910,credit_card,6,1115.59
ord_23911,cod,1,1442.83
ord_23912,upi,1,1801.08
ord_23913,upi,1,2415.16
ord_23914,upi,1,3440.7
ord_23915,credit_card,5,2290.94
ord_23916,upi,1,1751.63
ord_23917,upi,1,12526.76
ord_23918,upi,1,3473.84
ord_23919,debit_card,1,6061.74
ord_23920,upi,1,10902.62
ord_23921,upi,1,2508.02
ord_23922,wallet,1,716.01
ord_23923,cod,1,1857.73
ord_23924,debit_card,1,625.8
ord_23925,upi,1,13482.7
ord_23926,credit_card,2,8521.11
ord_23927,wallet,1,1179.26
ord_23928,upi,1,409.78
ord_23929,debit_card,1,396.38
ord_23930,cod,1,22640.2
ord_23931,upi,1,10371.76
ord_23932,upi,1,8409.13
ord_23933,upi,1,254.05
ord_23934,debit_card,1,666.6
ord_23935,upi,1,6896.84
ord_23936,wallet,1,16002.33
ord_23937,wallet,1,474.5
ord_23938,wallet,1,3432.97
ord_23939,upi,1,701.14
ord_23940,upi,1,1513.38
ord_23941,credit_card,3,2202.75
ord_23942,debit_card,1,7693.7
ord_23943,wallet,1,626.99
ord_23944,upi,1,2593.11
ord_23945,upi,1,4581.31
ord_23946,upi,1,9331.03
ord_23947,credit_card,1,2059.39
ord_23948,debit_card,1,7777.3
ord_23949,credit_card,6,11091.54
ord_23950,upi,1,782.79
ord_23951,wallet,1,15633.52
ord_23952,upi,1,524.15
ord_23953,credit_card,3,7439.4
ord_23954,cod,1,2831.34
ord_23955,wallet,1,3276.4
ord_23956,credit_card,2,1008.21
ord_23957,credit_card,6,1502.07
ord_23958,upi,1,1379.96
ord_23959,credit_card,4,2316.04
ord_23960,wallet,1,5126.83
ord_23961,credit_card,3,2542.2
ord_23962,cod,1,5707.01
ord_23963,credit_card,2,8779.03
ord_23964,upi,1,8344.98
ord_23965,upi,1,1634.3
ord_23966,cod,1,3349.65
ord_23967,upi,1,988.47
ord_23968,credit_card,2,2340.51
ord_23969,upi,1,13954.54
ord_23970,credit_card,3,8366.88
ord_23971,credit_card,3,2092.53
ord_23972,wallet,1,1323.43
ord_23973,upi,1,7393.08
ord_23974,upi,1,1640.17
ord_23975,debit_card,1,4009.26
ord_23976,credit_card,6,8239.29
ord_23977,wallet,1,809.63
ord_23978,wallet,1,14258.7
ord_23979,cod,1,4647.12
ord_23980,cod,1,8305.42
ord_23981,wallet,1,1986.9
ord_23982,upi,1,7146.58
ord_23983,upi,1,6322.43
ord_23984,debit_card,1,948.51
ord_23985,cod,1,425.45
ord_23986,credit_card,2,1342.2
ord_23987,credit_card,6,6799.86
ord_23988,upi,1,8336.73
ord_23989,debit_card,1,8141.81
ord_23990,upi,1,11714.61
ord_23991,credit_card,1,4976.53
ord_23992,cod,1,1883.69
ord_23993,wallet,1,7434.62
ord_23994,credit_card,3,1476.74
ord_23995,cod,1,5298.84
ord_23996,cod,1,15396.1
ord_23997,credit_card,4,578.11
ord_23998,upi,1,1892.08
ord_23999,upi,1,502.12
ord_24000,credit_card,3,2774.39
ord_24001,upi,1,3393.01
ord_24002,credit_card,6,5022.92
ord_24003,credit_card,4,2469.39
ord_24004,credit_card,3,1300.42
ord_24005,wallet,1,1414.7
ord_24006,debit_card,1,3741.13
ord_24007,credit_card,2,384.49
ord_24008,cod,1,17322.76
ord_24009,credit_card,1,7318.72
ord_24010,upi,1,13004.35
ord_24011,upi,1,10824.39
ord_24012,upi,1,6365.97
ord_24013,upi,1,1570.04
ord_24014,wallet,1,10603.54
ord_24015,upi,1,1108.62
ord_24016,upi,1,9448.35
ord_24017,debit_card,1,366.83
ord_24018,upi,1,12187.05
ord_24019,credit_card,6,5121.87
ord_24020,upi,1,8862.27
ord_24021,credit_card,5,3404.44
ord_24022,cod,1,1771.66
ord_24023,debit_card,1,5488.49
ord_24024,upi,1,636.0
ord_24025,upi,1,9260.71
ord_24026,debit_card,1,1777.62
ord_24027,credit_card,5,467.35
ord_24028,cod,1,5864.87
ord_24029,credit_card,6,3324.51
ord_24030,debit_card,1,933.53
ord_24031,credit_card,1,1354.7
ord_24032,credit_card,5,1764.84
ord_24033,upi,1,1035.32
ord_24034,wallet,1,2522.09
ord_24035,upi,1,554.57
ord_24036,wallet,1,3104.87
ord_24037,cod,1,1572.43
ord_24038,wallet,1,5517.86
ord_24039,upi,1,4881.28
ord_24040,upi,1,786.64
ord_24041,credit_card,6,3360.62
ord_24042,upi,1,1523.3
ord_24043,upi,1,1586.45
ord_24044,credit_card,3,496.88
ord_24045,cod,1,1495.32
ord_24046,credit_card,3,13284.3
ord_24047,upi,1,6005.54
ord_24048,credit_card,1,495.42
ord_24049,wallet,1,8307.96
ord_24050,credit_card,5,474.72
ord_24051,upi,1,876.19
ord_24052,upi,1,6775.29
ord_24053,credit_card,3,10044.6
ord_24054,upi,1,8633.67
ord_24055,credit_card,6,9644.73
ord_24056,upi,1,4754.39
ord_24057,cod,1,7505.61
ord_24058,cod,1,11570.54
ord_24059,upi,1,526.4
ord_24060,credit_card,3,515.76
ord_24061,wallet,1,11123.18
ord_24062,upi,1,9687.88
ord_24063,cod,1,481.44
ord_24064,upi,1,1023.32
ord_24065,credit_card,6,1746.26
ord_24066,wallet,1,5670.38
ord_24067,upi,1,7293.1
ord_24068,credit_card,5,8675.53
ord_24069,upi,1,9559.21
ord_24070,cod,1,4912.0
ord_24071,upi,1,1281.6
ord_24072,credit_card,3,10865.11
ord_24073,upi,1,2104.27
ord_24074,cod,1,916.87
ord_24075,upi,1,1136.04
ord_24076,wallet,1,2694.05
ord_24077,credit_card,6,4141.77
ord_24078,upi,1,2888.27
ord_24079,upi,1,5728.86
ord_24080,debit_card,1,2866.41
ord_24081,upi,1,6561.86
ord_24082,upi,1,15339.74
ord_24083,upi,1,474.88
ord_24084,upi,1,8977.5
ord_24085,credit_card,1,667.9
ord_24086,upi,1,2134.56
ord_24087,debit_card,1,6626.47
ord_24088,debit_card,1,1675.73
ord_24089,upi,1,10158.01
ord_24090,upi,1,508.9
ord_24091,upi,1,668.43
ord_24092,wallet,1,2019.67
ord_24093,upi,1,2371.98
ord_24094,credit_card,5,3727.35
ord_24095,upi,1,6907.27
ord_24096,cod,1,870.94
ord_24097,upi,1,649.6
ord_24098,cod,1,4027.19
ord_24099,cod,1,11313.73
ord_24100,cod,1,4911.04
ord_24101,debit_card,1,1753.93
ord_24102,cod,1,4978.66
ord_24103,wallet,1,2772.35
ord_24104,upi,1,3093.11
ord_24105,upi,1,2063.64
ord_24106,cod,1,6938.67
ord_24107,upi,1,7736.06
ord_24108,credit_card,1,7081.68
ord_24109,upi,1,14586.41
ord_24110,cod,1,1519.97
ord_24111,credit_card,3,2422.1
ord_24112,credit_card,4,1573.1
ord_24113,upi,1,3129.63
ord_24114,cod,1,9322.91
ord_24115,upi,1,979.47
ord_24116,upi,1,11264.08
ord_24117,credit_card,3,423.41
ord_24118,credit_card,5,5556.29
ord_24119,cod,1,3142.16
ord_24120,upi,1,16747.94
ord_24121,credit_card,1,4745.81
ord_24122,upi,1,11040.68
ord_24123,upi,1,6678.38
ord_24124,credit_card,6,3038.39
ord_24125,wallet,1,1060.32
ord_24126,credit_card,1,18265.5
ord_24127,debit_card,1,18873.46
ord_24128,upi,1,8909.18
ord_24129,wallet,1,1721.4
ord_24130,credit_card,2,2221.85
ord_24131,upi,1,4004.42
ord_24132,upi,1,12176.9
ord_24133,upi,1,2599.35
ord_24134,cod,1,744.9
ord_24135,upi,1,9287.22
ord_24136,credit_card,2,10518.48
ord_24137,credit_card,5,872.05
ord_24138,upi,1,1091.3
ord_24139,credit_card,1,11784.59
ord_24140,upi,1,7172.48
ord_24141,upi,1,30497.16
ord_24142,credit_card,1,10379.33
ord_24143,upi,1,7617.12
ord_24144,credit_card,5,4468.19
ord_24145,cod,1,386.44
ord_24146,credit_card,6,1189.96
ord_24147,cod,1,1236.53
ord_24148,credit_card,1,6807.6
ord_24149,debit_card,1,10526.68
ord_24150,debit_card,1,7272.3
ord_24151,credit_card,3,7016.91
ord_24152,debit_card,1,2846.03
ord_24153,debit_card,1,12095.54
ord_24154,debit_card,1,488.57
ord_24155,credit_card,4,1514.6
ord_24156,upi,1,712.14
ord_24157,credit_card,3,1228.25
ord_24158,upi,1,1036.82
ord_24159,credit_card,6,8159.32
ord_24160,credit_card,4,7624.39
ord_24161,credit_card,3,4055.5
ord_24162,upi,1,4002.01
ord_24163,upi,1,881.85
ord_24164,credit_card,3,271.32
ord_24165,credit_card,5,8148.79
ord_24166,upi,1,3975.17
ord_24167,upi,1,2354.87
ord_24168,upi,1,1314.46
ord_24169,credit_card,5,7728.75
ord_24170,credit_card,3,1511.65
ord_24171,cod,1,2625.45
ord_24172,cod,1,600.54
ord_24173,upi,1,714.45
ord_24174,credit_card,5,8651.05
ord_24175,credit_card,1,8079.08
ord_24176,debit_card,1,3697.48
ord_24177,upi,1,8761.82
ord_24178,upi,1,1390.1
ord_24179,upi,1,16189.67
ord_24180,upi,1,1830.34
ord_24181,cod,1,15328.51
ord_24182,upi,1,635.52
ord_24183,upi,1,5517.75
ord_24184,wallet,1,1728.36
ord_24185,upi,1,17565.16
ord_24186,wallet,1,6029.32
ord_24187,upi,1,1728.81
ord_24188,wallet,1,2401.98
ord_24189,upi,1,6243.07
ord_24190,credit_card,4,728.97
ord_24191,upi,1,825.05
ord_24192,wallet,1,280.61
ord_24193,credit_card,3,2410.45
ord_24194,wallet,1,9728.18
ord_24195,wallet,1,3374.78
ord_24196,cod,1,9620.51
ord_24197,cod,1,1953.95
ord_24198,upi,1,1960.55
ord_24199,upi,1,1281.4
ord_24200,credit_card,3,1304.03
ord_24201,credit_card,5,10339.26
ord_24202,credit_card,5,2564.17
ord_24203,upi,1,11270.99
ord_24204,upi,1,1029.66
ord_24205,wallet,1,12216.71
ord_24206,credit_card,2,2339.39
ord_24207,cod,1,2902.18
ord_24208,credit_card,3,2331.41
ord_24209,wallet,1,1703.5
ord_24210,cod,1,441.59
ord_24211,upi,1,2525.02
ord_24212,cod,1,3245.84
ord_24213,credit_card,5,767.92
ord_24214,credit_card,2,2062.61
ord_24215,upi,1,2358.51
ord_24216,credit_card,6,4069.19
ord_24217,cod,1,5280.7
ord_24218,credit_card,5,2020.26
ord_24219,upi,1,10976.79
ord_24220,wallet,1,1834.33
ord_24221,debit_card,1,6311.2
ord_24222,upi,1,233.15
ord_24223,upi,1,9664.4
ord_24224,upi,1,5527.86
ord_24225,upi,1,897.44
ord_24226,upi,1,5388.42
ord_24227,upi,1,3149.76
ord_24228,debit_card,1,3347.44
ord_24229,wallet,1,7417.34
ord_24230,upi,1,7577.97
ord_24231,upi,1,11375.7
ord_24232,wallet,1,3789.62
ord_24233,credit_card,6,5126.9
ord_24234,cod,1,10108.05
ord_24235,upi,1,7460.9
ord_24236,cod,1,5740.53
ord_24237,debit_card,1,11445.65
ord_24238,credit_card,3,619.57
ord_24239,cod,1,9807.57
ord_24240,cod,1,7225.23
ord_24241,upi,1,5445.99
ord_24242,credit_card,4,10974.67
ord_24243,upi,1,2142.9
ord_24244,credit_card,2,1039.21
ord_24245,debit_card,1,1210.89
ord_24246,credit_card,3,741.88
ord_24247,credit_card,4,2936.32
ord_24248,credit_card,3,1439.52
ord_24249,debit_card,1,1566.26
ord_24250,upi,1,1902.26
ord_24251,upi,1,3396.09
ord_24252,credit_card,5,2677.73
ord_24253,wallet,1,2203.63
ord_24254,credit_card,6,8441.04
ord_24255,upi,1,8575.36
ord_24256,debit_card,1,666.7
ord_24257,credit_card,2,4075.23
ord_24258,debit_card,1,1004.02
ord_24259,credit_card,2,1349.76
ord_24260,upi,1,15969.6
ord_24261,wallet,1,617.49
ord_24262,upi,1,1602.53
ord_24263,upi,1,5222.61
ord_24264,upi,1,2051.35
ord_24265,upi,1,2866.94
ord_24266,upi,1,9774.51
ord_24267,upi,1,1754.13
ord_24268,debit_card,1,8260.12
ord_24269,credit_card,4,3273.27
ord_24270,cod,1,10692.14
ord_24271,upi,1,2538.76
ord_24272,cod,1,580.56
ord_24273,cod,1,1146.54
ord_24274,upi,1,4410.91
ord_24275,upi,1,10742.67
ord_24276,wallet,1,14093.23
ord_24277,credit_card,2,7293.07
ord_24278,debit_card,1,1570.03
ord_24279,upi,1,15861.06
ord_24280,wallet,1,1825.82
ord_24281,debit_card,1,794.32
ord_24282,upi,1,1015.63
ord_24283,debit_card,1,14036.34
ord_24284,credit_card,1,868.67
ord_24285,credit_card,2,11428.96
ord_24286,upi,1,13075.71
ord_24287,credit_card,4,3571.12
ord_24288,upi,1,4545.13
ord_24289,upi,1,1123.76
ord_24290,credit_card,2,13152.08
ord_24291,debit_card,1,7335.99
ord_24292,debit_card,1,9708.72
ord_24293,upi,1,3483.35
ord_24294,upi,1,10020.87
ord_24295,upi,1,8823.57
ord_24296,credit_card,5,10368.17
ord_24297,upi,1,5680.66
ord_24298,upi,1,5601.02
ord_24299,upi,1,8488.66
ord_24300,upi,1,7667.18
ord_24301,upi,1,822.6
ord_24302,debit_card,1,1458.72
ord_24303,upi,1,9927.64
ord_24304,upi,1,1080.51
ord_24305,upi,1,3114.25
ord_24306,debit_card,1,9958.51
ord_24307,credit_card,6,6848.56
ord_24308,upi,1,2018.78
ord_24309,upi,1,509.96
ord_24310,credit_card,4,3492.2
ord_24311,upi,1,2184.71
ord_24312,upi,1,2152.19
ord_24313,upi,1,1034.78
ord_24314,debit_card,1,8925.87
ord_24315,wallet,1,2032.06
ord_24316,wallet,1,9359.33
ord_24317,credit_card,3,1405.57
ord_24318,credit_card,1,8100.48
ord_24319,credit_card,5,7403.64
ord_24320,cod,1,8235.29
ord_24321,upi,1,2997.11
ord_24322,upi,1,4785.53
ord_24323,wallet,1,685.0
ord_24324,upi,1,643.03
ord_24325,credit_card,5,14094.32
ord_24326,upi,1,2622.37
ord_24327,credit_card,5,2989.01
ord_24328,upi,1,1703.8
ord_24329,cod,1,8769.57
ord_24330,cod,1,10738.15
ord_24331,wallet,1,20565.92
ord_24332,credit_card,3,927.68
ord_24333,upi,1,4450.86
ord_24334,upi,1,1243.32
ord_24335,upi,1,1448.06
ord_24336,upi,1,10528.19
ord_24337,credit_card,4,1228.22
ord_24338,debit_card,1,13708.27
ord_24339,credit_card,6,1274.77
ord_24340,credit_card,4,10161.28
ord_24341,credit_card,2,17481.47
ord_24342,wallet,1,526.84
ord_24343,debit_card,1,2302.12
ord_24344,cod,1,15202.4
ord_24345,upi,1,600.98
ord_24346,upi,1,4565.27
ord_24347,credit_card,6,14810.44
ord_24348,debit_card,1,8037.8
ord_24349,credit_card,5,1468.17
ord_24350,upi,1,16531.85
ord_24351,upi,1,11673.13
ord_24352,credit_card,4,6761.21
ord_24353,debit_card,1,1042.35
ord_24354,upi,1,1323.92
ord_24355,wallet,1,3842.53
ord_24356,wallet,1,3437.78
ord_24357,credit_card,1,2696.25
ord_24358,credit_card,2,4141.16
ord_24359,debit_card,1,6284.64
ord_24360,debit_card,1,6419.19
ord_24361,cod,1,8152.39
ord_24362,credit_card,6,2495.92
ord_24363,cod,1,7352.18
ord_24364,upi,1,428.17
ord_24365,credit_card,5,5603.28
ord_24366,credit_card,3,10937.08
ord_24367,credit_card,4,1273.43
ord_24368,credit_card,6,268.54
ord_24369,upi,1,2434.17
ord_24370,upi,1,2547.48
ord_24371,wallet,1,957.82
ord_24372,upi,1,1152.66
ord_24373,credit_card,4,11464.3
ord_24374,cod,1,1711.48
ord_24375,upi,1,2056.87
ord_24376,wallet,1,2117.86
ord_24377,upi,1,1173.1
ord_24378,upi,1,1330.24
ord_24379,credit_card,5,2584.23
ord_24380,credit_card,1,840.74
ord_24381,wallet,1,1984.53
ord_24382,debit_card,1,651.86
ord_24383,credit_card,6,1546.69
ord_24384,credit_card,4,477.06
ord_24385,wallet,1,7135.52
ord_24386,upi,1,7532.33
ord_24387,upi,1,1399.53
ord_24388,upi,1,228.38
ord_24389,credit_card,3,3638.88
ord_24390,credit_card,6,7916.23
ord_24391,credit_card,2,1972.78
ord_24392,credit_card,6,390.81
ord_24393,upi,1,8250.12
ord_24394,wallet,1,10136.1
ord_24395,cod,1,2630.81
ord_24396,upi,1,11538.09
ord_24397,credit_card,6,3320.43
ord_24398,credit_card,1,1153.79
ord_24399,cod,1,666.52
ord_24400,credit_card,6,928.9
ord_24401,credit_card,1,10724.39
ord_24402,credit_card,4,5342.17
ord_24403,upi,1,2899.94
ord_24404,upi,1,897.42
ord_24405,upi,1,1584.55
ord_24406,credit_card,1,729.01
ord_24407,debit_card,1,1074.82
ord_24408,upi,1,6818.41
ord_24409,debit_card,1,1525.5
ord_24410,upi,1,17821.8
ord_24411,credit_card,1,4315.68
ord_24412,upi,1,866.18
ord_24413,wallet,1,222.31
ord_24414,credit_card,1,834.05
ord_24415,debit_card,1,1208.07
ord_24416,credit_card,5,1902.06
ord_24417,cod,1,2182.4
ord_24418,cod,1,685.27
ord_24419,cod,1,7947.31
ord_24420,upi,1,5183.66
ord_24421,upi,1,1861.72
ord_24422,credit_card,2,2739.02
ord_24423,wallet,1,754.03
ord_24424,debit_card,1,1145.5
ord_24425,cod,1,1180.86
ord_24426,credit_card,5,428.92
ord_24427,credit_card,4,9044.68
ord_24428,upi,1,2191.62
ord_24429,debit_card,1,11465.82
ord_24430,upi,1,1366.68
ord_24431,credit_card,4,8655.87
ord_24432,upi,1,7716.94
ord_24433,upi,1,1035.7
ord_24434,cod,1,10677.22
ord_24435,wallet,1,11446.72
ord_24436,debit_card,1,10792.85
ord_24437,upi,1,3861.38
ord_24438,credit_card,3,2438.3
ord_24439,cod,1,8446.93
ord_24440,upi,1,1164.43
ord_24441,upi,1,1317.79
ord_24442,cod,1,564.11
ord_24443,credit_card,6,2552.06
ord_24444,upi,1,718.58
ord_24445,wallet,1,1413.45
ord_24446,upi,1,10042.3
ord_24447,upi,1,1417.72
ord_24448,upi,1,814.22
ord_24449,credit_card,2,10480.59
ord_24450,wallet,1,461.81
ord_24451,credit_card,4,1327.6
ord_24452,credit_card,2,2900.7
ord_24453,upi,1,7629.66
ord_24454,upi,1,1295.07
ord_24455,credit_card,3,6481.61
ord_24456,upi,1,2523.04
ord_24457,upi,1,6773.62
ord_24458,upi,1,6943.5
ord_24459,credit_card,5,10181.44
ord_24460,upi,1,5375.9
ord_24461,credit_card,2,8402.0
ord_24462,upi,1,801.8
ord_24463,wallet,1,1500.59
ord_24464,upi,1,4721.82
ord_24465,credit_card,3,724.31
ord_24466,cod,1,10195.78
ord_24467,credit_card,1,3421.3
ord_24468,upi,1,921.46
ord_24469,cod,1,2386.23
ord_24470,credit_card,3,7062.01
ord_24471,upi,1,8842.86
ord_24472,upi,1,1877.35
ord_24473,upi,1,487.98
ord_24474,upi,1,8347.94
ord_24475,upi,1,15008.94
ord_24476,upi,1,384.58
ord_24477,upi,1,15673.28
ord_24478,upi,1,15216.89
ord_24479,cod,1,1115.37
ord_24480,wallet,1,2504.62
ord_24481,wallet,1,7972.41
ord_24482,upi,1,707.55
ord_24483,cod,1,1327.54
ord_24484,cod,1,9452.26
ord_24485,upi,1,6339.99
ord_24486,credit_card,1,5234.03
ord_24487,debit_card,1,2217.99
ord_24488,upi,1,814.32
ord_24489,upi,1,5579.45
ord_24490,upi,1,10769.5
ord_24491,upi,1,2020.63
ord_24492,upi,1,17056.43
ord_24493,upi,1,668.05
ord_24494,upi,1,10366.51
ord_24495,upi,1,2337.07
ord_24496,credit_card,1,15725.93
ord_24497,credit_card,5,7240.5
ord_24498,credit_card,2,1290.51
ord_24499,wallet,1,1587.28
ord_24500,credit_card,5,3233.96
ord_24501,upi,1,1577.56
ord_24502,upi,1,2299.29
ord_24503,credit_card,5,3491.76
ord_24504,credit_card,6,13158.0
ord_24505,credit_card,6,2583.24
ord_24506,upi,1,7664.71
ord_24507,cod,1,801.64
ord_24508,wallet,1,8946.54
ord_24509,credit_card,1,3858.19
ord_24510,upi,1,11435.58
ord_24511,credit_card,5,10901.16
ord_24512,cod,1,10167.48
ord_24513,upi,1,10992.92
ord_24514,credit_card,3,3387.59
ord_24515,upi,1,671.34
ord_24516,upi,1,3042.13
ord_24517,cod,1,10858.61
ord_24518,wallet,1,884.04
ord_24519,upi,1,1426.26
ord_24520,upi,1,2211.52
ord_24521,upi,1,9186.46
ord_24522,upi,1,12860.15
ord_24523,credit_card,3,2993.86
ord_24524,credit_card,3,7769.64
ord_24525,upi,1,6450.94
ord_24526,upi,1,387.02
ord_24527,upi,1,7912.77
ord_24528,credit_card,1,9781.49
ord_24529,upi,1,13895.82
ord_24530,upi,1,7968.22
ord_24531,wallet,1,550.62
ord_24532,credit_card,6,14183.74
ord_24533,cod,1,1734.99
ord_24534,upi,1,1497.41
ord_24535,credit_card,1,7657.05
ord_24536,upi,1,411.04
ord_24537,upi,1,7231.89
ord_24538,debit_card,1,5435.78
ord_24539,cod,1,2430.84
ord_24540,wallet,1,12278.53
ord_24541,credit_card,1,14468.38
ord_24542,credit_card,3,7743.72
ord_24543,upi,1,449.13
ord_24544,upi,1,1982.44
ord_24545,debit_card,1,4997.74
ord_24546,credit_card,1,1975.19
ord_24547,debit_card,1,2478.64
ord_24548,debit_card,1,722.91
ord_24549,credit_card,3,9659.98
ord_24550,wallet,1,7473.24
ord_24551,wallet,1,5166.58
ord_24552,debit_card,1,1672.49
ord_24553,credit_card,6,961.31
ord_24554,credit_card,6,503.13
ord_24555,cod,1,673.87
ord_24556,credit_card,6,1046.92
ord_24557,credit_card,6,4067.1
ord_24558,upi,1,5854.3
ord_24559,debit_card,1,6070.59
ord_24560,upi,1,8424.55
ord_24561,credit_card,5,4524.14
ord_24562,upi,1,3009.58
ord_24563,upi,1,9823.83
ord_24564,credit_card,3,6428.02
ord_24565,upi,1,1176.33
ord_24566,cod,1,13559.07
ord_24567,debit_card,1,10237.64
ord_24568,upi,1,3641.37
ord_24569,wallet,1,9932.88
ord_24570,cod,1,12918.43
ord_24571,upi,1,7046.41
ord_24572,upi,1,8260.83
ord_24573,upi,1,605.71
ord_24574,upi,1,11537.06
ord_24575,upi,1,29497.57
ord_24576,upi,1,5437.01
ord_24577,upi,1,3718.99
ord_24578,cod,1,254.57
ord_24579,upi,1,11583.67
ord_24580,credit_card,2,404.37
ord_24581,upi,1,4915.45
ord_24582,debit_card,1,1644.57
ord_24583,upi,1,418.15
ord_24584,cod,1,8502.43
ord_24585,debit_card,1,5169.21
ord_24586,upi,1,2107.68
ord_24587,upi,1,7250.64
ord_24588,credit_card,2,1915.68
ord_24589,upi,1,5758.1
ord_24590,upi,1,2205.85
ord_24591,cod,1,5172.04
ord_24592,upi,1,7171.41
ord_24593,upi,1,2674.36
ord_24594,upi,1,6105.76
ord_24595,credit_card,3,993.38
ord_24596,credit_card,3,4440.39
ord_24597,debit_card,1,587.64
ord_24598,cod,1,384.23
ord_24599,upi,1,1354.41
ord_24600,upi,1,15538.7
ord_24601,debit_card,1,1051.21
ord_24602,credit_card,5,587.43
ord_24603,upi,1,7472.24
ord_24604,debit_card,1,1419.12
ord_24605,upi,1,1773.84
ord_24606,upi,1,8216.42
ord_24607,upi,1,1591.35
ord_24608,credit_card,2,1015.11
ord_24609,credit_card,3,734.04
ord_24610,debit_card,1,1647.61
ord_24611,upi,1,7020.08
ord_24612,upi,1,16543.03
ord_24613,credit_card,3,9527.65
ord_24614,upi,1,6754.89
ord_24615,cod,1,5909.86
ord_24616,credit_card,6,8637.47
ord_24617,cod,1,9431.67
ord_24618,debit_card,1,1333.35
ord_24619,upi,1,1777.06
ord_24620,cod,1,7257.62
ord_24621,upi,1,1239.82
ord_24622,credit_card,1,12919.09
ord_24623,wallet,1,2950.6
ord_24624,upi,1,4170.62
ord_24625,upi,1,1264.67
ord_24626,upi,1,5985.94
ord_24627,upi,1,13610.7
ord_24628,upi,1,1316.86
ord_24629,cod,1,2710.74
ord_24630,credit_card,5,405.04
ord_24631,cod,1,1079.53
ord_24632,debit_card,1,8749.46
ord_24633,upi,1,538.09
ord_24634,debit_card,1,5544.73
ord_24635,debit_card,1,746.73
ord_24636,wallet,1,14929.47
ord_24637,cod,1,2404.83
ord_24638,credit_card,3,277.55
ord_24639,upi,1,8690.02
ord_24640,cod,1,6199.81
ord_24641,debit_card,1,6254.88
ord_24642,upi,1,1673.21
ord_24643,wallet,1,2801.84
ord_24644,cod,1,1583.16
ord_24645,cod,1,13138.27
ord_24646,cod,1,7619.68
ord_24647,cod,1,859.34
ord_24648,credit_card,4,861.5
ord_24649,credit_card,1,1850.86
ord_24650,credit_card,6,711.0
ord_24651,debit_card,1,1292.79
ord_24652,upi,1,1615.23
ord_24653,upi,1,9806.96
ord_24654,credit_card,3,7736.79
ord_24655,credit_card,5,585.37
ord_24656,credit_card,1,1913.04
ord_24657,credit_card,3,599.21
ord_24658,upi,1,5947.93
ord_24659,wallet,1,1279.01
ord_24660,upi,1,1211.4
ord_24661,upi,1,7408.28
ord_24662,credit_card,2,7714.22
ord_24663,debit_card,1,1137.86
ord_24664,credit_card,4,10350.87
ord_24665,upi,1,7556.25
ord_24666,upi,1,8167.6
ord_24667,upi,1,9960.8
ord_24668,upi,1,6637.81
ord_24669,debit_card,1,9444.25
ord_24670,wallet,1,1917.08
ord_24671,credit_card,3,382.94
ord_24672,credit_card,1,17114.68
ord_24673,credit_card,2,9701.95
ord_24674,upi,1,12893.09
ord_24675,credit_card,5,3476.07
ord_24676,credit_card,5,13454.16
ord_24677,cod,1,652.7
ord_24678,upi,1,3247.02
ord_24679,upi,1,2210.87
ord_24680,wallet,1,1467.28
ord_24681,debit_card,1,548.43
ord_24682,credit_card,6,2936.82
ord_24683,upi,1,1869.73
ord_24684,upi,1,2010.48
ord_24685,wallet,1,14546.23
ord_24686,credit_card,2,1776.92
ord_24687,cod,1,2054.14
ord_24688,credit_card,4,7059.44
ord_24689,upi,1,674.25
ord_24690,upi,1,1823.18
ord_24691,debit_card,1,2563.76
ord_24692,upi,1,13539.21
ord_24693,upi,1,1323.51
ord_24694,debit_card,1,694.7
ord_24695,credit_card,4,7503.41
ord_24696,upi,1,714.96
ord_24697,cod,1,1496.71
ord_24698,upi,1,7583.9
ord_24699,cod,1,2362.59
ord_24700,upi,1,6251.7
ord_24701,upi,1,1886.89
ord_24702,credit_card,3,8861.0
ord_24703,cod,1,8312.87
ord_24704,wallet,1,7165.85
ord_24705,wallet,1,6456.41
ord_24706,upi,1,1168.73
ord_24707,upi,1,2308.86
ord_24708,upi,1,3056.03
ord_24709,credit_card,5,12224.94
ord_24710,upi,1,1038.34
ord_24711,wallet,1,11222.67
ord_24712,credit_card,2,2448.85
ord_24713,debit_card,1,2533.24
ord_24714,upi,1,1654.6
ord_24715,upi,1,1191.03
ord_24716,upi,1,909.58
ord_24717,upi,1,4020.84
ord_24718,upi,1,7783.57
ord_24719,cod,1,854.3
ord_24720,upi,1,1153.71
ord_24721,credit_card,6,810.55
ord_24722,credit_card,3,562.46
ord_24723,cod,1,11870.62
ord_24724,upi,1,2284.05
ord_24725,upi,1,7815.02
ord_24726,credit_card,2,5310.3
ord_24727,wallet,1,15064.41
ord_24728,upi,1,6706.07
ord_24729,cod,1,1461.99
ord_24730,credit_card,6,9133.0
ord_24731,upi,1,10584.94
ord_24732,wallet,1,6193.65
ord_24733,upi,1,3772.54
ord_24734,credit_card,1,1909.09
ord_24735,credit_card,5,8017.34
ord_24736,upi,1,2321.22
ord_24737,upi,1,1570.35
ord_24738,credit_card,6,823.43
ord_24739,upi,1,3649.12
ord_24740,credit_card,2,10968.1
ord_24741,upi,1,1121.48
ord_24742,debit_card,1,1105.04
ord_24743,credit_card,3,774.37
ord_24744,upi,1,6624.55
ord_24745,credit_card,2,2056.9
ord_24746,wallet,1,8127.24
ord_24747,upi,1,1108.91
ord_24748,cod,1,9189.15
ord_24749,upi,1,521.49
ord_24750,cod,1,12711.67
ord_24751,upi,1,6868.52
ord_24752,credit_card,4,7866.54
ord_24753,credit_card,1,2183.69
ord_24754,upi,1,14086.34
ord_24755,upi,1,22326.7
ord_24756,wallet,1,1085.31
ord_24757,credit_card,6,932.09
ord_24758,upi,1,5600.7
ord_24759,debit_card,1,2864.77
ord_24760,upi,1,1935.34
ord_24761,upi,1,1003.18
ord_24762,upi,1,1130.97
ord_24763,upi,1,2384.4
ord_24764,credit_card,4,6046.7
ord_24765,debit_card,1,1331.9
ord_24766,credit_card,5,1881.68
ord_24767,upi,1,1417.52
ord_24768,cod,1,4493.96
ord_24769,upi,1,1939.09
ord_24770,cod,1,10626.57
ord_24771,upi,1,1902.02
ord_24772,credit_card,4,1464.59
ord_24773,credit_card,1,2432.1
ord_24774,cod,1,2388.98
ord_24775,wallet,1,16692.06
ord_24776,credit_card,6,980.34
ord_24777,credit_card,6,1148.93
ord_24778,wallet,1,2996.49
ord_24779,credit_card,4,165.03
ord_24780,debit_card,1,9280.3
ord_24781,debit_card,1,6823.66
ord_24782,credit_card,1,1394.78
ord_24783,upi,1,8745.11
ord_24784,upi,1,4076.4
ord_24785,wallet,1,770.64
ord_24786,cod,1,11190.52
ord_24787,upi,1,1068.72
ord_24788,credit_card,3,501.92
ord_24789,upi,1,2971.16
ord_24790,credit_card,4,3460.08
ord_24791,wallet,1,1407.82
ord_24792,debit_card,1,5349.18
ord_24793,debit_card,1,11552.6
ord_24794,credit_card,6,2169.05
ord_24795,credit_card,5,9133.51
ord_24796,credit_card,3,3040.99
ord_24797,upi,1,1678.32
ord_24798,credit_card,3,3626.6
ord_24799,wallet,1,4827.49
ord_24800,credit_card,1,5351.39
ord_24801,upi,1,1929.37
ord_24802,credit_card,1,3671.38
ord_24803,upi,1,380.08
ord_24804,wallet,1,2515.64
ord_24805,credit_card,5,462.97
ord_24806,wallet,1,1801.3
ord_24807,upi,1,16586.99
ord_24808,credit_card,3,17064.4
ord_24809,upi,1,13468.35
ord_24810,upi,1,8632.93
ord_24811,upi,1,780.53
ord_24812,wallet,1,3019.26
ord_24813,debit_card,1,795.5
ord_24814,wallet,1,3400.21
ord_24815,upi,1,14298.4
ord_24816,credit_card,1,5350.51
ord_24817,credit_card,6,12109.51
ord_24818,debit_card,1,6713.03
ord_24819,wallet,1,7096.39
ord_24820,cod,1,13475.59
ord_24821,credit_card,2,2553.84
ord_24822,wallet,1,6623.78
ord_24823,upi,1,13267.31
ord_24824,cod,1,1874.93
ord_24825,upi,1,576.25
ord_24826,credit_card,4,12638.66
ord_24827,credit_card,5,568.46
ord_24828,cod,1,2500.67
ord_24829,credit_card,1,10461.21
ord_24830,wallet,1,20058.09
ord_24831,debit_card,1,251.21
ord_24832,upi,1,963.93
ord_24833,credit_card,1,4290.26
ord_24834,upi,1,807.08
ord_24835,credit_card,1,1958.16
ord_24836,upi,1,7217.78
ord_24837,credit_card,3,727.56
ord_24838,upi,1,392.03
ord_24839,wallet,1,783.71
ord_24840,credit_card,6,7102.87
ord_24841,cod,1,944.02
ord_24842,credit_card,5,5249.14
ord_24843,credit_card,4,804.47
ord_24844,cod,1,9964.11
ord_24845,credit_card,5,1027.82
ord_24846,upi,1,2100.77
ord_24847,cod,1,1570.01
ord_24848,upi,1,2641.42
ord_24849,cod,1,750.73
ord_24850,upi,1,7195.75
ord_24851,debit_card,1,14034.99
ord_24852,credit_card,6,1178.75
ord_24853,upi,1,12108.13
ord_24854,upi,1,928.93
ord_24855,credit_card,3,7683.12
ord_24856,upi,1,3048.78
ord_24857,wallet,1,2892.45
ord_24858,wallet,1,7538.73
ord_24859,credit_card,5,3484.21
ord_24860,credit_card,6,7442.57
ord_24861,credit_card,1,6909.22
ord_24862,credit_card,3,9265.61
ord_24863,credit_card,6,8254.17
ord_24864,cod,1,1020.24
ord_24865,cod,1,493.84
ord_24866,upi,1,13779.48
ord_24867,credit_card,4,11450.49
ord_24868,upi,1,1860.18
ord_24869,upi,1,2357.93
ord_24870,upi,1,4140.24
ord_24871,credit_card,6,971.4
ord_24872,credit_card,5,795.36
ord_24873,upi,1,2773.0
ord_24874,credit_card,6,1667.83
ord_24875,upi,1,802.17
ord_24876,credit_card,1,4437.08
ord_24877,credit_card,1,6284.19
ord_24878,wallet,1,529.04
ord_24879,credit_card,5,1273.95
ord_24880,upi,1,836.19
ord_24881,credit_card,1,1283.36
ord_24882,upi,1,3771.69
ord_24883,upi,1,6150.72
ord_24884,cod,1,1336.08
ord_24885,credit_card,1,2206.59
ord_24886,debit_card,1,4221.65
ord_24887,cod,1,1326.81
ord_24888,upi,1,889.93
ord_24889,credit_card,6,452.9
ord_24890,credit_card,3,2099.65
ord_24891,debit_card,1,11230.92
ord_24892,credit_card,4,7427.92
ord_24893,cod,1,1151.37
ord_24894,upi,1,5048.03
ord_24895,credit_card,4,8032.41
ord_24896,upi,1,294.98
ord_24897,debit_card,1,1299.77
ord_24898,debit_card,1,2353.9
ord_24899,credit_card,3,8843.63
ord_24900,wallet,1,8826.77
ord_24901,upi,1,9064.46
ord_24902,upi,1,732.71
ord_24903,wallet,1,2328.32
ord_24904,upi,1,1595.38
ord_24905,upi,1,7203.73
ord_24906,credit_card,1,1301.35
ord_24907,credit_card,2,11158.27
ord_24908,upi,1,1730.85
ord_24909,upi,1,5167.11
ord_24910,cod,1,440.16
ord_24911,upi,1,4675.29
ord_24912,debit_card,1,3396.32
ord_24913,upi,1,3426.56
ord_24914,credit_card,4,1195.06
ord_24915,debit_card,1,450.32
ord_24916,upi,1,1905.76
ord_24917,upi,1,9990.39
ord_24918,credit_card,2,1095.19
ord_24919,credit_card,3,1688.46
ord_24920,upi,1,8587.17
ord_24921,credit_card,2,7582.53
ord_24922,debit_card,1,2095.11
ord_24923,credit_card,2,2047.05
ord_24924,cod,1,1242.7
ord_24925,debit_card,1,1001.07
ord_24926,upi,1,426.18
ord_24927,upi,1,6573.67
ord_24928,credit_card,5,1003.07
ord_24929,cod,1,725.62
ord_24930,credit_card,5,2538.34
ord_24931,credit_card,3,14609.77
ord_24932,credit_card,5,461.39
ord_24933,debit_card,1,3920.42
ord_24934,debit_card,1,7432.44
ord_24935,upi,1,9586.33
ord_24936,debit_card,1,8597.39
ord_24937,credit_card,1,11350.76
ord_24938,upi,1,10785.03
ord_24939,debit_card,1,1981.68
ord_24940,debit_card,1,819.52
ord_24941,upi,1,1944.91
ord_24942,upi,1,755.17
ord_24943,cod,1,10940.82
ord_24944,upi,1,1029.92
ord_24945,credit_card,4,1125.99
ord_24946,debit_card,1,16734.6
ord_24947,upi,1,460.44
ord_24948,credit_card,4,1445.45
ord_24949,upi,1,9138.0
ord_24950,debit_card,1,2866.98
ord_24951,wallet,1,25478.7
ord_24952,upi,1,573.07
ord_24953,credit_card,4,1060.28
ord_24954,wallet,1,2623.36
ord_24955,debit_card,1,6853.82
ord_24956,upi,1,1610.96
ord_24957,upi,1,6073.66
ord_24958,upi,1,1647.67
ord_24959,wallet,1,1438.22
ord_24960,wallet,1,7539.5
ord_24961,cod,1,3381.31
ord_24962,cod,1,6089.29
ord_24963,credit_card,6,8310.49
ord_24964,debit_card,1,1673.27
ord_24965,upi,1,904.7
ord_24966,credit_card,1,5260.75
ord_24967,cod,1,1277.76
ord_24968,upi,1,1801.39
ord_24969,upi,1,1023.25
ord_24970,credit_card,6,12996.28
ord_24971,debit_card,1,2324.95
ord_24972,credit_card,3,10226.74
ord_24973,upi,1,2200.74
ord_24974,cod,1,9056.84
ord_24975,credit_card,5,8978.53
ord_24976,debit_card,1,894.35
ord_24977,upi,1,4489.93
ord_24978,cod,1,7872.11
ord_24979,credit_card,6,11796.42
ord_24980,debit_card,1,1104.27
ord_24981,credit_card,6,1053.07
ord_24982,upi,1,743.81
ord_24983,cod,1,1389.83
ord_24984,upi,1,7569.79
ord_24985,credit_card,2,1814.69
ord_24986,debit_card,1,394.55
ord_24987,credit_card,6,971.89
ord_24988,credit_card,2,2096.74
ord_24989,cod,1,1883.46
ord_24990,upi,1,1628.3
ord_24991,upi,1,1284.64
ord_24992,upi,1,8467.13
ord_24993,wallet,1,4241.7
ord_24994,upi,1,17346.35
ord_24995,credit_card,2,1595.55
ord_24996,upi,1,7583.15
ord_24997,upi,1,8993.44
ord_24998,upi,1,5226.69
ord_24999,debit_card,1,1144.93
ord_25000,credit_card,5,1832.16
ord_25001,upi,1,3453.43
ord_25002,credit_card,2,11044.39
ord_25003,upi,1,4456.56
ord_25004,wallet,1,2209.2
ord_25005,credit_card,3,2812.43
ord_25006,cod,1,1885.95
ord_25007,wallet,1,2506.4
ord_25008,upi,1,2254.41
ord_25009,credit_card,1,5561.19
ord_25010,upi,1,2465.45
ord_25011,credit_card,4,6985.73
ord_25012,debit_card,1,2341.52
ord_25013,cod,1,6401.24
ord_25014,upi,1,10903.1
ord_25015,debit_card,1,2303.03
ord_25016,credit_card,3,1145.38
ord_25017,upi,1,696.62
ord_25018,upi,1,13070.99
ord_25019,wallet,1,6457.96
ord_25020,upi,1,1751.95
ord_25021,upi,1,1047.09
ord_25022,upi,1,2101.15
ord_25023,wallet,1,2058.9
ord_25024,wallet,1,714.42
ord_25025,cod,1,507.32
ord_25026,cod,1,7298.07
ord_25027,credit_card,3,1948.08
ord_25028,wallet,1,5751.46
ord_25029,wallet,1,1473.92
ord_25030,credit_card,6,1771.26
ord_25031,upi,1,474.66
ord_25032,upi,1,8187.39
ord_25033,credit_card,5,4639.8
ord_25034,cod,1,945.65
ord_25035,cod,1,21873.15
ord_25036,upi,1,3411.78
ord_25037,upi,1,491.84
ord_25038,credit_card,5,9566.35
ord_25039,wallet,1,6205.59
ord_25040,credit_card,6,1326.81
ord_25041,wallet,1,2028.23
ord_25042,credit_card,2,18424.84
ord_25043,cod,1,8448.82
ord_25044,credit_card,4,2349.23
ord_25045,upi,1,4050.59
ord_25046,credit_card,1,1031.5
ord_25047,credit_card,1,12384.06
ord_25048,credit_card,5,13542.51
ord_25049,upi,1,2865.7
ord_25050,credit_card,1,3926.68
ord_25051,upi,1,14502.52
ord_25052,upi,1,10576.59
ord_25053,credit_card,6,807.71
ord_25054,credit_card,3,1610.29
ord_25055,upi,1,1431.52
ord_25056,debit_card,1,449.08
ord_25057,cod,1,375.51
ord_25058,cod,1,7720.75
ord_25059,cod,1,9306.17
ord_25060,upi,1,1184.16
ord_25061,cod,1,1153.61
ord_25062,credit_card,3,5143.78
ord_25063,upi,1,2100.04
ord_25064,cod,1,830.84
ord_25065,debit_card,1,3517.17
ord_25066,debit_card,1,7191.15
ord_25067,credit_card,5,469.96
ord_25068,cod,1,2626.16
ord_25069,upi,1,9559.27
ord_25070,cod,1,15560.98
ord_25071,wallet,1,9326.97
ord_25072,upi,1,10422.38
ord_25073,upi,1,1888.57
ord_25074,credit_card,5,7493.57
ord_25075,upi,1,7847.99
ord_25076,credit_card,5,1376.77
ord_25077,upi,1,1219.11
ord_25078,upi,1,6353.49
ord_25079,upi,1,4435.74
ord_25080,cod,1,8864.57
ord_25081,cod,1,4851.8
ord_25082,cod,1,851.61
ord_25083,cod,1,3283.91
ord_25084,upi,1,2111.39
ord_25085,wallet,1,1132.34
ord_25086,upi,1,7603.48
ord_25087,cod,1,7738.13
ord_25088,cod,1,905.92
ord_25089,credit_card,2,4000.79
ord_25090,credit_card,2,750.81
ord_25091,credit_card,3,5686.35
ord_25092,debit_card,1,2581.91
ord_25093,upi,1,2822.4
ord_25094,upi,1,7315.55
ord_25095,credit_card,5,3687.93
ord_25096,credit_card,3,6413.32
ord_25097,wallet,1,14038.97
ord_25098,credit_card,6,8953.77
ord_25099,credit_card,5,812.61
ord_25100,upi,1,10465.3
ord_25101,credit_card,2,1032.74
ord_25102,upi,1,928.53
ord_25103,upi,1,252.81
ord_25104,cod,1,2457.12
ord_25105,upi,1,6418.0
ord_25106,upi,1,745.67
ord_25107,upi,1,1811.62
ord_25108,upi,1,1134.72
ord_25109,upi,1,1859.97
ord_25110,credit_card,4,1127.79
ord_25111,credit_card,6,4226.96
ord_25112,cod,1,959.49
ord_25113,upi,1,557.83
ord_25114,credit_card,4,1180.81
ord_25115,upi,1,564.74
ord_25116,upi,1,9003.45
ord_25117,credit_card,1,199.46
ord_25118,upi,1,7093.75
ord_25119,upi,1,8340.18
ord_25120,wallet,1,517.98
ord_25121,wallet,1,11321.24
ord_25122,upi,1,448.03
ord_25123,credit_card,2,6810.73
ord_25124,cod,1,10631.98
ord_25125,upi,1,1235.63
ord_25126,debit_card,1,1002.51
ord_25127,credit_card,1,1151.27
ord_25128,upi,1,1914.71
ord_25129,debit_card,1,3711.7
ord_25130,debit_card,1,5768.69
ord_25131,upi,1,2264.73
ord_25132,upi,1,2370.28
ord_25133,upi,1,1822.98
ord_25134,upi,1,313.61
ord_25135,cod,1,1548.71
ord_25136,credit_card,1,4029.84
ord_25137,credit_card,2,1711.19
ord_25138,credit_card,3,861.9
ord_25139,wallet,1,8242.62
ord_25140,cod,1,483.38
ord_25141,cod,1,20125.82
ord_25142,wallet,1,2820.68
ord_25143,credit_card,2,5628.97
ord_25144,credit_card,2,380.87
ord_25145,cod,1,4322.0
ord_25146,upi,1,3885.61
ord_25147,debit_card,1,12005.78
ord_25148,debit_card,1,1171.19
ord_25149,wallet,1,1529.31
ord_25150,credit_card,1,5897.61
ord_25151,upi,1,1785.07
ord_25152,upi,1,1535.63
ord_25153,credit_card,4,13823.08
ord_25154,upi,1,2031.04
ord_25155,credit_card,5,1827.15
ord_25156,debit_card,1,4193.61
ord_25157,debit_card,1,430.35
ord_25158,upi,1,1435.1
ord_25159,credit_card,1,18576.48
ord_25160,upi,1,3993.24
ord_25161,cod,1,395.66
ord_25162,upi,1,2635.36
ord_25163,credit_card,1,7014.66
ord_25164,cod,1,3185.84
ord_25165,credit_card,4,1471.93
ord_25166,cod,1,6984.81
ord_25167,upi,1,1025.31
ord_25168,upi,1,9349.02
ord_25169,upi,1,3458.3
ord_25170,upi,1,1504.9
ord_25171,upi,1,11276.37
ord_25172,debit_card,1,2047.06
ord_25173,upi,1,1101.64
ord_25174,credit_card,2,5372.3
ord_25175,upi,1,556.47
ord_25176,upi,1,8407.25
ord_25177,debit_card,1,2341.35
ord_25178,wallet,1,2342.62
ord_25179,credit_card,6,2026.45
ord_25180,upi,1,10535.99
ord_25181,credit_card,4,6169.27
ord_25182,upi,1,7290.3
ord_25183,upi,1,9776.17
ord_25184,debit_card,1,1598.36
ord_25185,upi,1,935.98
ord_25186,debit_card,1,1280.71
ord_25187,debit_card,1,27252.09
ord_25188,wallet,1,1814.27
ord_25189,credit_card,1,3391.08
ord_25190,upi,1,2036.42
ord_25191,credit_card,5,3108.73
ord_25192,upi,1,588.46
ord_25193,cod,1,9404.95
ord_25194,upi,1,10870.44
ord_25195,debit_card,1,2573.87
ord_25196,credit_card,1,1295.53
ord_25197,debit_card,1,2752.91
ord_25198,upi,1,2868.6
ord_25199,upi,1,5274.37
ord_25200,cod,1,2984.69
ord_25201,debit_card,1,9436.3
ord_25202,credit_card,4,818.53
ord_25203,credit_card,1,897.31
ord_25204,upi,1,7153.6
ord_25205,debit_card,1,6899.1
ord_25206,debit_card,1,7330.07
ord_25207,cod,1,8119.49
ord_25208,upi,1,1536.9
ord_25209,credit_card,5,20174.29
ord_25210,upi,1,4584.06
ord_25211,debit_card,1,4213.09
ord_25212,upi,1,2334.73
ord_25213,debit_card,1,6035.67
ord_25214,credit_card,5,1044.14
ord_25215,upi,1,6913.91
ord_25216,credit_card,4,1889.36
ord_25217,credit_card,6,16387.98
ord_25218,upi,1,467.88
ord_25219,upi,1,703.95
ord_25220,upi,1,571.79
ord_25221,credit_card,1,1516.16
ord_25222,wallet,1,18047.94
ord_25223,upi,1,832.93
ord_25224,credit_card,4,7590.38
ord_25225,upi,1,625.34
ord_25226,upi,1,1882.0
ord_25227,cod,1,13671.97
ord_25228,debit_card,1,611.71
ord_25229,cod,1,1329.82
ord_25230,credit_card,4,1156.36
ord_25231,upi,1,899.04
ord_25232,credit_card,4,864.87
ord_25233,credit_card,3,8501.12
ord_25234,cod,1,10858.19
ord_25235,credit_card,1,5957.13
ord_25236,upi,1,11867.82
ord_25237,debit_card,1,2842.59
ord_25238,credit_card,1,1750.61
ord_25239,credit_card,3,17347.84
ord_25240,upi,1,9060.03
ord_25241,upi,1,6083.14
ord_25242,debit_card,1,7377.82
ord_25243,credit_card,2,516.97
ord_25244,credit_card,2,2470.52
ord_25245,upi,1,17692.95
ord_25246,cod,1,8718.12
ord_25247,credit_card,3,10534.81
ord_25248,upi,1,4439.47
ord_25249,credit_card,2,1446.84
ord_25250,credit_card,6,675.5
ord_25251,credit_card,5,1278.27
ord_25252,debit_card,1,15465.05
ord_25253,credit_card,4,1882.07
ord_25254,upi,1,1837.69
ord_25255,credit_card,1,499.59
ord_25256,wallet,1,1255.75
ord_25257,cod,1,1180.14
ord_25258,upi,1,4893.48
ord_25259,credit_card,1,539.25
ord_25260,cod,1,1448.35
ord_25261,upi,1,3164.08
ord_25262,upi,1,692.48
ord_25263,wallet,1,14425.74
ord_25264,upi,1,8310.04
ord_25265,upi,1,2195.86
ord_25266,wallet,1,1537.68
ord_25267,cod,1,8658.81
ord_25268,wallet,1,1093.16
ord_25269,cod,1,17530.88
ord_25270,credit_card,5,4678.41
ord_25271,credit_card,6,13513.46
ord_25272,debit_card,1,1212.09
ord_25273,upi,1,1190.94
ord_25274,wallet,1,4047.34
ord_25275,credit_card,6,1619.97
ord_25276,credit_card,1,16353.07
ord_25277,credit_card,4,2444.87
ord_25278,upi,1,2210.65
ord_25279,cod,1,9107.47
ord_25280,upi,1,3513.18
ord_25281,upi,1,7070.08
ord_25282,debit_card,1,2108.26
ord_25283,debit_card,1,2488.71
ord_25284,cod,1,747.1
ord_25285,upi,1,10091.79
ord_25286,upi,1,1723.6
ord_25287,upi,1,2954.0
ord_25288,cod,1,5793.47
ord_25289,upi,1,1640.8
ord_25290,wallet,1,904.27
ord_25291,upi,1,629.92
ord_25292,upi,1,14510.14
ord_25293,credit_card,3,1669.31
ord_25294,credit_card,4,2239.29
ord_25295,wallet,1,3958.49
ord_25296,cod,1,2157.18
ord_25297,credit_card,1,3909.31
ord_25298,upi,1,8365.16
ord_25299,cod,1,2302.42
ord_25300,upi,1,802.55
ord_25301,credit_card,1,3662.96
ord_25302,cod,1,2551.95
ord_25303,wallet,1,857.39
ord_25304,upi,1,1213.26
ord_25305,wallet,1,436.38
ord_25306,wallet,1,1392.24
ord_25307,cod,1,454.95
ord_25308,credit_card,1,559.26
ord_25309,upi,1,1586.98
ord_25310,debit_card,1,9306.38
ord_25311,upi,1,16883.15
ord_25312,credit_card,4,1175.25
ord_25313,upi,1,1284.79
ord_25314,debit_card,1,7761.26
ord_25315,credit_card,6,1643.72
ord_25316,credit_card,2,7312.06
ord_25317,upi,1,13395.33
ord_25318,debit_card,1,2085.8
ord_25319,credit_card,3,3792.98
ord_25320,upi,1,2381.18
ord_25321,cod,1,1104.44
ord_25322,upi,1,5081.4
ord_25323,credit_card,4,1275.42
ord_25324,debit_card,1,1196.26
ord_25325,credit_card,4,811.42
ord_25326,upi,1,1028.43
ord_25327,credit_card,4,9982.17
ord_25328,wallet,1,697.96
ord_25329,upi,1,3441.24
ord_25330,credit_card,6,13203.93
ord_25331,credit_card,4,2653.23
ord_25332,upi,1,8440.11
ord_25333,credit_card,4,8783.74
ord_25334,credit_card,1,2042.4
ord_25335,debit_card,1,3791.32
ord_25336,credit_card,5,3134.89
ord_25337,cod,1,6512.35
ord_25338,upi,1,2516.41
ord_25339,wallet,1,6366.81
ord_25340,credit_card,3,8593.29
ord_25341,debit_card,1,856.13
ord_25342,credit_card,4,8549.66
ord_25343,wallet,1,3562.69
ord_25344,credit_card,2,4798.34
ord_25345,credit_card,6,5880.77
ord_25346,debit_card,1,3785.09
ord_25347,debit_card,1,1958.27
ord_25348,upi,1,9699.42
ord_25349,upi,1,11648.23
ord_25350,upi,1,1385.26
ord_25351,credit_card,3,1377.76
ord_25352,wallet,1,7433.22
ord_25353,upi,1,2384.47
ord_25354,upi,1,4171.56
ord_25355,debit_card,1,6906.31
ord_25356,upi,1,9307.19
ord_25357,cod,1,384.32
ord_25358,credit_card,3,903.03
ord_25359,upi,1,5346.84
ord_25360,wallet,1,17068.67
ord_25361,upi,1,444.02
ord_25362,wallet,1,2243.98
ord_25363,upi,1,301.2
ord_25364,credit_card,5,3590.91
ord_25365,credit_card,2,5693.79
ord_25366,debit_card,1,5313.53
ord_25367,wallet,1,2984.54
ord_25368,upi,1,1433.64
ord_25369,credit_card,3,751.87
ord_25370,debit_card,1,495.56
ord_25371,debit_card,1,2734.37
ord_25372,cod,1,11717.15
ord_25373,upi,1,10815.42
ord_25374,credit_card,5,6602.19
ord_25375,debit_card,1,5910.21
ord_25376,upi,1,2822.42
ord_25377,debit_card,1,517.46
ord_25378,upi,1,2428.08
ord_25379,upi,1,1438.65
ord_25380,cod,1,491.45
ord_25381,debit_card,1,2087.66
ord_25382,debit_card,1,396.84
ord_25383,credit_card,1,952.24
ord_25384,wallet,1,2289.25
ord_25385,credit_card,3,1821.01
ord_25386,cod,1,9322.95
ord_25387,upi,1,3018.57
ord_25388,credit_card,2,788.66
ord_25389,wallet,1,13217.09
ord_25390,upi,1,2167.18
ord_25391,wallet,1,9192.68
ord_25392,credit_card,1,676.26
ord_25393,wallet,1,8950.14
ord_25394,upi,1,1249.42
ord_25395,credit_card,3,12472.11
ord_25396,credit_card,3,6801.13
ord_25397,upi,1,198.66
ord_25398,upi,1,6345.53
ord_25399,credit_card,3,1710.02
ord_25400,wallet,1,6310.4
ord_25401,credit_card,2,3719.88
ord_25402,credit_card,5,7709.59
ord_25403,wallet,1,1290.47
ord_25404,credit_card,5,9724.97
ord_25405,upi,1,2247.94
ord_25406,cod,1,10522.6
ord_25407,debit_card,1,7523.77
ord_25408,credit_card,3,238.71
ord_25409,cod,1,3102.78
ord_25410,wallet,1,3846.15
ord_25411,cod,1,10261.33
ord_25412,credit_card,5,1057.6
ord_25413,upi,1,9038.62
ord_25414,upi,1,1122.01
ord_25415,upi,1,5706.71
ord_25416,credit_card,6,865.57
ord_25417,cod,1,908.72
ord_25418,cod,1,10934.03
ord_25419,credit_card,5,6050.02
ord_25420,cod,1,7058.66
ord_25421,upi,1,620.25
ord_25422,credit_card,1,2782.11
ord_25423,upi,1,2366.23
ord_25424,credit_card,2,6129.96
ord_25425,upi,1,2604.3
ord_25426,credit_card,2,1043.07
ord_25427,credit_card,5,3717.36
ord_25428,credit_card,1,3566.44
ord_25429,credit_card,1,7624.47
ord_25430,wallet,1,3519.53
ord_25431,cod,1,1243.42
ord_25432,upi,1,1935.67
ord_25433,credit_card,3,2568.91
ord_25434,upi,1,707.84
ord_25435,wallet,1,9831.51
ord_25436,debit_card,1,8723.68
ord_25437,debit_card,1,4256.98
ord_25438,debit_card,1,6903.73
ord_25439,upi,1,1711.96
ord_25440,credit_card,6,11468.49
ord_25441,upi,1,7664.77
ord_25442,credit_card,5,2733.74
ord_25443,credit_card,4,10934.74
ord_25444,upi,1,11595.53
ord_25445,credit_card,2,6332.38
ord_25446,wallet,1,8457.29
ord_25447,cod,1,14253.52
ord_25448,upi,1,318.08
ord_25449,upi,1,11419.09
ord_25450,upi,1,8803.27
ord_25451,upi,1,562.67
ord_25452,cod,1,384.44
ord_25453,wallet,1,6959.06
ord_25454,credit_card,5,965.34
ord_25455,upi,1,2145.12
ord_25456,debit_card,1,7785.25
ord_25457,credit_card,3,4310.13
ord_25458,debit_card,1,6574.21
ord_25459,cod,1,797.68
ord_25460,credit_card,1,7167.44
ord_25461,upi,1,2141.66
ord_25462,upi,1,10125.57
ord_25463,debit_card,1,2981.31
ord_25464,upi,1,8655.1
ord_25465,credit_card,6,315.73
ord_25466,credit_card,3,823.41
ord_25467,upi,1,7027.17
ord_25468,credit_card,3,458.98
ord_25469,cod,1,982.24
ord_25470,upi,1,5864.63
ord_25471,cod,1,7833.81
ord_25472,upi,1,1679.69
ord_25473,upi,1,3863.33
ord_25474,credit_card,4,10459.0
ord_25475,credit_card,6,3004.65
ord_25476,upi,1,9651.1
ord_25477,credit_card,1,715.65
ord_25478,debit_card,1,1986.88
ord_25479,wallet,1,789.11
ord_25480,wallet,1,2252.56
ord_25481,credit_card,6,13972.11
ord_25482,debit_card,1,237.47
ord_25483,credit_card,3,1960.15
ord_25484,credit_card,1,16432.37
ord_25485,credit_card,6,1582.56
ord_25486,credit_card,3,12688.73
ord_25487,credit_card,1,909.1
ord_25488,credit_card,5,1760.95
ord_25489,credit_card,4,1815.73
ord_25490,upi,1,4645.85
ord_25491,upi,1,733.65
ord_25492,upi,1,1037.24
ord_25493,upi,1,1049.01
ord_25494,debit_card,1,1142.02
ord_25495,credit_card,4,9103.42
ord_25496,credit_card,3,7586.19
ord_25497,upi,1,2121.49
ord_25498,upi,1,5713.95
ord_25499,cod,1,1123.26
ord_25500,credit_card,2,2451.33
ord_25501,upi,1,9390.69
ord_25502,upi,1,5197.79
ord_25503,upi,1,9052.65
ord_25504,upi,1,5470.9
ord_25505,upi,1,1937.0
ord_25506,upi,1,6747.26
ord_25507,credit_card,2,19372.34
ord_25508,credit_card,6,1317.21
ord_25509,upi,1,433.57
ord_25510,credit_card,1,2382.57
ord_25511,upi,1,7405.87
ord_25512,upi,1,3149.47
ord_25513,debit_card,1,3025.45
ord_25514,wallet,1,4835.98
ord_25515,credit_card,4,619.13
ord_25516,upi,1,15097.17
ord_25517,debit_card,1,663.96
ord_25518,upi,1,10101.18
ord_25519,debit_card,1,8723.51
ord_25520,debit_card,1,1647.67
ord_25521,credit_card,1,4451.37
ord_25522,cod,1,876.03
ord_25523,wallet,1,8899.7
ord_25524,cod,1,607.21
ord_25525,credit_card,1,2525.38
ord_25526,upi,1,8341.1
ord_25527,credit_card,2,4091.57
ord_25528,upi,1,14752.2
ord_25529,wallet,1,1295.76
ord_25530,credit_card,3,11418.66
ord_25531,upi,1,8537.91
ord_25532,credit_card,6,3232.26
ord_25533,upi,1,2136.04
ord_25534,cod,1,1226.99
ord_25535,credit_card,3,1462.57
ord_25536,wallet,1,2891.86
ord_25537,upi,1,1432.07
ord_25538,cod,1,7965.6
ord_25539,upi,1,2006.93
ord_25540,upi,1,8963.84
ord_25541,upi,1,11909.73
ord_25542,wallet,1,2044.82
ord_25543,upi,1,8083.55
ord_25544,upi,1,7131.33
ord_25545,upi,1,9873.48
ord_25546,upi,1,11042.85
ord_25547,credit_card,2,2577.99
ord_25548,credit_card,6,8418.07
ord_25549,credit_card,1,5255.95
ord_25550,upi,1,7752.35
ord_25551,wallet,1,1117.99
ord_25552,upi,1,2250.61
ord_25553,credit_card,4,482.79
ord_25554,upi,1,495.24
ord_25555,upi,1,3470.76
ord_25556,cod,1,520.27
ord_25557,upi,1,9369.7
ord_25558,upi,1,2290.85
ord_25559,upi,1,4960.33
ord_25560,credit_card,5,6162.5
ord_25561,upi,1,770.04
ord_25562,debit_card,1,689.68
ord_25563,debit_card,1,9310.39
ord_25564,upi,1,5276.03
ord_25565,credit_card,6,1857.05
ord_25566,upi,1,7527.51
ord_25567,credit_card,4,1903.28
ord_25568,cod,1,1707.76
ord_25569,credit_card,1,777.54
ord_25570,debit_card,1,3864.53
ord_25571,credit_card,2,1107.75
ord_25572,credit_card,4,1127.73
ord_25573,upi,1,580.95
ord_25574,upi,1,770.0
ord_25575,credit_card,3,7073.59
ord_25576,upi,1,2319.55
ord_25577,upi,1,10416.36
ord_25578,debit_card,1,4757.7
ord_25579,upi,1,2766.97
ord_25580,upi,1,1426.41
ord_25581,cod,1,1208.85
ord_25582,upi,1,1468.77
ord_25583,credit_card,4,3324.08
ord_25584,credit_card,2,7324.76
ord_25585,upi,1,1165.06
ord_25586,cod,1,1907.46
ord_25587,credit_card,6,9111.02
ord_25588,credit_card,6,504.89
ord_25589,cod,1,8096.12
ord_25590,credit_card,3,15515.4
ord_25591,wallet,1,5285.25
ord_25592,upi,1,1386.85
ord_25593,credit_card,4,795.08
ord_25594,credit_card,5,11031.0
ord_25595,upi,1,618.24
ord_25596,upi,1,1831.0
ord_25597,cod,1,9047.01
ord_25598,cod,1,6961.11
ord_25599,upi,1,771.14
ord_25600,upi,1,2899.09
ord_25601,upi,1,2193.02
ord_25602,credit_card,4,1094.01
ord_25603,cod,1,2510.95
ord_25604,credit_card,6,6382.53
ord_25605,cod,1,9681.52
ord_25606,upi,1,2962.67
ord_25607,credit_card,6,2738.91
ord_25608,upi,1,1545.99
ord_25609,wallet,1,689.07
ord_25610,cod,1,4853.94
ord_25611,upi,1,12560.74
ord_25612,credit_card,4,347.43
ord_25613,upi,1,7621.29
ord_25614,upi,1,1340.93
ord_25615,upi,1,4538.66
ord_25616,wallet,1,800.91
ord_25617,upi,1,9310.07
ord_25618,credit_card,3,8899.09
ord_25619,credit_card,5,1065.64
ord_25620,upi,1,1558.07
ord_25621,upi,1,935.1
ord_25622,wallet,1,13730.82
ord_25623,credit_card,2,2042.07
ord_25624,upi,1,700.86
ord_25625,debit_card,1,587.42
ord_25626,upi,1,3117.47
ord_25627,upi,1,515.65
ord_25628,debit_card,1,1542.23
ord_25629,upi,1,1823.44
ord_25630,debit_card,1,5429.6
ord_25631,debit_card,1,2509.43
ord_25632,upi,1,3429.58
ord_25633,wallet,1,1022.44
ord_25634,credit_card,4,11033.74
ord_25635,wallet,1,4328.66
ord_25636,debit_card,1,10767.17
ord_25637,cod,1,943.62
ord_25638,credit_card,3,6375.1
ord_25639,wallet,1,977.8
ord_25640,debit_card,1,13719.04
ord_25641,debit_card,1,1443.75
ord_25642,wallet,1,2759.1
ord_25643,credit_card,4,444.34
ord_25644,wallet,1,2023.74
ord_25645,credit_card,4,4814.21
ord_25646,credit_card,5,1089.58
ord_25647,upi,1,968.81
ord_25648,upi,1,3055.81
ord_25649,upi,1,12331.96
ord_25650,credit_card,4,811.57
ord_25651,debit_card,1,2527.56
ord_25652,upi,1,2243.93
ord_25653,credit_card,6,3595.35
ord_25654,debit_card,1,1528.29
ord_25655,credit_card,6,1319.17
ord_25656,upi,1,2288.16
ord_25657,credit_card,2,783.69
ord_25658,wallet,1,570.97
ord_25659,credit_card,1,2836.65
ord_25660,credit_card,3,670.68
ord_25661,cod,1,4793.39
ord_25662,cod,1,9149.48
ord_25663,credit_card,1,3981.86
ord_25664,wallet,1,483.28
ord_25665,credit_card,4,2306.21
ord_25666,upi,1,600.18
ord_25667,credit_card,3,963.41
ord_25668,upi,1,1759.76
ord_25669,upi,1,3917.74
ord_25670,upi,1,612.56
ord_25671,debit_card,1,5081.67
ord_25672,credit_card,4,1644.13
ord_25673,upi,1,2489.21
ord_25674,upi,1,1007.66
ord_25675,credit_card,3,12398.47
ord_25676,upi,1,9781.94
ord_25677,upi,1,958.4
ord_25678,credit_card,2,13576.59
ord_25679,debit_card,1,9951.08
ord_25680,upi,1,4801.68
ord_25681,debit_card,1,2138.38
ord_25682,credit_card,1,915.53
ord_25683,cod,1,568.76
ord_25684,credit_card,4,415.77
ord_25685,debit_card,1,9874.21
ord_25686,cod,1,3867.07
ord_25687,debit_card,1,2845.53
ord_25688,wallet,1,544.58
ord_25689,upi,1,15931.23
ord_25690,upi,1,2186.44
ord_25691,wallet,1,5919.37
ord_25692,debit_card,1,1210.67
ord_25693,credit_card,1,723.79
ord_25694,wallet,1,638.22
ord_25695,credit_card,2,16910.96
ord_25696,wallet,1,2714.27
ord_25697,cod,1,5833.52
ord_25698,debit_card,1,7857.34
ord_25699,upi,1,2077.95
ord_25700,upi,1,1548.42
ord_25701,upi,1,2655.73
ord_25702,cod,1,17896.22
ord_25703,cod,1,16439.99
ord_25704,debit_card,1,10341.2
ord_25705,credit_card,4,638.23
ord_25706,debit_card,1,7147.71
ord_25707,upi,1,10105.86
ord_25708,upi,1,2081.09
ord_25709,credit_card,1,2469.49
ord_25710,debit_card,1,7045.65
ord_25711,debit_card,1,10177.21
ord_25712,credit_card,2,526.46
ord_25713,upi,1,522.05
ord_25714,cod,1,4921.1
ord_25715,cod,1,3098.25
ord_25716,cod,1,1334.61
ord_25717,credit_card,1,465.71
ord_25718,upi,1,9168.58
ord_25719,debit_card,1,562.63
ord_25720,credit_card,5,1667.9
ord_25721,credit_card,3,8934.25
ord_25722,upi,1,7244.51
ord_25723,credit_card,4,1005.82
ord_25724,upi,1,2688.34
ord_25725,wallet,1,6075.0
ord_25726,upi,1,2502.13
ord_25727,credit_card,3,10180.72
ord_25728,upi,1,10231.45
ord_25729,debit_card,1,1002.58
ord_25730,credit_card,3,11005.9
ord_25731,debit_card,1,1893.37
ord_25732,credit_card,1,14474.65
ord_25733,upi,1,1660.34
ord_25734,upi,1,2178.96
ord_25735,cod,1,17582.39
ord_25736,credit_card,1,1809.47
ord_25737,cod,1,5432.54
ord_25738,credit_card,2,1218.67
ord_25739,credit_card,5,6774.17
ord_25740,debit_card,1,2429.49
ord_25741,upi,1,492.83
ord_25742,upi,1,10588.24
ord_25743,upi,1,522.93
ord_25744,credit_card,2,3236.73
ord_25745,upi,1,5225.65
ord_25746,cod,1,469.77
ord_25747,credit_card,4,1304.97
ord_25748,cod,1,7169.01
ord_25749,credit_card,5,9506.12
ord_25750,upi,1,4607.45
ord_25751,upi,1,9944.68
ord_25752,debit_card,1,6746.93
ord_25753,upi,1,10999.51
ord_25754,upi,1,6448.53
ord_25755,wallet,1,7992.8
ord_25756,debit_card,1,2512.03
ord_25757,credit_card,5,2970.59
ord_25758,upi,1,8110.38
ord_25759,cod,1,3190.78
ord_25760,upi,1,6048.3
ord_25761,credit_card,3,9110.5
ord_25762,upi,1,534.26
ord_25763,credit_card,3,4418.11
ord_25764,upi,1,2976.21
ord_25765,upi,1,1535.07
ord_25766,upi,1,4777.67
ord_25767,cod,1,518.34
ord_25768,credit_card,4,839.77
ord_25769,credit_card,3,335.99
ord_25770,credit_card,6,907.77
ord_25771,upi,1,15562.69
ord_25772,debit_card,1,9956.6
ord_25773,upi,1,9536.73
ord_25774,wallet,1,1531.86
ord_25775,upi,1,750.48
ord_25776,credit_card,2,1072.86
ord_25777,credit_card,1,9746.18
ord_25778,upi,1,15636.76
ord_25779,upi,1,8773.86
ord_25780,upi,1,1868.04
ord_25781,debit_card,1,14640.27
ord_25782,debit_card,1,7822.51
ord_25783,debit_card,1,12479.56
ord_25784,credit_card,2,21955.9
ord_25785,upi,1,682.23
ord_25786,upi,1,11171.59
ord_25787,upi,1,13328.73
ord_25788,credit_card,5,983.66
ord_25789,credit_card,1,867.14
ord_25790,debit_card,1,7284.76
ord_25791,debit_card,1,2049.83
ord_25792,credit_card,4,886.63
ord_25793,upi,1,622.73
ord_25794,debit_card,1,1645.94
ord_25795,upi,1,1268.86
ord_25796,credit_card,5,488.41
ord_25797,upi,1,22669.4
ord_25798,upi,1,975.06
ord_25799,upi,1,2698.46
ord_25800,wallet,1,833.13
ord_25801,upi,1,380.34
ord_25802,credit_card,2,8045.32
ord_25803,upi,1,8413.97
ord_25804,credit_card,5,13026.12
ord_25805,credit_card,2,1665.1
ord_25806,credit_card,3,5554.22
ord_25807,upi,1,8472.87
ord_25808,credit_card,5,1136.75
ord_25809,upi,1,2187.01
ord_25810,credit_card,6,2285.74
ord_25811,upi,1,6982.98
ord_25812,debit_card,1,5341.67
ord_25813,wallet,1,12038.5
ord_25814,debit_card,1,487.41
ord_25815,upi,1,3230.21
ord_25816,credit_card,1,1750.29
ord_25817,upi,1,6924.51
ord_25818,upi,1,1336.86
ord_25819,credit_card,3,19120.77
ord_25820,upi,1,2157.66
ord_25821,upi,1,1805.12
ord_25822,upi,1,585.31
ord_25823,upi,1,8256.3
ord_25824,credit_card,1,7402.08
ord_25825,credit_card,5,811.02
ord_25826,credit_card,4,1674.12
ord_25827,debit_card,1,6961.89
ord_25828,upi,1,2185.82
ord_25829,upi,1,7637.16
ord_25830,cod,1,7133.75
ord_25831,cod,1,902.41
ord_25832,wallet,1,7824.99
ord_25833,debit_card,1,1740.42
ord_25834,upi,1,1879.15
ord_25835,wallet,1,3287.55
ord_25836,credit_card,6,2657.03
ord_25837,upi,1,996.46
ord_25838,credit_card,6,6209.82
ord_25839,wallet,1,1398.75
ord_25840,upi,1,10897.93
ord_25841,upi,1,925.13
ord_25842,cod,1,6443.58
ord_25843,cod,1,998.97
ord_25844,cod,1,7846.68
ord_25845,upi,1,1754.25
ord_25846,upi,1,2211.68
ord_25847,wallet,1,1600.81
ord_25848,upi,1,384.02
ord_25849,credit_card,5,1449.39
ord_25850,debit_card,1,1977.16
ord_25851,debit_card,1,7411.17
ord_25852,credit_card,6,9501.75
ord_25853,upi,1,694.42
ord_25854,credit_card,1,15799.96
ord_25855,upi,1,2851.11
ord_25856,upi,1,3131.86
ord_25857,credit_card,3,10757.25
ord_25858,debit_card,1,1618.25
ord_25859,debit_card,1,993.88
ord_25860,upi,1,1567.23
ord_25861,debit_card,1,8395.24
ord_25862,debit_card,1,1559.72
ord_25863,debit_card,1,9802.16
ord_25864,wallet,1,348.65
ord_25865,upi,1,8177.51
ord_25866,upi,1,3191.34
ord_25867,upi,1,8826.21
ord_25868,credit_card,3,8920.3
ord_25869,credit_card,6,6719.38
ord_25870,upi,1,2084.28
ord_25871,cod,1,7428.77
ord_25872,wallet,1,820.45
ord_25873,upi,1,6350.22
ord_25874,cod,1,5965.93
ord_25875,credit_card,6,6976.45
ord_25876,upi,1,724.47
ord_25877,upi,1,1533.78
ord_25878,credit_card,1,3580.37
ord_25879,cod,1,14877.42
ord_25880,upi,1,5262.52
ord_25881,upi,1,11131.57
ord_25882,cod,1,2104.77
ord_25883,wallet,1,1554.64
ord_25884,credit_card,6,811.67
ord_25885,wallet,1,1973.9
ord_25886,wallet,1,2231.63
ord_25887,upi,1,1576.9
ord_25888,upi,1,7779.89
ord_25889,cod,1,918.27
ord_25890,debit_card,1,8637.6
ord_25891,credit_card,5,9665.74
ord_25892,upi,1,15242.67
ord_25893,upi,1,8671.04
ord_25894,credit_card,5,1689.15
ord_25895,upi,1,384.91
ord_25896,credit_card,5,443.37
ord_25897,credit_card,2,18637.23
ord_25898,upi,1,8652.18
ord_25899,debit_card,1,2969.5
ord_25900,upi,1,11674.02
ord_25901,wallet,1,2207.16
ord_25902,cod,1,448.0
ord_25903,cod,1,6468.49
ord_25904,upi,1,7734.48
ord_25905,credit_card,6,718.64
ord_25906,wallet,1,3051.46
ord_25907,upi,1,3788.66
ord_25908,upi,1,1235.32
ord_25909,credit_card,2,1513.17
ord_25910,wallet,1,3716.55
ord_25911,upi,1,2112.71
ord_25912,cod,1,596.0
ord_25913,upi,1,743.56
ord_25914,upi,1,1449.1
ord_25915,cod,1,6977.08
ord_25916,upi,1,511.72
ord_25917,cod,1,12108.62
ord_25918,upi,1,7800.18
ord_25919,upi,1,1441.42
ord_25920,credit_card,1,304.37
ord_25921,upi,1,6155.22
ord_25922,credit_card,6,1233.41
ord_25923,credit_card,6,969.87
ord_25924,upi,1,1687.7
ord_25925,upi,1,7750.35
ord_25926,upi,1,5220.83
ord_25927,wallet,1,15203.62
ord_25928,cod,1,6217.1
ord_25929,credit_card,2,1724.45
ord_25930,cod,1,11614.47
ord_25931,cod,1,337.8
ord_25932,credit_card,5,1905.01
ord_25933,upi,1,1462.69
ord_25934,debit_card,1,11523.72
ord_25935,cod,1,6252.51
ord_25936,debit_card,1,223.82
ord_25937,upi,1,515.98
ord_25938,upi,1,11669.28
ord_25939,wallet,1,2809.2
ord_25940,upi,1,3109.64
ord_25941,credit_card,3,995.98
ord_25942,cod,1,2507.39
ord_25943,upi,1,1611.99
ord_25944,upi,1,3669.21
ord_25945,credit_card,5,1061.58
ord_25946,upi,1,2979.55
ord_25947,upi,1,488.78
ord_25948,upi,1,6256.98
ord_25949,upi,1,8039.77
ord_25950,debit_card,1,1890.36
ord_25951,credit_card,5,1720.04
ord_25952,upi,1,1865.52
ord_25953,debit_card,1,7770.92
ord_25954,cod,1,4154.57
ord_25955,upi,1,11605.02
ord_25956,credit_card,3,13061.53
ord_25957,cod,1,2900.02
ord_25958,debit_card,1,2656.71
ord_25959,upi,1,6573.19
ord_25960,credit_card,6,2017.92
ord_25961,upi,1,12629.49
ord_25962,wallet,1,2658.16
ord_25963,wallet,1,3423.02
ord_25964,cod,1,6769.75
ord_25965,cod,1,4156.4
ord_25966,credit_card,3,8024.97
ord_25967,upi,1,7110.26
ord_25968,upi,1,9570.12
ord_25969,upi,1,1168.17
ord_25970,upi,1,4770.86
ord_25971,credit_card,6,10620.28
ord_25972,credit_card,4,7100.41
ord_25973,credit_card,6,14416.75
ord_25974,credit_card,2,515.38
ord_25975,debit_card,1,9223.02
ord_25976,upi,1,4912.2
ord_25977,debit_card,1,7851.62
ord_25978,upi,1,7844.16
ord_25979,upi,1,6943.16
ord_25980,upi,1,4141.88
ord_25981,credit_card,6,409.27
ord_25982,upi,1,9146.0
ord_25983,upi,1,3588.92
ord_25984,credit_card,3,1822.05
ord_25985,upi,1,658.93
ord_25986,upi,1,791.86
ord_25987,upi,1,5951.88
ord_25988,credit_card,1,16313.99
ord_25989,credit_card,6,3747.88
ord_25990,wallet,1,7307.7
ord_25991,credit_card,3,8118.18
ord_25992,upi,1,8857.81
ord_25993,debit_card,1,3226.73
ord_25994,credit_card,1,1393.38
ord_25995,debit_card,1,7237.3
ord_25996,credit_card,2,4162.72
ord_25997,upi,1,7571.27
ord_25998,upi,1,10516.88
ord_25999,cod,1,12244.9
ord_26000,upi,1,8105.81
ord_26001,wallet,1,1754.23
ord_26002,cod,1,3780.74
ord_26003,debit_card,1,5310.08
ord_26004,debit_card,1,1504.61
ord_26005,cod,1,9430.43
ord_26006,credit_card,1,4499.26
ord_26007,credit_card,4,9404.42
ord_26008,cod,1,561.28
ord_26009,credit_card,6,1000.77
ord_26010,debit_card,1,12476.8
ord_26011,credit_card,2,1092.61
ord_26012,upi,1,1722.14
ord_26013,credit_card,3,1344.98
ord_26014,wallet,1,1030.59
ord_26015,credit_card,3,1720.04
ord_26016,debit_card,1,12614.84
ord_26017,upi,1,1448.57
ord_26018,upi,1,1656.55
ord_26019,debit_card,1,6905.31
ord_26020,debit_card,1,6960.92
ord_26021,credit_card,5,3283.46
ord_26022,debit_card,1,1196.97
ord_26023,credit_card,3,485.58
ord_26024,upi,1,5034.63
ord_26025,wallet,1,8496.57
ord_26026,credit_card,5,8342.27
ord_26027,upi,1,4427.59
ord_26028,wallet,1,5724.56
ord_26029,upi,1,197.1
ord_26030,cod,1,6112.3
ord_26031,upi,1,1403.09
ord_26032,debit_card,1,1801.54
ord_26033,credit_card,6,852.69
ord_26034,credit_card,3,6481.31
ord_26035,upi,1,9079.49
ord_26036,cod,1,13586.23
ord_26037,upi,1,2344.55
ord_26038,cod,1,919.47
ord_26039,credit_card,4,10265.66
ord_26040,upi,1,2060.12
ord_26041,cod,1,1091.1
ord_26042,credit_card,1,4484.52
ord_26043,wallet,1,1147.52
ord_26044,cod,1,989.37
ord_26045,debit_card,1,2818.09
ord_26046,upi,1,612.18
ord_26047,credit_card,5,4586.58
ord_26048,credit_card,5,10647.57
ord_26049,wallet,1,1546.72
ord_26050,upi,1,2986.29
ord_26051,credit_card,4,297.69
ord_26052,credit_card,4,9390.76
ord_26053,upi,1,363.0
ord_26054,credit_card,6,2582.85
ord_26055,upi,1,8702.42
ord_26056,credit_card,3,1274.04
ord_26057,cod,1,996.12
ord_26058,credit_card,6,966.98
ord_26059,wallet,1,2738.71
ord_26060,upi,1,2858.44
ord_26061,upi,1,6594.99
ord_26062,upi,1,1525.37
ord_26063,cod,1,357.48
ord_26064,credit_card,2,6254.21
ord_26065,upi,1,1580.87
ord_26066,cod,1,998.14
ord_26067,upi,1,7124.31
ord_26068,credit_card,3,6408.33
ord_26069,debit_card,1,11348.28
ord_26070,credit_card,4,2882.27
ord_26071,cod,1,2618.69
ord_26072,wallet,1,12496.28
ord_26073,credit_card,2,6759.33
ord_26074,debit_card,1,1877.84
ord_26075,upi,1,4010.89
ord_26076,upi,1,9176.99
ord_26077,debit_card,1,16886.78
ord_26078,upi,1,378.24
ord_26079,upi,1,1237.93
ord_26080,upi,1,16880.9
ord_26081,upi,1,849.89
ord_26082,debit_card,1,3071.64
ord_26083,upi,1,1214.06
ord_26084,credit_card,2,8439.94
ord_26085,upi,1,5424.07
ord_26086,cod,1,17088.07
ord_26087,upi,1,1042.42
ord_26088,upi,1,1661.59
ord_26089,wallet,1,3204.8
ord_26090,credit_card,2,1328.54
ord_26091,wallet,1,21594.67
ord_26092,debit_card,1,797.48
ord_26093,credit_card,5,3493.21
ord_26094,credit_card,6,8301.06
ord_26095,upi,1,1034.45
ord_26096,upi,1,1981.8
ord_26097,credit_card,3,2332.76
ord_26098,credit_card,4,8023.62
ord_26099,credit_card,4,372.95
ord_26100,credit_card,3,1859.43
ord_26101,upi,1,454.75
ord_26102,upi,1,2889.42
ord_26103,wallet,1,8821.96
ord_26104,wallet,1,2113.32
ord_26105,credit_card,6,4156.73
ord_26106,upi,1,916.17
ord_26107,wallet,1,352.58
ord_26108,debit_card,1,3092.57
ord_26109,upi,1,2687.96
ord_26110,credit_card,5,1363.86
ord_26111,wallet,1,1318.92
ord_26112,wallet,1,7522.44
ord_26113,wallet,1,472.04
ord_26114,credit_card,6,492.94
ord_26115,cod,1,323.31
ord_26116,cod,1,11110.05
ord_26117,credit_card,1,5368.54
ord_26118,credit_card,1,1788.13
ord_26119,wallet,1,1354.72
ord_26120,upi,1,8628.94
ord_26121,credit_card,5,7377.81
ord_26122,credit_card,5,1762.59
ord_26123,cod,1,4252.21
ord_26124,wallet,1,944.8
ord_26125,debit_card,1,517.25
ord_26126,wallet,1,14965.82
ord_26127,credit_card,6,3858.01
ord_26128,upi,1,19959.52
ord_26129,debit_card,1,1259.63
ord_26130,cod,1,947.74
ord_26131,debit_card,1,1173.22
ord_26132,upi,1,5652.37
ord_26133,credit_card,2,6409.46
ord_26134,credit_card,4,5621.67
ord_26135,credit_card,6,8036.51
ord_26136,debit_card,1,9565.91
ord_26137,upi,1,2874.1
ord_26138,upi,1,6745.68
ord_26139,credit_card,6,1211.43
ord_26140,debit_card,1,5269.23
ord_26141,credit_card,2,3368.81
ord_26142,debit_card,1,1656.28
ord_26143,credit_card,2,3998.98
ord_26144,cod,1,2140.95
ord_26145,upi,1,2754.84
ord_26146,credit_card,6,7455.18
ord_26147,credit_card,5,15047.92
ord_26148,credit_card,3,7145.25
ord_26149,upi,1,6771.41
ord_26150,upi,1,1222.96
ord_26151,upi,1,6750.25
ord_26152,debit_card,1,2089.56
ord_26153,upi,1,3662.6
ord_26154,credit_card,2,7038.04
ord_26155,upi,1,1576.31
ord_26156,credit_card,5,11863.55
ord_26157,upi,1,10469.77
ord_26158,credit_card,3,7966.42
ord_26159,upi,1,2844.99
ord_26160,upi,1,2236.4
ord_26161,upi,1,1631.85
ord_26162,upi,1,3453.13
ord_26163,credit_card,1,8783.94
ord_26164,upi,1,1762.36
ord_26165,upi,1,744.7
ord_26166,wallet,1,1205.65
ord_26167,upi,1,2520.15
ord_26168,upi,1,2302.36
ord_26169,credit_card,1,1000.01
ord_26170,credit_card,5,6176.75
ord_26171,wallet,1,12093.63
ord_26172,cod,1,4110.04
ord_26173,debit_card,1,11846.33
ord_26174,upi,1,1894.65
ord_26175,debit_card,1,2541.8
ord_26176,credit_card,3,6083.26
ord_26177,upi,1,9398.07
ord_26178,credit_card,2,1279.33
ord_26179,debit_card,1,7091.26
ord_26180,debit_card,1,619.1
ord_26181,cod,1,7621.11
ord_26182,upi,1,2536.4
ord_26183,upi,1,1213.85
ord_26184,credit_card,2,1097.47
ord_26185,upi,1,1769.51
ord_26186,cod,1,2843.48
ord_26187,credit_card,3,603.55
ord_26188,debit_card,1,744.95
ord_26189,upi,1,6358.54
ord_26190,upi,1,9013.13
ord_26191,cod,1,1115.67
ord_26192,upi,1,1850.21
ord_26193,cod,1,9706.61
ord_26194,upi,1,684.53
ord_26195,credit_card,5,2232.87
ord_26196,upi,1,7636.53
ord_26197,upi,1,2239.74
ord_26198,upi,1,9868.89
ord_26199,credit_card,2,3866.33
ord_26200,credit_card,5,1512.73
ord_26201,credit_card,5,1945.87
ord_26202,wallet,1,2215.94
ord_26203,upi,1,7158.11
ord_26204,wallet,1,9579.93
ord_26205,debit_card,1,6103.47
ord_26206,upi,1,8759.77
ord_26207,wallet,1,600.42
ord_26208,credit_card,5,2210.95
ord_26209,upi,1,1923.2
ord_26210,credit_card,6,1196.89
ord_26211,debit_card,1,8787.21
ord_26212,upi,1,2290.66
ord_26213,wallet,1,776.77
ord_26214,credit_card,5,824.32
ord_26215,credit_card,2,867.46
ord_26216,upi,1,1284.42
ord_26217,upi,1,1921.73
ord_26218,wallet,1,866.27
ord_26219,credit_card,5,1198.81
ord_26220,credit_card,6,3860.81
ord_26221,upi,1,2751.57
ord_26222,wallet,1,1872.61
ord_26223,cod,1,1202.94
ord_26224,credit_card,2,1389.47
ord_26225,credit_card,3,1816.97
ord_26226,upi,1,2024.9
ord_26227,upi,1,3664.87
ord_26228,upi,1,8585.14
ord_26229,upi,1,1191.47
ord_26230,cod,1,7480.83
ord_26231,upi,1,1063.3
ord_26232,credit_card,2,161.77
ord_26233,debit_card,1,11349.26
ord_26234,upi,1,2467.24
ord_26235,credit_card,2,7025.44
ord_26236,cod,1,1254.33
ord_26237,upi,1,15560.51
ord_26238,upi,1,5337.05
ord_26239,credit_card,6,2224.32
ord_26240,upi,1,1473.57
ord_26241,upi,1,1079.59
ord_26242,credit_card,6,4915.04
ord_26243,credit_card,4,2870.22
ord_26244,credit_card,6,3304.51
ord_26245,upi,1,531.59
ord_26246,upi,1,1952.32
ord_26247,wallet,1,7385.21
ord_26248,cod,1,7722.39
ord_26249,credit_card,5,2641.7
ord_26250,wallet,1,2791.73
ord_26251,upi,1,2647.4
ord_26252,upi,1,3862.86
ord_26253,wallet,1,400.6
ord_26254,wallet,1,1496.68
ord_26255,credit_card,4,6880.8
ord_26256,credit_card,6,953.9
ord_26257,credit_card,6,3332.27
ord_26258,credit_card,1,833.72
ord_26259,upi,1,751.63
ord_26260,upi,1,2184.02
ord_26261,cod,1,2074.86
ord_26262,credit_card,1,1662.74
ord_26263,cod,1,1552.13
ord_26264,upi,1,1688.51
ord_26265,debit_card,1,1967.08
ord_26266,wallet,1,6402.59
ord_26267,cod,1,488.19
ord_26268,upi,1,1858.68
ord_26269,credit_card,4,7188.83
ord_26270,debit_card,1,8369.19
ord_26271,upi,1,902.62
ord_26272,wallet,1,7027.02
ord_26273,upi,1,868.54
ord_26274,credit_card,6,4363.35
ord_26275,upi,1,12358.62
ord_26276,debit_card,1,6157.88
ord_26277,debit_card,1,1074.95
ord_26278,upi,1,2682.91
ord_26279,debit_card,1,1818.88
ord_26280,debit_card,1,986.19
ord_26281,wallet,1,7199.61
ord_26282,cod,1,6373.63
ord_26283,credit_card,2,1630.15
ord_26284,debit_card,1,329.01
ord_26285,upi,1,1258.43
ord_26286,upi,1,1279.7
ord_26287,upi,1,2798.57
ord_26288,upi,1,1698.5
ord_26289,upi,1,13159.36
ord_26290,credit_card,6,10079.18
ord_26291,debit_card,1,1016.14
ord_26292,cod,1,10961.74
ord_26293,upi,1,7460.49
ord_26294,upi,1,1545.24
ord_26295,upi,1,10630.1
ord_26296,upi,1,11867.03
ord_26297,credit_card,6,7985.96
ord_26298,credit_card,3,4340.4
ord_26299,upi,1,10290.36
ord_26300,credit_card,1,712.88
ord_26301,upi,1,246.63
ord_26302,debit_card,1,8103.21
ord_26303,credit_card,2,513.52
ord_26304,upi,1,9028.83
ord_26305,credit_card,2,10416.57
ord_26306,debit_card,1,13191.96
ord_26307,credit_card,3,2622.55
ord_26308,upi,1,8030.0
ord_26309,upi,1,1582.85
ord_26310,credit_card,5,959.19
ord_26311,cod,1,3069.09
ord_26312,wallet,1,6321.8
ord_26313,credit_card,1,7010.25
ord_26314,credit_card,5,1011.13
ord_26315,upi,1,1105.97
ord_26316,upi,1,6023.17
ord_26317,debit_card,1,7274.48
ord_26318,upi,1,7001.36
ord_26319,wallet,1,6163.69
ord_26320,credit_card,6,1570.51
ord_26321,credit_card,6,10049.09
ord_26322,upi,1,5478.0
ord_26323,debit_card,1,5329.51
ord_26324,debit_card,1,2040.07
ord_26325,debit_card,1,7295.02
ord_26326,credit_card,2,8371.12
ord_26327,upi,1,2349.61
ord_26328,upi,1,2890.23
ord_26329,cod,1,8211.73
ord_26330,upi,1,247.36
ord_26331,upi,1,821.17
ord_26332,wallet,1,3764.33
ord_26333,wallet,1,1559.35
ord_26334,debit_card,1,2311.25
ord_26335,upi,1,2619.4
ord_26336,cod,1,933.14
ord_26337,upi,1,8676.1
ord_26338,credit_card,4,11080.54
ord_26339,debit_card,1,7426.7
ord_26340,cod,1,14150.5
ord_26341,debit_card,1,4120.81
ord_26342,credit_card,4,9239.92
ord_26343,upi,1,1946.57
ord_26344,upi,1,755.99
ord_26345,credit_card,5,1536.57
ord_26346,debit_card,1,759.3
ord_26347,credit_card,6,12325.64
ord_26348,wallet,1,1718.48
ord_26349,upi,1,9709.02
ord_26350,wallet,1,2141.58
ord_26351,upi,1,6250.97
ord_26352,upi,1,2567.96
ord_26353,upi,1,5887.89
ord_26354,credit_card,4,7986.58
ord_26355,debit_card,1,7672.56
ord_26356,upi,1,2254.36
ord_26357,credit_card,5,638.85
ord_26358,credit_card,1,1010.86
ord_26359,upi,1,2065.38
ord_26360,upi,1,8795.1
ord_26361,wallet,1,1937.69
ord_26362,upi,1,1162.2
ord_26363,upi,1,2393.09
ord_26364,cod,1,1985.59
ord_26365,credit_card,5,896.47
ord_26366,credit_card,1,1061.04
ord_26367,debit_card,1,10447.11
ord_26368,credit_card,6,5899.7
ord_26369,upi,1,2050.61
ord_26370,upi,1,2771.88
ord_26371,upi,1,885.08
ord_26372,upi,1,2583.02
ord_26373,cod,1,2676.31
ord_26374,cod,1,599.12
ord_26375,upi,1,156.48
ord_26376,upi,1,2771.17
ord_26377,upi,1,2554.93
ord_26378,credit_card,6,1516.69
ord_26379,credit_card,5,5785.67
ord_26380,cod,1,1760.11
ord_26381,credit_card,2,451.65
ord_26382,upi,1,4147.74
ord_26383,debit_card,1,10380.95
ord_26384,cod,1,9161.02
ord_26385,upi,1,8787.95
ord_26386,debit_card,1,421.49
ord_26387,upi,1,2852.38
ord_26388,cod,1,3235.27
ord_26389,credit_card,4,9888.05
ord_26390,upi,1,3952.67
ord_26391,credit_card,1,1117.24
ord_26392,debit_card,1,363.51
ord_26393,debit_card,1,2001.74
ord_26394,upi,1,10304.59
ord_26395,wallet,1,3623.01
ord_26396,upi,1,6257.7
ord_26397,wallet,1,7615.32
ord_26398,upi,1,14130.36
ord_26399,upi,1,1374.46
ord_26400,debit_card,1,741.65
ord_26401,upi,1,7389.16
ord_26402,upi,1,3075.68
ord_26403,upi,1,1940.16
ord_26404,upi,1,827.78
ord_26405,upi,1,603.39
ord_26406,credit_card,1,1494.51
ord_26407,wallet,1,4319.83
ord_26408,debit_card,1,2288.44
ord_26409,upi,1,690.64
ord_26410,cod,1,1052.84
ord_26411,upi,1,12921.12
ord_26412,cod,1,490.74
ord_26413,credit_card,5,6559.76
ord_26414,wallet,1,3756.6
ord_26415,wallet,1,11781.77
ord_26416,upi,1,3933.78
ord_26417,upi,1,12037.11
ord_26418,upi,1,7989.52
ord_26419,upi,1,3810.56
ord_26420,upi,1,3146.9
ord_26421,upi,1,2497.66
ord_26422,upi,1,5595.96
ord_26423,upi,1,1186.99
ord_26424,credit_card,2,7806.8
ord_26425,credit_card,5,7751.41
ord_26426,cod,1,9761.14
ord_26427,wallet,1,10952.26
ord_26428,cod,1,168.59
ord_26429,wallet,1,544.64
ord_26430,upi,1,2457.83
ord_26431,wallet,1,610.98
ord_26432,credit_card,1,8188.75
ord_26433,wallet,1,7094.74
ord_26434,wallet,1,3288.4
ord_26435,upi,1,1143.41
ord_26436,credit_card,5,1429.34
ord_26437,upi,1,13005.42
ord_26438,cod,1,7814.39
ord_26439,upi,1,5966.46
ord_26440,upi,1,3155.79
ord_26441,credit_card,2,3890.54
ord_26442,upi,1,1646.22
ord_26443,upi,1,1478.3
ord_26444,upi,1,1825.58
ord_26445,wallet,1,9094.7
ord_26446,credit_card,6,1603.4
ord_26447,credit_card,6,16609.16
ord_26448,wallet,1,1999.76
ord_26449,upi,1,1568.9
ord_26450,debit_card,1,2608.29
ord_26451,credit_card,4,10085.35
ord_26452,cod,1,791.25
ord_26453,credit_card,2,3235.81
ord_26454,upi,1,8858.54
ord_26455,credit_card,5,6326.5
ord_26456,upi,1,6238.44
ord_26457,cod,1,942.03
ord_26458,cod,1,14076.73
ord_26459,credit_card,5,401.14
ord_26460,debit_card,1,5921.04
ord_26461,wallet,1,887.28
ord_26462,upi,1,1370.0
ord_26463,credit_card,6,10193.31
ord_26464,wallet,1,2026.19
ord_26465,cod,1,8822.02
ord_26466,credit_card,6,7652.43
ord_26467,upi,1,1431.9
ord_26468,upi,1,1174.13
ord_26469,wallet,1,8835.3
ord_26470,credit_card,6,9356.55
ord_26471,wallet,1,11605.19
ord_26472,upi,1,6617.72
ord_26473,upi,1,2046.33
ord_26474,debit_card,1,8921.78
ord_26475,cod,1,2887.09
ord_26476,credit_card,4,3414.55
ord_26477,wallet,1,1208.42
ord_26478,upi,1,554.35
ord_26479,upi,1,1435.07
ord_26480,credit_card,6,7896.7
ord_26481,wallet,1,7818.32
ord_26482,upi,1,458.8
ord_26483,debit_card,1,2092.47
ord_26484,credit_card,4,1233.54
ord_26485,upi,1,5223.8
ord_26486,credit_card,5,1801.26
ord_26487,debit_card,1,2930.6
ord_26488,credit_card,6,1195.22
ord_26489,upi,1,2122.37
ord_26490,upi,1,1116.8
ord_26491,upi,1,1076.66
ord_26492,upi,1,2430.54
ord_26493,cod,1,1707.85
ord_26494,upi,1,2605.43
ord_26495,upi,1,12803.69
ord_26496,credit_card,5,6688.54
ord_26497,credit_card,6,420.0
ord_26498,credit_card,6,838.76
ord_26499,upi,1,1507.87
ord_26500,cod,1,7172.03
ord_26501,credit_card,4,2926.94
ord_26502,credit_card,5,1102.03
ord_26503,wallet,1,684.11
ord_26504,credit_card,1,1930.09
ord_26505,wallet,1,1164.69
ord_26506,credit_card,1,1667.08
ord_26507,upi,1,655.38
ord_26508,credit_card,1,1069.31
ord_26509,debit_card,1,177.34
ord_26510,credit_card,6,4322.01
ord_26511,upi,1,3095.49
ord_26512,upi,1,19108.31
ord_26513,upi,1,12541.05
ord_26514,upi,1,656.87
ord_26515,cod,1,5787.4
ord_26516,upi,1,706.73
ord_26517,credit_card,2,2097.81
ord_26518,upi,1,3063.12
ord_26519,wallet,1,815.75
ord_26520,upi,1,10271.08
ord_26521,wallet,1,6694.62
ord_26522,credit_card,4,4028.47
ord_26523,credit_card,1,7809.89
ord_26524,credit_card,1,8838.5
ord_26525,credit_card,3,12968.29
ord_26526,debit_card,1,6627.46
ord_26527,wallet,1,465.72
ord_26528,upi,1,8779.04
ord_26529,wallet,1,3880.57
ord_26530,wallet,1,984.65
ord_26531,upi,1,900.09
ord_26532,upi,1,3186.03
ord_26533,credit_card,4,673.05
ord_26534,upi,1,7632.23
ord_26535,credit_card,6,5222.81
ord_26536,debit_card,1,2247.31
ord_26537,upi,1,3012.92
ord_26538,credit_card,1,12210.55
ord_26539,cod,1,9528.22
ord_26540,upi,1,8941.96
ord_26541,upi,1,3761.11
ord_26542,credit_card,6,8587.96
ord_26543,credit_card,2,2049.46
ord_26544,upi,1,2307.5
ord_26545,upi,1,11795.81
ord_26546,upi,1,648.91
ord_26547,wallet,1,2273.52
ord_26548,upi,1,5982.47
ord_26549,credit_card,4,3786.45
ord_26550,debit_card,1,551.84
ord_26551,upi,1,3108.02
ord_26552,wallet,1,10681.06
ord_26553,credit_card,2,12671.17
ord_26554,upi,1,889.11
ord_26555,cod,1,9143.85
ord_26556,upi,1,478.02
ord_26557,credit_card,4,769.91
ord_26558,cod,1,649.63
ord_26559,credit_card,2,409.7
ord_26560,cod,1,5925.55
ord_26561,cod,1,2357.04
ord_26562,debit_card,1,11792.93
ord_26563,upi,1,8651.94
ord_26564,credit_card,3,253.36
ord_26565,debit_card,1,429.22
ord_26566,wallet,1,7906.82
ord_26567,upi,1,1925.41
ord_26568,upi,1,4361.06
ord_26569,credit_card,1,7305.64
ord_26570,upi,1,8427.5
ord_26571,credit_card,5,3325.6
ord_26572,credit_card,5,1419.94
ord_26573,upi,1,2015.57
ord_26574,credit_card,6,446.78
ord_26575,wallet,1,1552.67
ord_26576,upi,1,960.1
ord_26577,debit_card,1,2545.17
ord_26578,credit_card,1,4320.81
ord_26579,wallet,1,3769.72
ord_26580,debit_card,1,9841.89
ord_26581,upi,1,675.32
ord_26582,debit_card,1,7247.78
ord_26583,upi,1,578.05
ord_26584,credit_card,1,1279.02
ord_26585,credit_card,4,1963.09
ord_26586,debit_card,1,683.68
ord_26587,credit_card,2,2521.79
ord_26588,credit_card,2,453.88
ord_26589,credit_card,3,3941.41
ord_26590,debit_card,1,1258.74
ord_26591,debit_card,1,515.56
ord_26592,upi,1,5788.62
ord_26593,credit_card,3,14733.75
ord_26594,credit_card,2,9347.0
ord_26595,credit_card,6,1571.65
ord_26596,upi,1,10550.84
ord_26597,upi,1,1516.5
ord_26598,upi,1,1406.48
ord_26599,credit_card,4,8807.4
ord_26600,wallet,1,12022.0
ord_26601,upi,1,590.0
ord_26602,debit_card,1,1132.27
ord_26603,cod,1,6137.79
ord_26604,upi,1,700.65
ord_26605,upi,1,832.84
ord_26606,debit_card,1,10630.38
ord_26607,credit_card,5,2303.29
ord_26608,wallet,1,2442.25
ord_26609,debit_card,1,640.25
ord_26610,upi,1,2379.72
ord_26611,upi,1,493.96
ord_26612,upi,1,544.51
ord_26613,debit_card,1,6289.82
ord_26614,upi,1,1499.52
ord_26615,cod,1,787.21
ord_26616,cod,1,11611.64
ord_26617,wallet,1,1141.41
ord_26618,debit_card,1,4785.82
ord_26619,credit_card,2,7206.01
ord_26620,wallet,1,11748.31
ord_26621,upi,1,1428.41
ord_26622,wallet,1,2268.21
ord_26623,credit_card,3,1131.19
ord_26624,cod,1,4443.49
ord_26625,debit_card,1,1884.9
ord_26626,upi,1,1095.76
ord_26627,credit_card,3,7426.19
ord_26628,upi,1,16954.75
ord_26629,upi,1,17821.69
ord_26630,cod,1,7579.94
ord_26631,wallet,1,1970.63
ord_26632,debit_card,1,1341.83
ord_26633,credit_card,2,2162.64
ord_26634,upi,1,537.89
ord_26635,wallet,1,7872.53
ord_26636,credit_card,5,724.2
ord_26637,credit_card,3,8857.98
ord_26638,credit_card,1,596.41
ord_26639,credit_card,2,418.52
ord_26640,credit_card,3,201.68
ord_26641,upi,1,6247.65
ord_26642,upi,1,3549.73
ord_26643,wallet,1,5639.72
ord_26644,cod,1,625.74
ord_26645,credit_card,5,1186.36
ord_26646,credit_card,4,8789.56
ord_26647,credit_card,3,2676.79
ord_26648,credit_card,5,936.52
ord_26649,upi,1,5769.71
ord_26650,wallet,1,435.92
ord_26651,upi,1,1986.35
ord_26652,credit_card,2,8558.18
ord_26653,cod,1,3450.34
ord_26654,cod,1,11904.23
ord_26655,cod,1,3406.56
ord_26656,credit_card,5,6283.82
ord_26657,upi,1,1496.03
ord_26658,cod,1,400.17
ord_26659,upi,1,2083.57
ord_26660,credit_card,1,2055.55
ord_26661,credit_card,1,1555.09
ord_26662,wallet,1,5701.35
ord_26663,credit_card,2,8847.73
ord_26664,credit_card,1,2004.02
ord_26665,cod,1,2357.45
ord_26666,upi,1,1495.01
ord_26667,credit_card,4,25729.98
ord_26668,credit_card,6,4066.43
ord_26669,credit_card,4,16232.75
ord_26670,upi,1,5416.45
ord_26671,debit_card,1,6125.18
ord_26672,debit_card,1,2337.29
ord_26673,credit_card,3,530.86
ord_26674,credit_card,6,2908.21
ord_26675,credit_card,2,7817.19
ord_26676,debit_card,1,2100.71
ord_26677,credit_card,6,4710.31
ord_26678,upi,1,10742.76
ord_26679,upi,1,9697.17
ord_26680,wallet,1,633.67
ord_26681,credit_card,6,1849.57
ord_26682,credit_card,4,2625.71
ord_26683,credit_card,6,7478.46
ord_26684,credit_card,3,5519.09
ord_26685,cod,1,4551.81
ord_26686,wallet,1,8227.01
ord_26687,upi,1,2059.62
ord_26688,credit_card,5,17464.27
ord_26689,upi,1,14334.23
ord_26690,debit_card,1,842.45
ord_26691,cod,1,3012.09
ord_26692,wallet,1,368.67
ord_26693,upi,1,4376.61
ord_26694,credit_card,2,11317.83
ord_26695,credit_card,1,6058.19
ord_26696,debit_card,1,1981.02
ord_26697,debit_card,1,1912.01
ord_26698,upi,1,439.98
ord_26699,credit_card,1,1179.78
ord_26700,credit_card,6,8332.54
ord_26701,credit_card,6,2576.8
ord_26702,upi,1,7517.19
ord_26703,credit_card,3,874.63
ord_26704,debit_card,1,8217.14
ord_26705,wallet,1,546.79
ord_26706,wallet,1,1537.26
ord_26707,credit_card,3,880.4
ord_26708,upi,1,8855.61
ord_26709,cod,1,7303.68
ord_26710,cod,1,1109.14
ord_26711,upi,1,6216.12
ord_26712,credit_card,4,11387.8
ord_26713,cod,1,2009.49
ord_26714,credit_card,6,1997.43
ord_26715,debit_card,1,10044.46
ord_26716,debit_card,1,4883.17
ord_26717,upi,1,838.02
ord_26718,credit_card,3,3613.72
ord_26719,upi,1,2087.04
ord_26720,debit_card,1,688.94
ord_26721,upi,1,8356.65
ord_26722,upi,1,537.93
ord_26723,credit_card,1,8845.83
ord_26724,debit_card,1,7980.72
ord_26725,credit_card,3,823.18
ord_26726,credit_card,5,9544.98
ord_26727,wallet,1,1471.36
ord_26728,upi,1,4588.53
ord_26729,debit_card,1,6505.51
ord_26730,upi,1,7030.05
ord_26731,upi,1,9500.07
ord_26732,cod,1,3045.35
ord_26733,upi,1,2518.67
ord_26734,wallet,1,1156.09
ord_26735,upi,1,8657.27
ord_26736,credit_card,2,5566.97
ord_26737,upi,1,4309.51
ord_26738,cod,1,11293.83
ord_26739,credit_card,5,748.71
ord_26740,upi,1,3933.74
ord_26741,cod,1,460.79
ord_26742,credit_card,5,8657.29
ord_26743,debit_card,1,4759.27
ord_26744,upi,1,1115.23
ord_26745,debit_card,1,3030.24
ord_26746,upi,1,3148.17
ord_26747,credit_card,3,900.98
ord_26748,wallet,1,1684.79
ord_26749,cod,1,6013.44
ord_26750,upi,1,2456.45
ord_26751,debit_card,1,4780.21
ord_26752,upi,1,5246.06
ord_26753,credit_card,3,403.22
ord_26754,cod,1,1270.33
ord_26755,credit_card,1,4054.9
ord_26756,wallet,1,778.17
ord_26757,upi,1,2939.05
ord_26758,credit_card,1,10193.65
ord_26759,credit_card,6,12258.51
ord_26760,debit_card,1,1553.35
ord_26761,credit_card,2,1350.17
ord_26762,credit_card,4,1209.96
ord_26763,credit_card,4,13543.52
ord_26764,credit_card,1,16615.87
ord_26765,wallet,1,1748.36
ord_26766,credit_card,6,5840.77
ord_26767,credit_card,1,6048.71
ord_26768,credit_card,4,11797.88
ord_26769,credit_card,6,1363.71
ord_26770,credit_card,4,1204.32
ord_26771,upi,1,1586.47
ord_26772,wallet,1,9837.16
ord_26773,upi,1,6602.18
ord_26774,debit_card,1,1846.8
ord_26775,cod,1,2194.75
ord_26776,upi,1,9732.57
ord_26777,credit_card,3,1211.26
ord_26778,upi,1,3473.83
ord_26779,wallet,1,9014.4
ord_26780,upi,1,1135.6
ord_26781,cod,1,2809.71
ord_26782,credit_card,5,7543.65
ord_26783,upi,1,569.65
ord_26784,credit_card,2,2848.96
ord_26785,upi,1,831.09
ord_26786,credit_card,4,6006.28
ord_26787,cod,1,1003.33
ord_26788,credit_card,4,11028.5
ord_26789,upi,1,17211.95
ord_26790,debit_card,1,382.04
ord_26791,upi,1,1950.64
ord_26792,credit_card,2,1005.23
ord_26793,debit_card,1,3490.97
ord_26794,upi,1,1074.97
ord_26795,credit_card,6,882.89
ord_26796,credit_card,2,2036.64
ord_26797,upi,1,1595.73
ord_26798,wallet,1,10712.08
ord_26799,upi,1,981.28
ord_26800,upi,1,355.83
ord_26801,upi,1,2095.97
ord_26802,cod,1,1744.61
ord_26803,upi,1,7740.36
ord_26804,credit_card,5,4439.62
ord_26805,debit_card,1,12082.24
ord_26806,upi,1,2284.6
ord_26807,upi,1,7577.17
ord_26808,cod,1,7163.43
ord_26809,wallet,1,9592.99
ord_26810,cod,1,1100.53
ord_26811,credit_card,6,8245.33
ord_26812,credit_card,3,321.23
ord_26813,wallet,1,952.26
ord_26814,upi,1,2628.69
ord_26815,debit_card,1,2380.33
ord_26816,debit_card,1,8958.26
ord_26817,credit_card,1,16971.04
ord_26818,debit_card,1,7838.07
ord_26819,upi,1,8630.29
ord_26820,credit_card,4,1428.16
ord_26821,credit_card,3,2240.08
ord_26822,wallet,1,2834.81
ord_26823,cod,1,6054.6
ord_26824,upi,1,3058.07
ord_26825,upi,1,5822.94
ord_26826,debit_card,1,1525.2
ord_26827,debit_card,1,387.36
ord_26828,credit_card,3,3716.68
ord_26829,credit_card,1,9233.7
ord_26830,debit_card,1,2894.33
ord_26831,debit_card,1,7942.68
ord_26832,wallet,1,3240.27
ord_26833,upi,1,774.48
ord_26834,credit_card,6,2738.54
ord_26835,debit_card,1,1324.25
ord_26836,debit_card,1,4659.84
ord_26837,credit_card,3,1616.64
ord_26838,upi,1,1610.67
ord_26839,wallet,1,1474.88
ord_26840,upi,1,630.27
ord_26841,wallet,1,10645.64
ord_26842,upi,1,1547.82
ord_26843,upi,1,2093.26
ord_26844,cod,1,162.52
ord_26845,cod,1,10305.64
ord_26846,credit_card,2,15485.0
ord_26847,cod,1,1022.01
ord_26848,upi,1,13575.78
ord_26849,wallet,1,1904.09
ord_26850,upi,1,14648.13
ord_26851,credit_card,2,12398.03
ord_26852,cod,1,2418.73
ord_26853,upi,1,339.9
ord_26854,upi,1,835.3
ord_26855,wallet,1,811.47
ord_26856,credit_card,2,3350.21
ord_26857,credit_card,4,11857.0
ord_26858,credit_card,5,7470.5
ord_26859,debit_card,1,3280.78
ord_26860,credit_card,1,1128.46
ord_26861,credit_card,2,3791.35
ord_26862,upi,1,5051.01
ord_26863,credit_card,3,6512.22
ord_26864,upi,1,1013.98
ord_26865,cod,1,1318.19
ord_26866,upi,1,1808.08
ord_26867,credit_card,1,1083.89
ord_26868,credit_card,6,8829.45
ord_26869,wallet,1,660.74
ord_26870,credit_card,6,9794.37
ord_26871,credit_card,2,2264.8
ord_26872,upi,1,1298.74
ord_26873,credit_card,3,7501.99
ord_26874,cod,1,6305.79
ord_26875,upi,1,2712.0
ord_26876,debit_card,1,11311.87
ord_26877,credit_card,3,14086.0
ord_26878,wallet,1,9069.59
ord_26879,credit_card,6,1603.5
ord_26880,cod,1,7971.34
ord_26881,debit_card,1,13519.21
ord_26882,upi,1,1239.98
ord_26883,upi,1,6625.78
ord_26884,upi,1,11108.35
ord_26885,debit_card,1,888.82
ord_26886,cod,1,856.68
ord_26887,upi,1,4099.13
ord_26888,credit_card,4,16194.0
ord_26889,upi,1,4939.76
ord_26890,cod,1,2378.92
ord_26891,upi,1,773.29
ord_26892,upi,1,652.56
ord_26893,credit_card,5,756.38
ord_26894,upi,1,13756.94
ord_26895,upi,1,10808.72
ord_26896,upi,1,1351.46
ord_26897,upi,1,5915.85
ord_26898,debit_card,1,419.54
ord_26899,cod,1,918.37
ord_26900,cod,1,5701.51
ord_26901,upi,1,4538.49
ord_26902,upi,1,619.51
ord_26903,credit_card,5,1267.43
ord_26904,credit_card,2,1922.13
ord_26905,debit_card,1,1014.66
ord_26906,upi,1,909.08
ord_26907,upi,1,529.41
ord_26908,cod,1,1815.58
ord_26909,cod,1,10897.98
ord_26910,credit_card,6,1173.9
ord_26911,upi,1,7332.65
ord_26912,credit_card,2,739.57
ord_26913,cod,1,13473.55
ord_26914,cod,1,2537.61
ord_26915,cod,1,988.51
ord_26916,cod,1,1615.17
ord_26917,wallet,1,1656.2
ord_26918,cod,1,1658.22
ord_26919,credit_card,3,2032.33
ord_26920,credit_card,5,12655.42
ord_26921,upi,1,6508.33
ord_26922,credit_card,1,488.56
ord_26923,upi,1,3820.62
ord_26924,cod,1,1025.3
ord_26925,wallet,1,840.5
ord_26926,upi,1,2117.86
ord_26927,credit_card,5,1671.2
ord_26928,wallet,1,2754.2
ord_26929,upi,1,2959.48
ord_26930,cod,1,8140.53
ord_26931,wallet,1,1192.11
ord_26932,wallet,1,9716.74
ord_26933,upi,1,1815.24
ord_26934,credit_card,2,1221.51
ord_26935,credit_card,5,1146.89
ord_26936,credit_card,4,1497.86
ord_26937,upi,1,2942.31
ord_26938,upi,1,1656.17
ord_26939,credit_card,2,1830.69
ord_26940,cod,1,1806.35
ord_26941,credit_card,6,842.27
ord_26942,wallet,1,204.99
ord_26943,upi,1,3728.97
ord_26944,upi,1,627.3
ord_26945,upi,1,855.63
ord_26946,wallet,1,13962.96
ord_26947,credit_card,2,2325.62
ord_26948,wallet,1,7980.53
ord_26949,credit_card,3,3247.83
ord_26950,upi,1,3757.41
ord_26951,credit_card,1,6264.75
ord_26952,upi,1,450.07
ord_26953,wallet,1,972.24
ord_26954,wallet,1,6773.35
ord_26955,cod,1,7658.04
ord_26956,upi,1,5724.45
ord_26957,cod,1,486.92
ord_26958,upi,1,7979.78
ord_26959,credit_card,3,6842.85
ord_26960,debit_card,1,1765.66
ord_26961,upi,1,7721.03
ord_26962,wallet,1,1110.85
ord_26963,upi,1,828.28
ord_26964,credit_card,1,5204.39
ord_26965,upi,1,1743.1
ord_26966,wallet,1,8088.91
ord_26967,upi,1,213.88
ord_26968,credit_card,3,10071.09
ord_26969,debit_card,1,888.55
ord_26970,cod,1,1624.27
ord_26971,upi,1,4128.08
ord_26972,credit_card,2,13512.56
ord_26973,credit_card,6,14226.35
ord_26974,debit_card,1,6234.48
ord_26975,cod,1,2261.15
ord_26976,credit_card,2,909.68
ord_26977,debit_card,1,6271.24
ord_26978,upi,1,12240.42
ord_26979,upi,1,2178.18
ord_26980,debit_card,1,2280.45
ord_26981,wallet,1,2964.28
ord_26982,debit_card,1,8869.12
ord_26983,credit_card,6,1612.49
ord_26984,cod,1,1027.35
ord_26985,debit_card,1,1993.18
ord_26986,debit_card,1,1458.2
ord_26987,credit_card,4,634.1
ord_26988,upi,1,8559.41
ord_26989,debit_card,1,4887.98
ord_26990,debit_card,1,8810.88
ord_26991,credit_card,1,8148.78
ord_26992,wallet,1,1171.29
ord_26993,upi,1,1007.16
ord_26994,wallet,1,7501.56
ord_26995,credit_card,4,1556.13
ord_26996,credit_card,3,1204.55
ord_26997,cod,1,5300.12
ord_26998,debit_card,1,4148.45
ord_26999,credit_card,2,5995.59
ord_27000,upi,1,6593.93
ord_27001,upi,1,1075.48
ord_27002,upi,1,1864.93
ord_27003,upi,1,8260.96
ord_27004,credit_card,1,1367.04
ord_27005,upi,1,803.79
ord_27006,upi,1,4614.26
ord_27007,wallet,1,3890.47
ord_27008,credit_card,3,6494.24
ord_27009,upi,1,16370.78
ord_27010,cod,1,3176.84
ord_27011,upi,1,10115.39
ord_27012,cod,1,3171.35
ord_27013,credit_card,2,1390.09
ord_27014,upi,1,1821.53
ord_27015,upi,1,5884.15
ord_27016,upi,1,1629.33
ord_27017,credit_card,6,526.34
ord_27018,upi,1,2241.87
ord_27019,credit_card,1,872.31
ord_27020,credit_card,5,8203.14
ord_27021,wallet,1,8765.33
ord_27022,upi,1,4887.22
ord_27023,credit_card,1,8134.67
ord_27024,debit_card,1,1788.75
ord_27025,cod,1,724.87
ord_27026,credit_card,6,8695.89
ord_27027,upi,1,3752.15
ord_27028,wallet,1,2381.13
ord_27029,upi,1,1648.93
ord_27030,upi,1,386.01
ord_27031,credit_card,2,1354.13
ord_27032,upi,1,3210.97
ord_27033,upi,1,4658.32
ord_27034,upi,1,851.27
ord_27035,upi,1,6471.2
ord_27036,wallet,1,2357.83
ord_27037,upi,1,1081.69
ord_27038,credit_card,1,2091.24
ord_27039,debit_card,1,16993.72
ord_27040,cod,1,1058.64
ord_27041,upi,1,10943.32
ord_27042,cod,1,1085.9
ord_27043,credit_card,6,1315.48
ord_27044,wallet,1,6606.96
ord_27045,cod,1,1178.74
ord_27046,upi,1,724.74
ord_27047,upi,1,2816.44
ord_27048,upi,1,3394.68
ord_27049,wallet,1,1862.01
ord_27050,upi,1,1048.85
ord_27051,upi,1,684.72
ord_27052,upi,1,10714.9
ord_27053,upi,1,1376.91
ord_27054,upi,1,2731.64
ord_27055,debit_card,1,9153.48
ord_27056,debit_card,1,2705.24
ord_27057,wallet,1,763.65
ord_27058,credit_card,4,8629.04
ord_27059,credit_card,2,18272.87
ord_27060,cod,1,8753.25
ord_27061,debit_card,1,8022.07
ord_27062,upi,1,2250.78
ord_27063,debit_card,1,678.15
ord_27064,upi,1,2052.34
ord_27065,debit_card,1,6178.93
ord_27066,wallet,1,6691.4
ord_27067,upi,1,1896.3
ord_27068,debit_card,1,877.6
ord_27069,credit_card,6,762.1
ord_27070,upi,1,1857.16
ord_27071,upi,1,1241.28
ord_27072,cod,1,4614.92
ord_27073,credit_card,4,1701.54
ord_27074,cod,1,3180.89
ord_27075,cod,1,7245.37
ord_27076,wallet,1,11594.23
ord_27077,debit_card,1,1816.01
ord_27078,cod,1,6170.45
ord_27079,upi,1,9897.49
ord_27080,cod,1,1504.22
ord_27081,upi,1,15459.66
ord_27082,upi,1,3041.8
ord_27083,debit_card,1,9985.11
ord_27084,credit_card,6,1161.08
ord_27085,upi,1,6185.01
ord_27086,credit_card,4,493.01
ord_27087,upi,1,9199.16
ord_27088,wallet,1,2421.03
ord_27089,upi,1,9736.86
ord_27090,debit_card,1,15299.77
ord_27091,credit_card,5,733.53
ord_27092,wallet,1,1888.07
ord_27093,upi,1,1774.2
ord_27094,wallet,1,4247.51
ord_27095,debit_card,1,6331.13
ord_27096,credit_card,5,10468.18
ord_27097,upi,1,6543.46
ord_27098,credit_card,1,1239.12
ord_27099,upi,1,3055.8
ord_27100,debit_card,1,4958.95
ord_27101,upi,1,18602.27
ord_27102,upi,1,11858.16
ord_27103,debit_card,1,3451.28
ord_27104,upi,1,3094.14
ord_27105,cod,1,3052.83
ord_27106,upi,1,7126.66
ord_27107,credit_card,5,2887.69
ord_27108,credit_card,5,804.62
ord_27109,credit_card,4,1514.75
ord_27110,upi,1,875.62
ord_27111,cod,1,16165.16
ord_27112,upi,1,13650.09
ord_27113,credit_card,1,17211.81
ord_27114,wallet,1,7034.9
ord_27115,upi,1,8611.66
ord_27116,upi,1,6084.58
ord_27117,upi,1,10665.51
ord_27118,credit_card,3,353.29
ord_27119,credit_card,5,1184.53
ord_27120,credit_card,3,13029.55
ord_27121,debit_card,1,5495.58
ord_27122,credit_card,2,1533.06
ord_27123,credit_card,5,14224.17
ord_27124,credit_card,4,587.89
ord_27125,cod,1,9178.79
ord_27126,credit_card,1,9916.53
ord_27127,upi,1,8680.72
ord_27128,credit_card,2,1056.93
ord_27129,upi,1,1230.98
ord_27130,upi,1,9277.4
ord_27131,upi,1,1340.4
ord_27132,upi,1,614.83
ord_27133,debit_card,1,4011.35
ord_27134,upi,1,1148.43
ord_27135,credit_card,6,6134.51
ord_27136,upi,1,5898.74
ord_27137,credit_card,1,8853.16
ord_27138,upi,1,778.05
ord_27139,upi,1,949.57
ord_27140,wallet,1,17915.2
ord_27141,upi,1,2379.15
ord_27142,debit_card,1,2523.76
ord_27143,wallet,1,1223.92
ord_27144,upi,1,10323.41
ord_27145,upi,1,8748.19
ord_27146,upi,1,3230.79
ord_27147,credit_card,3,6671.35
ord_27148,upi,1,1342.96
ord_27149,upi,1,1836.09
ord_27150,credit_card,5,7596.93
ord_27151,wallet,1,3302.89
ord_27152,debit_card,1,10944.51
ord_27153,credit_card,5,782.33
ord_27154,credit_card,4,7397.89
ord_27155,wallet,1,3010.77
ord_27156,upi,1,804.17
ord_27157,credit_card,4,1620.49
ord_27158,credit_card,3,4777.95
ord_27159,wallet,1,1382.89
ord_27160,upi,1,11485.18
ord_27161,credit_card,1,1915.12
ord_27162,upi,1,1817.66
ord_27163,upi,1,2667.96
ord_27164,cod,1,1204.3
ord_27165,credit_card,1,5026.99
ord_27166,debit_card,1,945.67
ord_27167,upi,1,7304.55
ord_27168,cod,1,2242.75
ord_27169,upi,1,4261.59
ord_27170,cod,1,10872.37
ord_27171,upi,1,7947.71
ord_27172,upi,1,5897.49
ord_27173,credit_card,1,710.23
ord_27174,debit_card,1,673.26
ord_27175,credit_card,3,7794.34
ord_27176,wallet,1,5947.18
ord_27177,credit_card,3,2644.84
ord_27178,credit_card,5,19287.73
ord_27179,upi,1,10034.12
ord_27180,credit_card,6,17771.0
ord_27181,credit_card,1,811.24
ord_27182,upi,1,7728.42
ord_27183,debit_card,1,888.8
ord_27184,upi,1,4651.12
ord_27185,upi,1,5828.45
ord_27186,cod,1,2166.88
ord_27187,cod,1,2192.7
ord_27188,debit_card,1,6505.46
ord_27189,wallet,1,626.32
ord_27190,upi,1,7087.3
ord_27191,upi,1,9950.3
ord_27192,upi,1,10606.24
ord_27193,debit_card,1,10348.25
ord_27194,upi,1,12319.54
ord_27195,cod,1,369.38
ord_27196,debit_card,1,2690.0
ord_27197,debit_card,1,851.79
ord_27198,credit_card,4,357.51
ord_27199,upi,1,10008.97
ord_27200,upi,1,2109.55
ord_27201,cod,1,11675.29
ord_27202,wallet,1,2085.17
ord_27203,upi,1,1551.96
ord_27204,wallet,1,1073.2
ord_27205,credit_card,2,3952.14
ord_27206,cod,1,632.83
ord_27207,debit_card,1,7024.96
ord_27208,wallet,1,1445.04
ord_27209,debit_card,1,3742.61
ord_27210,credit_card,4,3962.53
ord_27211,credit_card,1,3747.77
ord_27212,credit_card,5,10293.98
ord_27213,wallet,1,3177.86
ord_27214,upi,1,1444.92
ord_27215,upi,1,1538.11
ord_27216,cod,1,449.5
ord_27217,debit_card,1,16206.96
ord_27218,upi,1,6673.2
ord_27219,credit_card,4,1187.54
ord_27220,upi,1,3752.36
ord_27221,credit_card,3,1040.65
ord_27222,upi,1,7707.76
ord_27223,wallet,1,625.42
ord_27224,credit_card,6,1124.94
ord_27225,debit_card,1,4171.93
ord_27226,credit_card,5,1705.74
ord_27227,wallet,1,9933.33
ord_27228,upi,1,1958.83
ord_27229,cod,1,4771.36
ord_27230,credit_card,4,976.69
ord_27231,wallet,1,10964.95
ord_27232,upi,1,3292.54
ord_27233,upi,1,438.74
ord_27234,upi,1,8771.84
ord_27235,upi,1,1704.16
ord_27236,debit_card,1,1958.75
ord_27237,upi,1,1834.54
ord_27238,cod,1,3853.56
ord_27239,upi,1,7868.09
ord_27240,credit_card,6,6374.65
ord_27241,upi,1,515.92
ord_27242,credit_card,4,6913.18
ord_27243,credit_card,2,9644.4
ord_27244,cod,1,1500.66
ord_27245,upi,1,1476.02
ord_27246,wallet,1,810.98
ord_27247,debit_card,1,9240.5
ord_27248,upi,1,8405.01
ord_27249,upi,1,823.86
ord_27250,upi,1,1575.81
ord_27251,cod,1,7101.19
ord_27252,upi,1,6797.82
ord_27253,debit_card,1,13923.14
ord_27254,credit_card,2,8668.14
ord_27255,cod,1,3091.12
ord_27256,credit_card,5,1169.13
ord_27257,cod,1,9268.44
ord_27258,upi,1,7855.93
ord_27259,upi,1,9149.43
ord_27260,debit_card,1,16654.72
ord_27261,upi,1,8263.31
ord_27262,credit_card,2,1271.71
ord_27263,cod,1,11365.12
ord_27264,upi,1,165.84
ord_27265,upi,1,10012.4
ord_27266,credit_card,5,5524.99
ord_27267,credit_card,6,1705.84
ord_27268,credit_card,5,1939.74
ord_27269,debit_card,1,796.78
ord_27270,upi,1,1628.79
ord_27271,credit_card,1,1566.84
ord_27272,credit_card,2,5514.88
ord_27273,wallet,1,523.09
ord_27274,upi,1,1629.94
ord_27275,credit_card,1,7226.87
ord_27276,wallet,1,2589.9
ord_27277,upi,1,1406.57
ord_27278,credit_card,4,12556.48
ord_27279,cod,1,864.05
ord_27280,debit_card,1,1504.33
ord_27281,upi,1,2073.96
ord_27282,upi,1,5989.96
ord_27283,cod,1,1557.66
ord_27284,upi,1,755.96
ord_27285,cod,1,1009.4
ord_27286,upi,1,1292.65
ord_27287,upi,1,7548.79
ord_27288,credit_card,5,8608.31
ord_27289,upi,1,5172.72
ord_27290,credit_card,6,1831.42
ord_27291,upi,1,4425.76
ord_27292,upi,1,431.19
ord_27293,credit_card,2,1848.57
ord_27294,cod,1,1000.48
ord_27295,credit_card,3,1239.02
ord_27296,upi,1,895.73
ord_27297,cod,1,1260.09
ord_27298,upi,1,1897.75
ord_27299,wallet,1,4243.31
ord_27300,cod,1,420.52
ord_27301,credit_card,2,6868.83
ord_27302,debit_card,1,4209.28
ord_27303,upi,1,2209.93
ord_27304,cod,1,367.97
ord_27305,credit_card,3,6123.3
ord_27306,upi,1,1222.97
ord_27307,credit_card,3,1224.02
ord_27308,credit_card,5,9512.52
ord_27309,upi,1,682.92
ord_27310,credit_card,4,963.77
ord_27311,debit_card,1,4107.43
ord_27312,credit_card,2,4344.41
ord_27313,debit_card,1,367.52
ord_27314,cod,1,430.29
ord_27315,wallet,1,638.23
ord_27316,credit_card,3,461.12
ord_27317,upi,1,464.59
ord_27318,debit_card,1,2175.9
ord_27319,upi,1,8853.87
ord_27320,debit_card,1,998.36
ord_27321,cod,1,2340.09
ord_27322,upi,1,603.88
ord_27323,credit_card,2,1132.97
ord_27324,upi,1,4931.93
ord_27325,wallet,1,1131.42
ord_27326,credit_card,2,1041.23
ord_27327,debit_card,1,712.03
ord_27328,credit_card,3,6824.36
ord_27329,credit_card,6,3192.41
ord_27330,credit_card,2,873.78
ord_27331,credit_card,6,14268.58
ord_27332,wallet,1,425.13
ord_27333,cod,1,4482.6
ord_27334,upi,1,1581.86
ord_27335,debit_card,1,8769.93
ord_27336,upi,1,2018.85
ord_27337,credit_card,6,8239.73
ord_27338,credit_card,5,1028.37
ord_27339,upi,1,8991.83
ord_27340,upi,1,2770.02
ord_27341,credit_card,2,3339.76
ord_27342,upi,1,1523.56
ord_27343,credit_card,6,14887.04
ord_27344,upi,1,764.68
ord_27345,upi,1,2675.65
ord_27346,credit_card,5,3916.58
ord_27347,debit_card,1,2093.94
ord_27348,upi,1,3186.41
ord_27349,cod,1,7391.32
ord_27350,credit_card,2,6613.12
ord_27351,debit_card,1,4084.5
ord_27352,cod,1,2253.09
ord_27353,credit_card,6,411.14
ord_27354,upi,1,580.68
ord_27355,upi,1,1172.08
ord_27356,debit_card,1,23327.16
ord_27357,credit_card,2,510.39
ord_27358,cod,1,899.04
ord_27359,credit_card,5,587.9
ord_27360,credit_card,6,2360.46
ord_27361,upi,1,851.93
ord_27362,credit_card,4,1156.11
ord_27363,wallet,1,3678.49
ord_27364,cod,1,9854.6
ord_27365,debit_card,1,1460.72
ord_27366,credit_card,5,1334.22
ord_27367,debit_card,1,7144.63
ord_27368,upi,1,3745.58
ord_27369,upi,1,3644.98
ord_27370,upi,1,3650.02
ord_27371,credit_card,5,4090.63
ord_27372,credit_card,5,3728.22
ord_27373,cod,1,8701.76
ord_27374,credit_card,6,9039.45
ord_27375,wallet,1,1640.19
ord_27376,credit_card,6,11787.71
ord_27377,credit_card,4,8236.99
ord_27378,credit_card,6,1212.37
ord_27379,wallet,1,485.62
ord_27380,cod,1,7770.16
ord_27381,upi,1,637.97
ord_27382,credit_card,6,3131.57
ord_27383,wallet,1,5759.6
ord_27384,credit_card,1,791.06
ord_27385,credit_card,2,2696.64
ord_27386,debit_card,1,3477.54
ord_27387,cod,1,5832.1
ord_27388,upi,1,4804.54
ord_27389,upi,1,1420.4
ord_27390,cod,1,8265.39
ord_27391,upi,1,2569.0
ord_27392,debit_card,1,2566.86
ord_27393,upi,1,684.13
ord_27394,credit_card,5,15299.27
ord_27395,upi,1,2258.36
ord_27396,debit_card,1,617.5
ord_27397,upi,1,8545.53
ord_27398,upi,1,225.08
ord_27399,credit_card,3,8000.61
ord_27400,upi,1,543.71
ord_27401,credit_card,4,2544.42
ord_27402,upi,1,781.39
ord_27403,cod,1,159.85
ord_27404,upi,1,8805.86
ord_27405,credit_card,5,2297.3
ord_27406,credit_card,5,2418.25
ord_27407,upi,1,1339.54
ord_27408,upi,1,1341.98
ord_27409,debit_card,1,1495.75
ord_27410,cod,1,1518.91
ord_27411,cod,1,2186.31
ord_27412,debit_card,1,765.31
ord_27413,upi,1,1332.39
ord_27414,cod,1,11226.1
ord_27415,credit_card,3,5890.51
ord_27416,debit_card,1,5738.95
ord_27417,upi,1,7503.08
ord_27418,cod,1,6831.28
ord_27419,debit_card,1,1857.65
ord_27420,debit_card,1,649.7
ord_27421,upi,1,248.22
ord_27422,credit_card,1,364.06
ord_27423,wallet,1,2302.14
ord_27424,cod,1,5682.46
ord_27425,wallet,1,2295.01
ord_27426,upi,1,844.82
ord_27427,cod,1,1812.51
ord_27428,upi,1,5857.83
ord_27429,debit_card,1,8221.43
ord_27430,upi,1,7949.01
ord_27431,wallet,1,6906.86
ord_27432,debit_card,1,6331.8
ord_27433,upi,1,2534.9
ord_27434,credit_card,5,13953.73
ord_27435,credit_card,6,498.23
ord_27436,credit_card,6,1236.96
ord_27437,upi,1,430.06
ord_27438,upi,1,779.16
ord_27439,upi,1,2266.52
ord_27440,debit_card,1,7474.87
ord_27441,wallet,1,303.82
ord_27442,upi,1,8993.7
ord_27443,upi,1,1074.63
ord_27444,cod,1,15402.66
ord_27445,cod,1,2298.75
ord_27446,wallet,1,2298.2
ord_27447,debit_card,1,8080.19
ord_27448,upi,1,10818.58
ord_27449,cod,1,10974.67
ord_27450,credit_card,5,9234.32
ord_27451,debit_card,1,14326.11
ord_27452,upi,1,450.18
ord_27453,upi,1,1972.21
ord_27454,upi,1,6173.77
ord_27455,cod,1,1945.65
ord_27456,cod,1,8009.03
ord_27457,upi,1,1873.96
ord_27458,cod,1,4955.39
ord_27459,wallet,1,9356.02
ord_27460,cod,1,1556.59
ord_27461,credit_card,3,452.17
ord_27462,credit_card,2,1108.55
ord_27463,upi,1,9633.8
ord_27464,upi,1,919.58
ord_27465,upi,1,7061.4
ord_27466,cod,1,3404.49
ord_27467,credit_card,5,1945.21
ord_27468,wallet,1,1778.38
ord_27469,cod,1,483.89
ord_27470,cod,1,492.17
ord_27471,debit_card,1,17765.04
ord_27472,credit_card,1,408.07
ord_27473,upi,1,5503.62
ord_27474,cod,1,734.05
ord_27475,cod,1,1731.22
ord_27476,credit_card,2,6274.41
ord_27477,wallet,1,2145.74
ord_27478,upi,1,2035.76
ord_27479,credit_card,2,2032.35
ord_27480,credit_card,6,6363.72
ord_27481,credit_card,5,604.97
ord_27482,upi,1,1911.03
ord_27483,wallet,1,4433.26
ord_27484,upi,1,7655.02
ord_27485,cod,1,1275.16
ord_27486,upi,1,8720.82
ord_27487,upi,1,992.11
ord_27488,cod,1,2303.57
ord_27489,credit_card,1,911.11
ord_27490,credit_card,3,600.98
ord_27491,cod,1,1753.82
ord_27492,upi,1,9695.1
ord_27493,upi,1,2274.73
ord_27494,upi,1,11350.75
ord_27495,upi,1,423.46
ord_27496,upi,1,632.05
ord_27497,upi,1,11053.18
ord_27498,credit_card,3,10909.52
ord_27499,wallet,1,10420.96
ord_27500,upi,1,1770.65
ord_27501,upi,1,6049.23
ord_27502,upi,1,18604.92
ord_27503,upi,1,930.81
ord_27504,credit_card,1,10151.11
ord_27505,cod,1,2710.25
ord_27506,credit_card,2,765.77
ord_27507,wallet,1,2471.48
ord_27508,wallet,1,8285.68
ord_27509,upi,1,9089.67
ord_27510,upi,1,2052.93
ord_27511,wallet,1,707.57
ord_27512,upi,1,10227.09
ord_27513,upi,1,776.97
ord_27514,upi,1,1674.74
ord_27515,wallet,1,799.43
ord_27516,wallet,1,16181.01
ord_27517,wallet,1,6464.38
ord_27518,cod,1,7639.46
ord_27519,credit_card,4,12824.56
ord_27520,upi,1,949.97
ord_27521,cod,1,8125.7
ord_27522,debit_card,1,8753.82
ord_27523,cod,1,8027.23
ord_27524,debit_card,1,13737.73
ord_27525,credit_card,4,7285.1
ord_27526,upi,1,12514.82
ord_27527,credit_card,5,717.97
ord_27528,upi,1,8160.67
ord_27529,debit_card,1,4613.89
ord_27530,wallet,1,12506.77
ord_27531,credit_card,6,7008.96
ord_27532,upi,1,6539.98
ord_27533,upi,1,4687.46
ord_27534,upi,1,1152.71
ord_27535,credit_card,5,699.66
ord_27536,credit_card,3,18322.37
ord_27537,upi,1,2171.26
ord_27538,upi,1,1983.71
ord_27539,upi,1,1279.79
ord_27540,upi,1,15045.82
ord_27541,wallet,1,3902.94
ord_27542,credit_card,4,9548.06
ord_27543,credit_card,4,234.1
ord_27544,upi,1,2214.23
ord_27545,credit_card,6,7312.46
ord_27546,upi,1,5026.07
ord_27547,debit_card,1,10223.82
ord_27548,upi,1,767.13
ord_27549,wallet,1,11164.43
ord_27550,credit_card,5,972.17
ord_27551,wallet,1,6301.36
ord_27552,cod,1,9756.44
ord_27553,credit_card,3,5908.43
ord_27554,debit_card,1,1048.0
ord_27555,cod,1,16334.3
ord_27556,wallet,1,650.47
ord_27557,credit_card,2,409.59
ord_27558,debit_card,1,8558.36
ord_27559,wallet,1,576.92
ord_27560,upi,1,7846.51
ord_27561,upi,1,1134.6
ord_27562,credit_card,6,1995.1
ord_27563,debit_card,1,13251.56
ord_27564,credit_card,6,1082.33
ord_27565,upi,1,1477.95
ord_27566,upi,1,505.09
ord_27567,cod,1,13466.49
ord_27568,upi,1,1748.61
ord_27569,upi,1,9323.81
ord_27570,cod,1,3115.44
ord_27571,debit_card,1,1627.87
ord_27572,cod,1,10216.33
ord_27573,credit_card,4,5011.55
ord_27574,upi,1,12204.21
ord_27575,debit_card,1,1696.01
ord_27576,upi,1,934.46
ord_27577,credit_card,3,169.67
ord_27578,debit_card,1,2601.35
ord_27579,debit_card,1,3029.43
ord_27580,upi,1,1114.71
ord_27581,wallet,1,1319.91
ord_27582,credit_card,3,523.45
ord_27583,upi,1,10766.79
ord_27584,debit_card,1,12444.02
ord_27585,credit_card,3,1116.75
ord_27586,cod,1,2974.92
ord_27587,credit_card,5,1704.57
ord_27588,debit_card,1,14117.24
ord_27589,credit_card,3,2531.51
ord_27590,wallet,1,1715.44
ord_27591,credit_card,5,14700.34
ord_27592,credit_card,5,5919.19
ord_27593,credit_card,5,1302.84
ord_27594,wallet,1,6660.05
ord_27595,cod,1,10493.41
ord_27596,credit_card,1,406.76
ord_27597,debit_card,1,1568.31
ord_27598,wallet,1,17043.15
ord_27599,wallet,1,1601.49
ord_27600,wallet,1,1814.26
ord_27601,upi,1,5946.61
ord_27602,upi,1,2696.03
ord_27603,cod,1,2862.85
ord_27604,credit_card,6,2304.98
ord_27605,upi,1,13266.79
ord_27606,upi,1,3182.65
ord_27607,credit_card,1,690.06
ord_27608,wallet,1,16412.77
ord_27609,wallet,1,7731.51
ord_27610,wallet,1,1392.7
ord_27611,wallet,1,2251.15
ord_27612,credit_card,1,1652.07
ord_27613,credit_card,6,889.99
ord_27614,cod,1,8449.85
ord_27615,upi,1,1291.61
ord_27616,upi,1,792.17
ord_27617,credit_card,1,1417.42
ord_27618,cod,1,1096.1
ord_27619,upi,1,3925.22
ord_27620,credit_card,4,8031.52
ord_27621,debit_card,1,6433.02
ord_27622,credit_card,5,670.82
ord_27623,credit_card,5,531.97
ord_27624,upi,1,14885.74
ord_27625,credit_card,4,1287.31
ord_27626,upi,1,1707.63
ord_27627,upi,1,4991.36
ord_27628,credit_card,3,6486.7
ord_27629,upi,1,10329.65
ord_27630,upi,1,583.85
ord_27631,credit_card,2,2161.44
ord_27632,wallet,1,892.79
ord_27633,upi,1,7570.64
ord_27634,cod,1,21936.63
ord_27635,upi,1,1963.87
ord_27636,upi,1,3873.69
ord_27637,upi,1,3142.97
ord_27638,credit_card,2,2551.73
ord_27639,wallet,1,5959.63
ord_27640,upi,1,7553.32
ord_27641,cod,1,710.14
ord_27642,upi,1,1656.76
ord_27643,upi,1,1500.39
ord_27644,upi,1,7472.39
ord_27645,credit_card,3,454.52
ord_27646,cod,1,5658.54
ord_27647,cod,1,1186.41
ord_27648,credit_card,1,6365.98
ord_27649,credit_card,6,1839.43
ord_27650,cod,1,293.78
ord_27651,upi,1,665.41
ord_27652,upi,1,2890.8
ord_27653,credit_card,6,6301.6
ord_27654,debit_card,1,5918.91
ord_27655,credit_card,5,10975.39
ord_27656,cod,1,2450.21
ord_27657,wallet,1,3169.92
ord_27658,upi,1,1609.83
ord_27659,upi,1,1205.4
ord_27660,upi,1,537.04
ord_27661,cod,1,1098.77
ord_27662,credit_card,3,8307.85
ord_27663,upi,1,5528.38
ord_27664,credit_card,6,6402.1
ord_27665,upi,1,11095.79
ord_27666,upi,1,9262.45
ord_27667,wallet,1,2696.77
ord_27668,debit_card,1,5843.02
ord_27669,credit_card,1,6794.58
ord_27670,wallet,1,480.79
ord_27671,upi,1,654.85
ord_27672,upi,1,1024.14
ord_27673,credit_card,2,3338.64
ord_27674,debit_card,1,7325.8
ord_27675,debit_card,1,11877.93
ord_27676,cod,1,7074.08
ord_27677,upi,1,4024.23
ord_27678,upi,1,2035.22
ord_27679,cod,1,6003.09
ord_27680,credit_card,6,1035.37
ord_27681,upi,1,6989.99
ord_27682,credit_card,6,8269.61
ord_27683,cod,1,8826.66
ord_27684,upi,1,15487.3
ord_27685,cod,1,1261.58
ord_27686,cod,1,10501.25
ord_27687,wallet,1,2905.28
ord_27688,upi,1,439.31
ord_27689,upi,1,1219.99
ord_27690,upi,1,10524.4
ord_27691,credit_card,6,7372.56
ord_27692,debit_card,1,1837.72
ord_27693,debit_card,1,11711.41
ord_27694,wallet,1,7041.32
ord_27695,credit_card,2,3557.43
ord_27696,credit_card,5,9544.1
ord_27697,debit_card,1,1058.89
ord_27698,wallet,1,301.6
ord_27699,cod,1,1407.85
ord_27700,upi,1,1231.53
ord_27701,upi,1,8061.75
ord_27702,upi,1,1637.94
ord_27703,upi,1,15759.11
ord_27704,debit_card,1,1306.31
ord_27705,upi,1,2694.04
ord_27706,credit_card,2,1175.52
ord_27707,cod,1,17574.21
ord_27708,upi,1,14472.05
ord_27709,upi,1,705.07
ord_27710,credit_card,5,807.28
ord_27711,credit_card,1,1178.17
ord_27712,cod,1,13090.47
ord_27713,credit_card,5,701.06
ord_27714,credit_card,4,8726.23
ord_27715,upi,1,15604.82
ord_27716,credit_card,1,1480.33
ord_27717,upi,1,7730.36
ord_27718,upi,1,1452.8
ord_27719,upi,1,1867.86
ord_27720,credit_card,3,492.36
ord_27721,upi,1,2579.32
ord_27722,wallet,1,1862.91
ord_27723,upi,1,1493.56
ord_27724,debit_card,1,5047.57
ord_27725,upi,1,3196.07
ord_27726,upi,1,1137.15
ord_27727,wallet,1,6437.73
ord_27728,credit_card,5,3341.64
ord_27729,credit_card,1,2821.64
ord_27730,upi,1,3755.0
ord_27731,upi,1,2509.57
ord_27732,wallet,1,594.04
ord_27733,wallet,1,7847.3
ord_27734,wallet,1,1960.67
ord_27735,upi,1,5558.33
ord_27736,upi,1,8976.98
ord_27737,credit_card,4,680.04
ord_27738,upi,1,6284.79
ord_27739,upi,1,449.77
ord_27740,upi,1,1553.27
ord_27741,credit_card,5,12804.95
ord_27742,upi,1,506.66
ord_27743,credit_card,5,532.18
ord_27744,upi,1,7370.35
ord_27745,credit_card,1,8806.5
ord_27746,upi,1,12936.42
ord_27747,credit_card,1,1519.94
ord_27748,debit_card,1,1268.8
ord_27749,cod,1,2524.47
ord_27750,upi,1,9626.87
ord_27751,wallet,1,2904.46
ord_27752,upi,1,6357.14
ord_27753,credit_card,6,470.21
ord_27754,cod,1,10955.01
ord_27755,upi,1,926.09
ord_27756,debit_card,1,7079.25
ord_27757,credit_card,6,6144.08
ord_27758,upi,1,1355.44
ord_27759,credit_card,4,1033.53
ord_27760,credit_card,4,2352.21
ord_27761,upi,1,6370.94
ord_27762,debit_card,1,12596.48
ord_27763,debit_card,1,549.05
ord_27764,upi,1,2084.65
ord_27765,upi,1,1253.34
ord_27766,debit_card,1,7792.07
ord_27767,credit_card,5,603.74
ord_27768,credit_card,6,7882.04
ord_27769,wallet,1,14402.31
ord_27770,cod,1,13294.49
ord_27771,upi,1,398.32
ord_27772,upi,1,3361.35
ord_27773,credit_card,3,1787.94
ord_27774,upi,1,2598.36
ord_27775,wallet,1,2072.76
ord_27776,upi,1,8209.82
ord_27777,credit_card,2,4878.04
ord_27778,upi,1,3147.06
ord_27779,upi,1,1614.44
ord_27780,credit_card,2,2951.53
ord_27781,upi,1,3069.03
ord_27782,upi,1,1904.87
ord_27783,upi,1,15381.31
ord_27784,upi,1,3491.68
ord_27785,upi,1,1216.99
ord_27786,credit_card,2,7793.85
ord_27787,credit_card,6,22331.59
ord_27788,debit_card,1,742.14
ord_27789,wallet,1,5410.91
ord_27790,credit_card,5,1106.53
ord_27791,cod,1,2032.61
ord_27792,upi,1,14934.47
ord_27793,cod,1,1712.91
ord_27794,upi,1,653.86
ord_27795,cod,1,6876.8
ord_27796,wallet,1,1724.51
ord_27797,cod,1,1202.42
ord_27798,upi,1,2096.28
ord_27799,credit_card,3,1671.27
ord_27800,wallet,1,2709.19
ord_27801,debit_card,1,8355.09
ord_27802,upi,1,1921.57
ord_27803,wallet,1,438.52
ord_27804,wallet,1,1595.58
ord_27805,credit_card,1,4451.7
ord_27806,upi,1,7905.6
ord_27807,debit_card,1,2479.32
ord_27808,wallet,1,16736.55
ord_27809,upi,1,12804.78
ord_27810,upi,1,11230.17
ord_27811,upi,1,1645.12
ord_27812,credit_card,3,14187.29
ord_27813,cod,1,13247.78
ord_27814,credit_card,6,2989.14
ord_27815,credit_card,6,2844.41
ord_27816,debit_card,1,7993.74
ord_27817,wallet,1,704.37
ord_27818,cod,1,5383.8
ord_27819,cod,1,5906.71
ord_27820,cod,1,4263.74
ord_27821,upi,1,7546.59
ord_27822,credit_card,3,4685.94
ord_27823,credit_card,1,1013.37
ord_27824,credit_card,5,14048.81
ord_27825,upi,1,8465.09
ord_27826,upi,1,5412.58
ord_27827,credit_card,5,13543.75
ord_27828,credit_card,5,8983.45
ord_27829,wallet,1,2090.67
ord_27830,credit_card,4,4809.83
ord_27831,credit_card,3,1498.12
ord_27832,wallet,1,1395.46
ord_27833,upi,1,7126.86
ord_27834,credit_card,3,13468.38
ord_27835,cod,1,1329.93
ord_27836,wallet,1,14525.42
ord_27837,credit_card,1,10839.89
ord_27838,upi,1,2820.28
ord_27839,debit_card,1,249.6
ord_27840,upi,1,1987.51
ord_27841,upi,1,2955.72
ord_27842,cod,1,4048.28
ord_27843,upi,1,5132.78
ord_27844,upi,1,1313.1
ord_27845,credit_card,3,1192.47
ord_27846,upi,1,2313.03
ord_27847,cod,1,1419.8
ord_27848,upi,1,15924.38
ord_27849,credit_card,1,3503.73
ord_27850,credit_card,5,1137.67
ord_27851,upi,1,2165.45
ord_27852,credit_card,4,2228.26
ord_27853,debit_card,1,1691.46
ord_27854,upi,1,9576.82
ord_27855,debit_card,1,1169.13
ord_27856,credit_card,2,10359.43
ord_27857,upi,1,853.09
ord_27858,credit_card,2,2056.59
ord_27859,wallet,1,18211.49
ord_27860,wallet,1,9029.13
ord_27861,credit_card,3,10441.92
ord_27862,credit_card,3,6921.09
ord_27863,cod,1,3846.42
ord_27864,credit_card,2,776.5
ord_27865,credit_card,5,10033.82
ord_27866,credit_card,6,7054.73
ord_27867,upi,1,3604.37
ord_27868,upi,1,420.25
ord_27869,upi,1,7241.21
ord_27870,upi,1,1204.53
ord_27871,credit_card,4,1022.22
ord_27872,cod,1,969.71
ord_27873,wallet,1,1585.41
ord_27874,cod,1,1511.58
ord_27875,cod,1,3301.61
ord_27876,wallet,1,617.59
ord_27877,upi,1,729.12
ord_27878,upi,1,1039.92
ord_27879,debit_card,1,1708.85
ord_27880,upi,1,8767.25
ord_27881,debit_card,1,1843.51
ord_27882,cod,1,7046.63
ord_27883,upi,1,6375.76
ord_27884,upi,1,2039.02
ord_27885,upi,1,3511.82
ord_27886,debit_card,1,1657.39
ord_27887,debit_card,1,963.21
ord_27888,debit_card,1,2045.59
ord_27889,debit_card,1,15652.79
ord_27890,upi,1,361.23
ord_27891,wallet,1,12464.01
ord_27892,upi,1,9920.47
ord_27893,upi,1,23643.59
ord_27894,wallet,1,2371.85
ord_27895,upi,1,9693.29
ord_27896,credit_card,1,7579.27
ord_27897,credit_card,4,768.84
ord_27898,upi,1,2173.03
ord_27899,upi,1,884.16
ord_27900,wallet,1,1020.42
ord_27901,credit_card,4,513.57
ord_27902,upi,1,1535.84
ord_27903,upi,1,1009.66
ord_27904,wallet,1,886.26
ord_27905,upi,1,16018.99
ord_27906,cod,1,4237.74
ord_27907,upi,1,1657.81
ord_27908,debit_card,1,5770.02
ord_27909,upi,1,2913.15
ord_27910,credit_card,6,5153.35
ord_27911,credit_card,5,3568.08
ord_27912,upi,1,2985.35
ord_27913,upi,1,8984.25
ord_27914,credit_card,5,2593.62
ord_27915,credit_card,1,1972.05
ord_27916,upi,1,7151.64
ord_27917,credit_card,1,2446.96
ord_27918,upi,1,571.15
ord_27919,upi,1,980.27
ord_27920,upi,1,3886.76
ord_27921,upi,1,8580.83
ord_27922,upi,1,13907.95
ord_27923,credit_card,5,1053.75
ord_27924,credit_card,4,1141.78
ord_27925,credit_card,4,9070.01
ord_27926,upi,1,1663.32
ord_27927,upi,1,452.22
ord_27928,wallet,1,3944.59
ord_27929,debit_card,1,571.95
ord_27930,wallet,1,2437.38
ord_27931,credit_card,4,2612.58
ord_27932,upi,1,2199.74
ord_27933,cod,1,689.45
ord_27934,credit_card,6,3446.54
ord_27935,wallet,1,4018.72
ord_27936,credit_card,6,12041.1
ord_27937,upi,1,16829.63
ord_27938,upi,1,8860.88
ord_27939,upi,1,4818.62
ord_27940,cod,1,8709.07
ord_27941,credit_card,6,11373.25
ord_27942,wallet,1,1547.78
ord_27943,upi,1,8148.18
ord_27944,cod,1,1851.2
ord_27945,upi,1,14577.04
ord_27946,credit_card,1,474.11
ord_27947,upi,1,973.44
ord_27948,debit_card,1,10413.72
ord_27949,wallet,1,6964.67
ord_27950,upi,1,2044.5
ord_27951,credit_card,5,895.94
ord_27952,upi,1,581.73
ord_27953,upi,1,2370.24
ord_27954,upi,1,3494.14
ord_27955,upi,1,14978.8
ord_27956,debit_card,1,6742.69
ord_27957,credit_card,2,702.19
ord_27958,upi,1,9125.52
ord_27959,credit_card,2,13835.39
ord_27960,upi,1,968.23
ord_27961,credit_card,4,387.27
ord_27962,debit_card,1,9620.08
ord_27963,upi,1,1375.59
ord_27964,wallet,1,10541.21
ord_27965,debit_card,1,620.78
ord_27966,debit_card,1,1262.07
ord_27967,credit_card,3,4031.27
ord_27968,cod,1,2501.6
ord_27969,credit_card,6,703.75
ord_27970,debit_card,1,7785.8
ord_27971,upi,1,819.2
ord_27972,credit_card,5,8793.06
ord_27973,credit_card,2,349.06
ord_27974,upi,1,2389.12
ord_27975,cod,1,1153.68
ord_27976,upi,1,704.11
ord_27977,upi,1,3060.58
ord_27978,credit_card,5,508.23
ord_27979,upi,1,5511.64
ord_27980,credit_card,3,627.36
ord_27981,cod,1,834.24
ord_27982,upi,1,9499.09
ord_27983,upi,1,955.47
ord_27984,wallet,1,9520.32
ord_27985,cod,1,4877.44
ord_27986,credit_card,5,11633.79
ord_27987,credit_card,5,4294.43
ord_27988,debit_card,1,13050.93
ord_27989,credit_card,4,7337.43
ord_27990,wallet,1,1475.43
ord_27991,credit_card,3,6650.17
ord_27992,upi,1,2800.03
ord_27993,credit_card,1,423.35
ord_27994,debit_card,1,461.09
ord_27995,upi,1,1956.82
ord_27996,upi,1,9292.31
ord_27997,upi,1,11388.02
ord_27998,credit_card,6,970.79
ord_27999,wallet,1,2286.34
ord_28000,debit_card,1,9650.25
ord_28001,debit_card,1,2843.6
ord_28002,upi,1,704.13
ord_28003,debit_card,1,961.44
ord_28004,cod,1,1045.02
ord_28005,upi,1,4624.7
ord_28006,cod,1,1353.57
ord_28007,cod,1,1948.14
ord_28008,debit_card,1,1625.79
ord_28009,credit_card,4,854.37
ord_28010,upi,1,1226.9
ord_28011,credit_card,6,2625.6
ord_28012,upi,1,7350.98
ord_28013,credit_card,5,6689.19
ord_28014,debit_card,1,1298.29
ord_28015,wallet,1,1947.2
ord_28016,debit_card,1,3287.15
ord_28017,credit_card,1,2331.97
ord_28018,upi,1,7552.16
ord_28019,upi,1,1077.67
ord_28020,cod,1,1759.33
ord_28021,upi,1,1403.57
ord_28022,upi,1,19949.19
ord_28023,wallet,1,3988.43
ord_28024,credit_card,3,445.64
ord_28025,upi,1,7306.3
ord_28026,upi,1,1082.16
ord_28027,upi,1,8700.04
ord_28028,debit_card,1,567.99
ord_28029,upi,1,1696.03
ord_28030,upi,1,5506.16
ord_28031,credit_card,1,601.44
ord_28032,credit_card,5,10592.09
ord_28033,upi,1,9569.77
ord_28034,credit_card,6,8490.32
ord_28035,credit_card,3,3305.53
ord_28036,upi,1,1761.77
ord_28037,cod,1,10256.0
ord_28038,upi,1,8659.63
ord_28039,debit_card,1,3971.06
ord_28040,credit_card,1,11025.57
ord_28041,debit_card,1,5716.68
ord_28042,wallet,1,3303.14
ord_28043,debit_card,1,10105.05
ord_28044,credit_card,2,9088.71
ord_28045,debit_card,1,1052.38
ord_28046,upi,1,658.38
ord_28047,wallet,1,8454.15
ord_28048,debit_card,1,447.88
ord_28049,upi,1,11386.94
ord_28050,cod,1,2003.17
ord_28051,upi,1,7657.75
ord_28052,credit_card,4,2070.68
ord_28053,cod,1,9387.39
ord_28054,upi,1,2440.39
ord_28055,credit_card,1,385.58
ord_28056,credit_card,3,11158.64
ord_28057,cod,1,1770.54
ord_28058,credit_card,6,9130.15
ord_28059,credit_card,4,8532.01
ord_28060,upi,1,897.51
ord_28061,upi,1,1158.18
ord_28062,cod,1,18312.48
ord_28063,credit_card,4,448.79
ord_28064,credit_card,4,1136.61
ord_28065,credit_card,1,605.32
ord_28066,credit_card,4,3333.7
ord_28067,upi,1,5223.99
ord_28068,upi,1,1219.86
ord_28069,credit_card,4,1226.51
ord_28070,cod,1,2332.81
ord_28071,upi,1,835.58
ord_28072,wallet,1,1817.52
ord_28073,upi,1,9235.22
ord_28074,credit_card,6,1684.38
ord_28075,credit_card,4,9742.45
ord_28076,upi,1,9317.87
ord_28077,credit_card,1,677.0
ord_28078,credit_card,1,3551.65
ord_28079,credit_card,3,7246.63
ord_28080,upi,1,17171.76
ord_28081,cod,1,504.17
ord_28082,upi,1,212.57
ord_28083,upi,1,978.86
ord_28084,upi,1,747.69
ord_28085,cod,1,1499.24
ord_28086,credit_card,2,4822.87
ord_28087,credit_card,6,2127.67
ord_28088,cod,1,2314.99
ord_28089,wallet,1,5238.27
ord_28090,wallet,1,727.63
ord_28091,upi,1,2575.59
ord_28092,credit_card,2,2972.38
ord_28093,wallet,1,680.47
ord_28094,credit_card,1,4021.96
ord_28095,upi,1,4235.42
ord_28096,cod,1,7203.41
ord_28097,wallet,1,6823.26
ord_28098,credit_card,6,1074.2
ord_28099,cod,1,5686.81
ord_28100,cod,1,8661.08
ord_28101,upi,1,1437.56
ord_28102,credit_card,1,15748.84
ord_28103,cod,1,1833.02
ord_28104,upi,1,2225.67
ord_28105,cod,1,1635.03
ord_28106,credit_card,6,3642.29
ord_28107,wallet,1,3075.59
ord_28108,debit_card,1,290.1
ord_28109,credit_card,5,8405.32
ord_28110,upi,1,443.21
ord_28111,credit_card,5,2205.17
ord_28112,credit_card,3,6432.54
ord_28113,wallet,1,2255.03
ord_28114,credit_card,2,6838.97
ord_28115,wallet,1,9152.98
ord_28116,credit_card,5,10609.19
ord_28117,upi,1,1228.47
ord_28118,upi,1,8953.41
ord_28119,credit_card,2,8006.62
ord_28120,upi,1,7448.12
ord_28121,debit_card,1,3553.03
ord_28122,cod,1,2330.71
ord_28123,debit_card,1,1134.44
ord_28124,upi,1,9572.56
ord_28125,upi,1,3815.88
ord_28126,upi,1,4886.34
ord_28127,credit_card,1,6310.0
ord_28128,upi,1,1051.76
ord_28129,wallet,1,816.53
ord_28130,credit_card,3,8015.53
ord_28131,wallet,1,3718.78
ord_28132,wallet,1,7303.6
ord_28133,wallet,1,747.93
ord_28134,credit_card,2,2394.5
ord_28135,upi,1,4001.72
ord_28136,upi,1,1552.01
ord_28137,debit_card,1,657.81
ord_28138,upi,1,12362.86
ord_28139,credit_card,2,1606.4
ord_28140,upi,1,1160.52
ord_28141,credit_card,5,11084.72
ord_28142,credit_card,6,553.66
ord_28143,upi,1,17092.06
ord_28144,upi,1,460.68
ord_28145,credit_card,2,7186.18
ord_28146,debit_card,1,2398.42
ord_28147,wallet,1,13875.42
ord_28148,upi,1,9001.26
ord_28149,upi,1,9315.89
ord_28150,credit_card,2,18095.49
ord_28151,credit_card,6,6610.56
ord_28152,wallet,1,795.48
ord_28153,upi,1,3457.95
ord_28154,debit_card,1,8947.3
ord_28155,upi,1,13601.59
ord_28156,credit_card,5,1085.27
ord_28157,credit_card,1,3536.98
ord_28158,upi,1,8431.49
ord_28159,upi,1,3648.62
ord_28160,upi,1,5971.6
ord_28161,upi,1,6264.35
ord_28162,upi,1,6624.73
ord_28163,upi,1,495.99
ord_28164,upi,1,3036.04
ord_28165,debit_card,1,2477.83
ord_28166,debit_card,1,3575.96
ord_28167,upi,1,13180.11
ord_28168,upi,1,632.69
ord_28169,debit_card,1,796.54
ord_28170,cod,1,5507.5
ord_28171,credit_card,1,7388.21
ord_28172,debit_card,1,10960.9
ord_28173,upi,1,14159.81
ord_28174,wallet,1,1877.13
ord_28175,credit_card,2,3818.75
ord_28176,upi,1,3102.34
ord_28177,wallet,1,9153.69
ord_28178,debit_card,1,513.58
ord_28179,upi,1,1136.26
ord_28180,debit_card,1,2367.66
ord_28181,credit_card,3,460.04
ord_28182,credit_card,4,2081.02
ord_28183,upi,1,474.01
ord_28184,upi,1,1083.12
ord_28185,debit_card,1,1094.63
ord_28186,credit_card,4,1736.68
ord_28187,credit_card,5,684.16
ord_28188,debit_card,1,1489.25
ord_28189,upi,1,11844.0
ord_28190,wallet,1,1023.19
ord_28191,credit_card,4,8286.75
ord_28192,credit_card,3,1836.76
ord_28193,debit_card,1,11667.87
ord_28194,credit_card,4,471.49
ord_28195,debit_card,1,3377.43
ord_28196,upi,1,7457.4
ord_28197,upi,1,11413.31
ord_28198,credit_card,5,676.18
ord_28199,upi,1,7072.38
ord_28200,debit_card,1,1200.78
ord_28201,upi,1,10877.81
ord_28202,credit_card,4,6086.15
ord_28203,credit_card,6,7816.7
ord_28204,upi,1,419.06
ord_28205,upi,1,2487.38
ord_28206,debit_card,1,1557.56
ord_28207,upi,1,990.48
ord_28208,upi,1,447.21
ord_28209,credit_card,3,6512.19
ord_28210,credit_card,3,4771.95
ord_28211,wallet,1,568.99
ord_28212,cod,1,7337.71
ord_28213,wallet,1,5654.9
ord_28214,upi,1,8184.57
ord_28215,credit_card,2,435.31
ord_28216,cod,1,1062.69
ord_28217,upi,1,1512.16
ord_28218,upi,1,1860.22
ord_28219,wallet,1,2201.48
ord_28220,wallet,1,1186.54
ord_28221,credit_card,6,8186.3
ord_28222,debit_card,1,5380.7
ord_28223,upi,1,8057.23
ord_28224,upi,1,7193.55
ord_28225,credit_card,3,471.7
ord_28226,debit_card,1,1254.93
ord_28227,credit_card,3,2581.83
ord_28228,credit_card,6,956.46
ord_28229,wallet,1,873.64
ord_28230,cod,1,8283.93
ord_28231,upi,1,3406.34
ord_28232,upi,1,1852.76
ord_28233,debit_card,1,1957.53
ord_28234,upi,1,2066.92
ord_28235,debit_card,1,5842.8
ord_28236,upi,1,6031.59
ord_28237,credit_card,1,9367.01
ord_28238,upi,1,3938.61
ord_28239,upi,1,1180.04
ord_28240,upi,1,763.94
ord_28241,upi,1,13553.17
ord_28242,wallet,1,8292.44
ord_28243,upi,1,10406.99
ord_28244,upi,1,1199.75
ord_28245,upi,1,1409.85
ord_28246,upi,1,3781.03
ord_28247,wallet,1,3909.3
ord_28248,upi,1,825.79
ord_28249,upi,1,13310.27
ord_28250,upi,1,2948.66
ord_28251,upi,1,1286.69
ord_28252,upi,1,6932.07
ord_28253,cod,1,13920.42
ord_28254,cod,1,4147.97
ord_28255,cod,1,2076.33
ord_28256,upi,1,165.92
ord_28257,upi,1,3146.28
ord_28258,debit_card,1,363.32
ord_28259,upi,1,1242.32
ord_28260,upi,1,549.11
ord_28261,upi,1,9231.49
ord_28262,debit_card,1,7885.37
ord_28263,upi,1,712.64
ord_28264,credit_card,4,10655.33
ord_28265,cod,1,527.49
ord_28266,debit_card,1,4281.74
ord_28267,credit_card,5,6328.24
ord_28268,wallet,1,2441.18
ord_28269,credit_card,6,7860.87
ord_28270,upi,1,1487.78
ord_28271,upi,1,8620.55
ord_28272,cod,1,3358.88
ord_28273,upi,1,6765.76
ord_28274,cod,1,2036.9
ord_28275,credit_card,4,3086.32
ord_28276,upi,1,8876.97
ord_28277,credit_card,2,4084.35
ord_28278,credit_card,4,2810.75
ord_28279,credit_card,6,11821.6
ord_28280,credit_card,1,501.89
ord_28281,credit_card,3,1970.1
ord_28282,upi,1,919.68
ord_28283,cod,1,9758.92
ord_28284,credit_card,1,7709.08
ord_28285,credit_card,3,9066.25
ord_28286,debit_card,1,5423.87
ord_28287,upi,1,7820.85
ord_28288,credit_card,2,1135.61
ord_28289,wallet,1,5398.93
ord_28290,upi,1,2624.41
ord_28291,cod,1,2387.6
ord_28292,credit_card,3,892.24
ord_28293,cod,1,809.77
ord_28294,credit_card,4,1089.19
ord_28295,debit_card,1,2252.02
ord_28296,upi,1,3445.31
ord_28297,debit_card,1,7452.45
ord_28298,cod,1,9996.22
ord_28299,credit_card,2,8713.42
ord_28300,cod,1,732.51
ord_28301,upi,1,4000.25
ord_28302,credit_card,1,3046.99
ord_28303,upi,1,1102.09
ord_28304,credit_card,3,5193.54
ord_28305,wallet,1,1232.97
ord_28306,credit_card,3,991.18
ord_28307,credit_card,1,489.17
ord_28308,credit_card,6,13835.63
ord_28309,upi,1,532.38
ord_28310,upi,1,16698.22
ord_28311,credit_card,4,2131.67
ord_28312,wallet,1,13368.55
ord_28313,upi,1,1762.54
ord_28314,upi,1,2182.61
ord_28315,upi,1,5647.37
ord_28316,cod,1,5919.3
ord_28317,upi,1,1292.4
ord_28318,debit_card,1,9306.75
ord_28319,credit_card,6,3755.04
ord_28320,wallet,1,371.0
ord_28321,upi,1,2863.81
ord_28322,credit_card,3,6226.66
ord_28323,upi,1,2757.73
ord_28324,credit_card,6,1937.76
ord_28325,credit_card,1,9961.74
ord_28326,debit_card,1,872.15
ord_28327,credit_card,3,7098.68
ord_28328,credit_card,3,649.27
ord_28329,debit_card,1,545.72
ord_28330,upi,1,1796.62
ord_28331,credit_card,6,3974.51
ord_28332,debit_card,1,9238.49
ord_28333,upi,1,868.58
ord_28334,wallet,1,5424.58
ord_28335,credit_card,1,1538.58
ord_28336,credit_card,6,6262.84
ord_28337,upi,1,1863.5
ord_28338,cod,1,1224.79
ord_28339,wallet,1,1167.36
ord_28340,upi,1,1692.46
ord_28341,upi,1,2177.84
ord_28342,upi,1,6184.01
ord_28343,credit_card,5,1969.06
ord_28344,debit_card,1,925.28
ord_28345,cod,1,1458.02
ord_28346,upi,1,1507.56
ord_28347,debit_card,1,4587.49
ord_28348,upi,1,10924.26
ord_28349,debit_card,1,6874.98
ord_28350,debit_card,1,1915.06
ord_28351,upi,1,2585.17
ord_28352,credit_card,2,9121.1
ord_28353,debit_card,1,2925.24
ord_28354,credit_card,6,17219.16
ord_28355,upi,1,8494.89
ord_28356,cod,1,1196.14
ord_28357,wallet,1,438.65
ord_28358,debit_card,1,2154.56
ord_28359,credit_card,5,1176.47
ord_28360,upi,1,2190.43
ord_28361,upi,1,1288.84
ord_28362,credit_card,4,5566.31
ord_28363,debit_card,1,8432.38
ord_28364,upi,1,1823.6
ord_28365,upi,1,702.05
ord_28366,credit_card,4,7836.35
ord_28367,upi,1,464.13
ord_28368,upi,1,7484.37
ord_28369,upi,1,7106.37
ord_28370,cod,1,9154.84
ord_28371,credit_card,4,8548.23
ord_28372,upi,1,725.3
ord_28373,credit_card,3,8171.99
ord_28374,upi,1,3152.8
ord_28375,upi,1,420.97
ord_28376,upi,1,2921.48
ord_28377,upi,1,803.58
ord_28378,upi,1,11289.07
ord_28379,debit_card,1,7473.97
ord_28380,upi,1,2819.42
ord_28381,upi,1,9112.85
ord_28382,credit_card,3,468.82
ord_28383,cod,1,6913.73
ord_28384,debit_card,1,5411.77
ord_28385,upi,1,7310.12
ord_28386,upi,1,3339.73
ord_28387,upi,1,1846.62
ord_28388,debit_card,1,2397.21
ord_28389,upi,1,1778.16
ord_28390,upi,1,6823.67
ord_28391,upi,1,5402.09
ord_28392,cod,1,3617.06
ord_28393,credit_card,1,450.51
ord_28394,credit_card,5,3181.51
ord_28395,upi,1,16045.08
ord_28396,upi,1,9744.25
ord_28397,upi,1,7014.41
ord_28398,upi,1,6965.61
ord_28399,upi,1,3838.08
ord_28400,wallet,1,7054.18
ord_28401,upi,1,6115.12
ord_28402,credit_card,2,635.61
ord_28403,debit_card,1,5354.8
ord_28404,credit_card,4,17547.11
ord_28405,credit_card,4,17276.9
ord_28406,upi,1,1131.38
ord_28407,upi,1,1262.55
ord_28408,credit_card,4,6760.13
ord_28409,credit_card,3,12221.51
ord_28410,debit_card,1,903.21
ord_28411,credit_card,2,13583.87
ord_28412,upi,1,2420.07
ord_28413,debit_card,1,13022.74
ord_28414,wallet,1,1037.38
ord_28415,upi,1,15705.83
ord_28416,credit_card,3,2654.98
ord_28417,upi,1,11660.38
ord_28418,credit_card,6,1397.38
ord_28419,cod,1,5918.58
ord_28420,credit_card,5,376.55
ord_28421,debit_card,1,3448.13
ord_28422,upi,1,688.3
ord_28423,cod,1,15382.74
ord_28424,upi,1,5940.88
ord_28425,wallet,1,1326.29
ord_28426,upi,1,862.41
ord_28427,credit_card,5,637.84
ord_28428,upi,1,13768.67
ord_28429,cod,1,2369.41
ord_28430,upi,1,3312.73
ord_28431,wallet,1,7025.98
ord_28432,credit_card,1,749.97
ord_28433,upi,1,2536.67
ord_28434,wallet,1,924.52
ord_28435,credit_card,1,3205.56
ord_28436,upi,1,1561.82
ord_28437,credit_card,3,1620.24
ord_28438,credit_card,5,2519.35
ord_28439,credit_card,2,12054.07
ord_28440,cod,1,6787.86
ord_28441,upi,1,368.29
ord_28442,cod,1,3482.92
ord_28443,debit_card,1,9426.63
ord_28444,upi,1,3712.81
ord_28445,wallet,1,3950.49
ord_28446,upi,1,9410.53
ord_28447,upi,1,6480.58
ord_28448,credit_card,3,19196.39
ord_28449,wallet,1,570.46
ord_28450,credit_card,6,2247.51
ord_28451,upi,1,439.37
ord_28452,upi,1,638.05
ord_28453,credit_card,3,6313.77
ord_28454,credit_card,2,1430.52
ord_28455,cod,1,3551.13
ord_28456,wallet,1,4867.48
ord_28457,cod,1,1694.19
ord_28458,upi,1,1683.54
ord_28459,upi,1,4011.95
ord_28460,wallet,1,1958.5
ord_28461,cod,1,10751.28
ord_28462,upi,1,9420.42
ord_28463,debit_card,1,1729.43
ord_28464,debit_card,1,8429.48
ord_28465,upi,1,828.9
ord_28466,credit_card,1,1051.34
ord_28467,upi,1,6479.7
ord_28468,credit_card,2,1203.51
ord_28469,upi,1,865.03
ord_28470,upi,1,3242.33
ord_28471,upi,1,1813.18
ord_28472,credit_card,4,2881.06
ord_28473,upi,1,1001.09
ord_28474,credit_card,3,1260.73
ord_28475,credit_card,3,653.37
ord_28476,upi,1,2638.93
ord_28477,credit_card,3,8777.9
ord_28478,debit_card,1,12501.08
ord_28479,credit_card,3,3446.93
ord_28480,upi,1,1473.74
ord_28481,wallet,1,4277.84
ord_28482,cod,1,1245.92
ord_28483,cod,1,7383.43
ord_28484,credit_card,3,9009.97
ord_28485,credit_card,1,5251.52
ord_28486,credit_card,1,8849.95
ord_28487,cod,1,1091.48
ord_28488,credit_card,6,3815.04
ord_28489,upi,1,2250.2
ord_28490,upi,1,9714.38
ord_28491,upi,1,4238.08
ord_28492,credit_card,1,2451.33
ord_28493,debit_card,1,2300.5
ord_28494,debit_card,1,595.17
ord_28495,wallet,1,8808.2
ord_28496,upi,1,3066.28
ord_28497,credit_card,5,583.26
ord_28498,wallet,1,5380.93
ord_28499,credit_card,5,3044.08
ord_28500,cod,1,21011.24
ord_28501,credit_card,3,2675.47
ord_28502,credit_card,3,1470.56
ord_28503,debit_card,1,335.18
ord_28504,upi,1,6567.76
ord_28505,credit_card,2,1220.56
ord_28506,cod,1,7025.34
ord_28507,upi,1,3111.09
ord_28508,credit_card,6,12949.98
ord_28509,credit_card,2,15837.76
ord_28510,upi,1,1838.72
ord_28511,upi,1,12633.42
ord_28512,credit_card,2,6497.0
ord_28513,cod,1,2144.15
ord_28514,upi,1,11897.86
ord_28515,debit_card,1,9030.83
ord_28516,credit_card,1,2956.17
ord_28517,upi,1,3294.23
ord_28518,credit_card,5,5976.94
ord_28519,credit_card,1,534.65
ord_28520,upi,1,1357.74
ord_28521,wallet,1,7472.88
ord_28522,upi,1,5574.27
ord_28523,cod,1,1312.71
ord_28524,upi,1,714.88
ord_28525,credit_card,5,7785.18
ord_28526,credit_card,6,3097.83
ord_28527,credit_card,5,3890.75
ord_28528,cod,1,2527.45
ord_28529,upi,1,5985.0
ord_28530,credit_card,5,3370.39
ord_28531,wallet,1,2023.48
ord_28532,credit_card,6,319.87
ord_28533,upi,1,19030.18
ord_28534,upi,1,8956.92
ord_28535,upi,1,14270.17
ord_28536,debit_card,1,5616.29
ord_28537,cod,1,1068.98
ord_28538,upi,1,989.26
ord_28539,credit_card,4,7712.77
ord_28540,credit_card,1,554.51
ord_28541,debit_card,1,2198.42
ord_28542,cod,1,1924.2
ord_28543,upi,1,775.59
ord_28544,credit_card,6,5822.68
ord_28545,upi,1,436.94
ord_28546,upi,1,28617.4
ord_28547,credit_card,2,2514.11
ord_28548,credit_card,6,547.81
ord_28549,credit_card,6,1967.67
ord_28550,upi,1,2445.91
ord_28551,credit_card,3,2861.8
ord_28552,cod,1,2179.19
ord_28553,debit_card,1,986.34
ord_28554,upi,1,13136.62
ord_28555,upi,1,1866.39
ord_28556,cod,1,5752.38
ord_28557,upi,1,8669.25
ord_28558,upi,1,7387.84
ord_28559,cod,1,5049.87
ord_28560,upi,1,7067.31
ord_28561,debit_card,1,11810.45
ord_28562,credit_card,5,299.59
ord_28563,wallet,1,844.9
ord_28564,wallet,1,17013.93
ord_28565,cod,1,4080.64
ord_28566,wallet,1,7438.0
ord_28567,upi,1,986.75
ord_28568,credit_card,4,838.01
ord_28569,upi,1,13705.86
ord_28570,wallet,1,1073.5
ord_28571,credit_card,1,3338.58
ord_28572,upi,1,2423.01
ord_28573,upi,1,1922.17
ord_28574,credit_card,5,393.08
ord_28575,credit_card,2,15282.35
ord_28576,upi,1,933.0
ord_28577,upi,1,8309.43
ord_28578,credit_card,2,641.79
ord_28579,upi,1,8125.26
ord_28580,credit_card,5,8465.83
ord_28581,upi,1,8149.54
ord_28582,upi,1,4699.18
ord_28583,credit_card,5,5852.86
ord_28584,upi,1,6972.75
ord_28585,credit_card,6,2859.24
ord_28586,upi,1,258.06
ord_28587,debit_card,1,10888.46
ord_28588,credit_card,5,1044.4
ord_28589,cod,1,2017.91
ord_28590,upi,1,2544.48
ord_28591,upi,1,9223.95
ord_28592,credit_card,3,6470.37
ord_28593,credit_card,2,11494.02
ord_28594,upi,1,9441.3
ord_28595,wallet,1,2181.11
ord_28596,credit_card,3,4170.56
ord_28597,credit_card,1,10723.96
ord_28598,credit_card,6,2085.87
ord_28599,wallet,1,1092.11
ord_28600,upi,1,8348.83
ord_28601,credit_card,1,2032.96
ord_28602,credit_card,3,2342.01
ord_28603,upi,1,9263.96
ord_28604,debit_card,1,1535.75
ord_28605,upi,1,1500.86
ord_28606,upi,1,2502.31
ord_28607,debit_card,1,1786.49
ord_28608,credit_card,3,1559.1
ord_28609,upi,1,636.61
ord_28610,upi,1,9491.08
ord_28611,wallet,1,489.95
ord_28612,credit_card,5,595.45
ord_28613,cod,1,414.96
ord_28614,debit_card,1,1268.26
ord_28615,debit_card,1,1620.89
ord_28616,upi,1,802.48
ord_28617,upi,1,11590.99
ord_28618,credit_card,2,9697.79
ord_28619,upi,1,3634.07
ord_28620,upi,1,10285.65
ord_28621,upi,1,3057.45
ord_28622,debit_card,1,6610.37
ord_28623,wallet,1,6483.87
ord_28624,credit_card,2,7066.96
ord_28625,credit_card,2,14619.48
ord_28626,cod,1,12778.61
ord_28627,upi,1,16941.09
ord_28628,wallet,1,3892.07
ord_28629,credit_card,3,461.15
ord_28630,credit_card,5,1962.17
ord_28631,debit_card,1,11188.73
ord_28632,upi,1,9896.78
ord_28633,upi,1,1674.6
ord_28634,upi,1,11810.01
ord_28635,upi,1,3029.92
ord_28636,wallet,1,8144.59
ord_28637,upi,1,1552.59
ord_28638,wallet,1,2204.23
ord_28639,cod,1,9049.79
ord_28640,cod,1,6302.47
ord_28641,upi,1,1591.32
ord_28642,credit_card,4,7019.25
ord_28643,credit_card,3,461.54
ord_28644,wallet,1,7276.67
ord_28645,upi,1,171.44
ord_28646,cod,1,1658.51
ord_28647,credit_card,2,1286.68
ord_28648,debit_card,1,4245.94
ord_28649,credit_card,1,1727.93
ord_28650,cod,1,1820.62
ord_28651,wallet,1,5452.11
ord_28652,upi,1,1939.37
ord_28653,credit_card,4,540.9
ord_28654,debit_card,1,11061.76
ord_28655,credit_card,1,3211.85
ord_28656,cod,1,9638.48
ord_28657,upi,1,1101.42
ord_28658,cod,1,1051.22
ord_28659,debit_card,1,9838.35
ord_28660,cod,1,2249.61
ord_28661,credit_card,5,2020.29
ord_28662,upi,1,2304.98
ord_28663,upi,1,558.97
ord_28664,debit_card,1,4949.18
ord_28665,cod,1,1383.69
ord_28666,credit_card,3,611.66
ord_28667,cod,1,2405.97
ord_28668,upi,1,1201.76
ord_28669,credit_card,5,1413.62
ord_28670,cod,1,2782.21
ord_28671,wallet,1,683.08
ord_28672,credit_card,6,2373.86
ord_28673,upi,1,3579.52
ord_28674,debit_card,1,7441.4
ord_28675,credit_card,2,9851.17
ord_28676,wallet,1,1213.65
ord_28677,upi,1,1453.95
ord_28678,credit_card,3,1853.43
ord_28679,credit_card,1,1375.18
ord_28680,upi,1,821.58
ord_28681,upi,1,2196.32
ord_28682,cod,1,812.01
ord_28683,debit_card,1,379.36
ord_28684,upi,1,8341.88
ord_28685,upi,1,2582.45
ord_28686,upi,1,868.9
ord_28687,wallet,1,7248.19
ord_28688,upi,1,1270.21
ord_28689,wallet,1,2010.49
ord_28690,upi,1,9341.14
ord_28691,upi,1,3299.1
ord_28692,upi,1,9137.28
ord_28693,cod,1,14258.47
ord_28694,debit_card,1,12582.23
ord_28695,upi,1,8491.27
ord_28696,credit_card,5,5764.0
ord_28697,upi,1,7684.14
ord_28698,credit_card,5,12448.46
ord_28699,cod,1,1137.96
ord_28700,wallet,1,3944.01
ord_28701,credit_card,3,1554.55
ord_28702,upi,1,5813.91
ord_28703,upi,1,761.29
ord_28704,upi,1,4602.36
ord_28705,cod,1,7358.62
ord_28706,cod,1,2766.24
ord_28707,credit_card,2,3893.68
ord_28708,upi,1,8618.89
ord_28709,credit_card,3,1559.34
ord_28710,debit_card,1,22514.01
ord_28711,upi,1,1170.03
ord_28712,credit_card,1,17626.84
ord_28713,wallet,1,1165.84
ord_28714,upi,1,861.96
ord_28715,wallet,1,2634.32
ord_28716,upi,1,14415.45
ord_28717,debit_card,1,5004.17
ord_28718,upi,1,300.7
ord_28719,credit_card,5,2612.13
ord_28720,upi,1,25922.02
ord_28721,wallet,1,3209.5
ord_28722,cod,1,5291.16
ord_28723,cod,1,2129.11
ord_28724,upi,1,2074.76
ord_28725,credit_card,5,8148.19
ord_28726,cod,1,11394.28
ord_28727,credit_card,5,13854.66
ord_28728,credit_card,3,7183.36
ord_28729,upi,1,5477.8
ord_28730,upi,1,8338.61
ord_28731,upi,1,6167.77
ord_28732,credit_card,5,1155.58
ord_28733,upi,1,5507.48
ord_28734,upi,1,1150.36
ord_28735,upi,1,7252.21
ord_28736,wallet,1,2375.84
ord_28737,credit_card,1,1578.96
ord_28738,wallet,1,5701.82
ord_28739,upi,1,5327.63
ord_28740,credit_card,3,8330.99
ord_28741,upi,1,10546.07
ord_28742,debit_card,1,1602.21
ord_28743,credit_card,3,7045.64
ord_28744,upi,1,528.1
ord_28745,upi,1,4785.39
ord_28746,upi,1,1664.03
ord_28747,credit_card,6,3892.34
ord_28748,credit_card,6,2771.88
ord_28749,upi,1,8744.19
ord_28750,credit_card,6,6752.83
ord_28751,wallet,1,1190.38
ord_28752,upi,1,1857.51
ord_28753,credit_card,6,1934.86
ord_28754,upi,1,3486.98
ord_28755,cod,1,7700.72
ord_28756,upi,1,1454.9
ord_28757,upi,1,7938.06
ord_28758,credit_card,3,8924.66
ord_28759,upi,1,455.81
ord_28760,upi,1,6923.08
ord_28761,credit_card,5,2930.4
ord_28762,upi,1,6596.46
ord_28763,credit_card,1,9106.37
ord_28764,credit_card,3,13268.42
ord_28765,upi,1,1782.39
ord_28766,wallet,1,641.8
ord_28767,credit_card,2,1962.87
ord_28768,debit_card,1,707.46
ord_28769,upi,1,3930.31
ord_28770,upi,1,8050.89
ord_28771,upi,1,8002.63
ord_28772,wallet,1,3091.98
ord_28773,credit_card,1,6279.1
ord_28774,cod,1,9242.86
ord_28775,credit_card,2,13546.41
ord_28776,wallet,1,12311.92
ord_28777,credit_card,5,8290.48
ord_28778,wallet,1,1059.95
ord_28779,cod,1,2716.45
ord_28780,credit_card,4,13290.85
ord_28781,debit_card,1,15559.52
ord_28782,upi,1,467.3
ord_28783,upi,1,23920.07
ord_28784,wallet,1,10870.2
ord_28785,wallet,1,1824.99
ord_28786,credit_card,3,7033.57
ord_28787,upi,1,1656.45
ord_28788,upi,1,571.44
ord_28789,upi,1,9978.51
ord_28790,credit_card,5,5770.72
ord_28791,debit_card,1,12546.98
ord_28792,cod,1,15120.67
ord_28793,upi,1,2029.78
ord_28794,upi,1,2052.77
ord_28795,credit_card,5,929.62
ord_28796,upi,1,164.46
ord_28797,upi,1,9854.68
ord_28798,upi,1,9531.11
ord_28799,debit_card,1,3090.9
ord_28800,credit_card,5,1463.78
ord_28801,cod,1,1726.01
ord_28802,upi,1,1438.2
ord_28803,upi,1,749.11
ord_28804,credit_card,1,9914.73
ord_28805,upi,1,5098.51
ord_28806,upi,1,6089.6
ord_28807,debit_card,1,8290.85
ord_28808,credit_card,2,10216.84
ord_28809,wallet,1,773.98
ord_28810,upi,1,5072.12
ord_28811,credit_card,4,3181.94
ord_28812,wallet,1,544.48
ord_28813,upi,1,18141.94
ord_28814,upi,1,1096.03
ord_28815,upi,1,1755.05
ord_28816,upi,1,12812.56
ord_28817,credit_card,5,827.19
ord_28818,credit_card,2,2068.14
ord_28819,upi,1,2764.57
ord_28820,upi,1,1727.48
ord_28821,upi,1,7827.04
ord_28822,credit_card,5,11890.41
ord_28823,credit_card,4,1093.87
ord_28824,upi,1,1692.98
ord_28825,upi,1,6815.73
ord_28826,upi,1,1897.81
ord_28827,upi,1,3347.13
ord_28828,upi,1,1328.77
ord_28829,upi,1,482.14
ord_28830,upi,1,16204.17
ord_28831,upi,1,1321.17
ord_28832,credit_card,1,576.47
ord_28833,wallet,1,686.19
ord_28834,credit_card,4,3395.85
ord_28835,credit_card,2,1268.87
ord_28836,upi,1,9229.76
ord_28837,cod,1,6571.52
ord_28838,upi,1,7863.8
ord_28839,debit_card,1,12147.27
ord_28840,upi,1,10063.1
ord_28841,upi,1,5046.89
ord_28842,credit_card,3,3412.09
ord_28843,upi,1,7142.64
ord_28844,upi,1,3067.74
ord_28845,debit_card,1,2301.56
ord_28846,credit_card,1,8052.61
ord_28847,upi,1,1410.22
ord_28848,credit_card,1,6414.49
ord_28849,upi,1,558.07
ord_28850,credit_card,3,7248.35
ord_28851,credit_card,1,10918.2
ord_28852,cod,1,9500.21
ord_28853,credit_card,3,8317.06
ord_28854,cod,1,1219.13
ord_28855,credit_card,4,3551.73
ord_28856,upi,1,1144.25
ord_28857,debit_card,1,1085.85
ord_28858,upi,1,673.21
ord_28859,credit_card,6,1190.97
ord_28860,credit_card,2,7203.3
ord_28861,upi,1,523.52
ord_28862,cod,1,5329.69
ord_28863,wallet,1,9948.94
ord_28864,debit_card,1,10694.02
ord_28865,upi,1,1470.25
ord_28866,credit_card,6,3589.85
ord_28867,upi,1,9970.39
ord_28868,credit_card,3,7830.39
ord_28869,credit_card,5,1094.61
ord_28870,upi,1,1060.27
ord_28871,cod,1,2509.26
ord_28872,upi,1,1138.84
ord_28873,credit_card,6,4661.66
ord_28874,cod,1,6526.9
ord_28875,debit_card,1,9088.73
ord_28876,credit_card,4,3968.94
ord_28877,wallet,1,1039.22
ord_28878,upi,1,3432.05
ord_28879,upi,1,1636.56
ord_28880,wallet,1,1060.98
ord_28881,credit_card,1,23858.09
ord_28882,credit_card,2,1113.59
ord_28883,wallet,1,7272.25
ord_28884,credit_card,1,5123.34
ord_28885,cod,1,3256.08
ord_28886,upi,1,3199.69
ord_28887,upi,1,14069.26
ord_28888,credit_card,1,7487.12
ord_28889,wallet,1,8383.04
ord_28890,upi,1,2092.2
ord_28891,credit_card,5,3231.95
ord_28892,upi,1,663.51
ord_28893,credit_card,5,1333.28
ord_28894,debit_card,1,4763.09
ord_28895,cod,1,6683.31
ord_28896,credit_card,2,1094.77
ord_28897,debit_card,1,1135.25
ord_28898,upi,1,9075.31
ord_28899,upi,1,6757.08
ord_28900,debit_card,1,6761.72
ord_28901,credit_card,2,7018.54
ord_28902,upi,1,15912.43
ord_28903,debit_card,1,429.78
ord_28904,credit_card,2,14093.19
ord_28905,cod,1,1946.1
ord_28906,credit_card,1,2013.47
ord_28907,credit_card,1,1137.43
ord_28908,wallet,1,998.39
ord_28909,credit_card,3,1984.63
ord_28910,wallet,1,2289.61
ord_28911,credit_card,6,4145.34
ord_28912,upi,1,3188.38
ord_28913,upi,1,1902.59
ord_28914,credit_card,1,7765.6
ord_28915,cod,1,955.0
ord_28916,upi,1,9764.15
ord_28917,cod,1,5696.83
ord_28918,upi,1,1335.72
ord_28919,cod,1,4648.3
ord_28920,credit_card,1,5480.14
ord_28921,cod,1,4386.27
ord_28922,upi,1,1065.98
ord_28923,wallet,1,938.02
ord_28924,debit_card,1,1026.84
ord_28925,upi,1,17438.11
ord_28926,cod,1,1129.35
ord_28927,upi,1,1119.35
ord_28928,upi,1,1155.0
ord_28929,credit_card,1,2571.6
ord_28930,credit_card,5,6977.66
ord_28931,wallet,1,2903.03
ord_28932,debit_card,1,15865.28
ord_28933,upi,1,1884.65
ord_28934,upi,1,12589.04
ord_28935,upi,1,10592.88
ord_28936,debit_card,1,3568.46
ord_28937,credit_card,5,303.77
ord_28938,credit_card,6,875.66
ord_28939,credit_card,3,1700.08
ord_28940,credit_card,6,1749.59
ord_28941,upi,1,6377.69
ord_28942,wallet,1,1859.57
ord_28943,cod,1,8967.83
ord_28944,wallet,1,3503.62
ord_28945,credit_card,4,2227.71
ord_28946,debit_card,1,3079.7
ord_28947,wallet,1,1889.27
ord_28948,wallet,1,809.13
ord_28949,cod,1,1278.76
ord_28950,upi,1,10824.24
ord_28951,debit_card,1,6424.87
ord_28952,credit_card,3,10145.84
ord_28953,wallet,1,4285.12
ord_28954,cod,1,1049.82
ord_28955,upi,1,771.87
ord_28956,credit_card,6,434.59
ord_28957,cod,1,1167.01
ord_28958,upi,1,3177.56
ord_28959,credit_card,4,484.27
ord_28960,debit_card,1,489.67
ord_28961,upi,1,1054.05
ord_28962,wallet,1,6146.83
ord_28963,wallet,1,573.67
ord_28964,credit_card,1,2420.49
ord_28965,credit_card,4,12262.35
ord_28966,upi,1,1300.79
ord_28967,upi,1,6006.06
ord_28968,cod,1,9058.6
ord_28969,upi,1,1472.22
ord_28970,credit_card,6,6614.49
ord_28971,wallet,1,11197.04
ord_28972,upi,1,1618.4
ord_28973,wallet,1,1288.11
ord_28974,upi,1,8773.93
ord_28975,debit_card,1,859.73
ord_28976,cod,1,408.73
ord_28977,upi,1,1470.79
ord_28978,upi,1,3176.42
ord_28979,upi,1,3074.48
ord_28980,credit_card,3,2732.64
ord_28981,upi,1,8948.45
ord_28982,upi,1,14659.02
ord_28983,upi,1,3282.26
ord_28984,debit_card,1,1665.81
ord_28985,upi,1,1071.99
ord_28986,credit_card,3,5732.94
ord_28987,upi,1,372.43
ord_28988,upi,1,2037.36
ord_28989,upi,1,249.69
ord_28990,wallet,1,3333.95
ord_28991,credit_card,6,6474.75
ord_28992,credit_card,6,6631.97
ord_28993,wallet,1,2211.25
ord_28994,upi,1,2269.87
ord_28995,upi,1,301.93
ord_28996,upi,1,4396.82
ord_28997,upi,1,1270.25
ord_28998,credit_card,6,10282.64
ord_28999,credit_card,1,1152.53
ord_29000,upi,1,1313.8
ord_29001,debit_card,1,2943.91
ord_29002,credit_card,5,5354.29
ord_29003,upi,1,13756.8
ord_29004,credit_card,6,912.26
ord_29005,debit_card,1,4469.8
ord_29006,credit_card,2,4376.19
ord_29007,upi,1,2811.91
ord_29008,credit_card,3,383.86
ord_29009,cod,1,2156.51
ord_29010,cod,1,11265.22
ord_29011,credit_card,5,2656.75
ord_29012,upi,1,2552.0
ord_29013,credit_card,3,1410.63
ord_29014,upi,1,6327.27
ord_29015,upi,1,6150.6
ord_29016,upi,1,8442.4
ord_29017,credit_card,2,2468.95
ord_29018,debit_card,1,10971.44
ord_29019,credit_card,5,2675.65
ord_29020,credit_card,4,3634.21
ord_29021,wallet,1,1765.75
ord_29022,credit_card,2,1225.76
ord_29023,debit_card,1,1995.34
ord_29024,credit_card,5,559.83
ord_29025,debit_card,1,1445.56
ord_29026,upi,1,631.37
ord_29027,upi,1,1727.41
ord_29028,wallet,1,1590.68
ord_29029,credit_card,2,1644.63
ord_29030,credit_card,5,5078.91
ord_29031,credit_card,2,27299.55
ord_29032,wallet,1,4419.09
ord_29033,upi,1,1435.7
ord_29034,credit_card,5,1086.21
ord_29035,upi,1,1083.96
ord_29036,cod,1,3745.53
ord_29037,cod,1,987.77
ord_29038,wallet,1,1894.04
ord_29039,upi,1,20472.98
ord_29040,upi,1,2748.41
ord_29041,credit_card,1,10901.27
ord_29042,debit_card,1,9884.43
ord_29043,wallet,1,431.99
ord_29044,credit_card,2,17929.88
ord_29045,upi,1,4376.3
ord_29046,upi,1,748.86
ord_29047,upi,1,15646.28
ord_29048,credit_card,1,2494.07
ord_29049,upi,1,23068.66
ord_29050,credit_card,4,1010.53
ord_29051,credit_card,2,8028.4
ord_29052,debit_card,1,454.41
ord_29053,upi,1,5129.74
ord_29054,credit_card,1,6000.54
ord_29055,upi,1,6875.81
ord_29056,credit_card,6,667.15
ord_29057,debit_card,1,1805.69
ord_29058,upi,1,1433.45
ord_29059,upi,1,8597.9
ord_29060,upi,1,6170.96
ord_29061,upi,1,2733.35
ord_29062,cod,1,4375.69
ord_29063,credit_card,4,23045.59
ord_29064,upi,1,10030.7
ord_29065,cod,1,4750.17
ord_29066,upi,1,1744.82
ord_29067,wallet,1,2050.87
ord_29068,upi,1,5980.73
ord_29069,upi,1,3034.53
ord_29070,cod,1,7479.63
ord_29071,debit_card,1,1173.27
ord_29072,wallet,1,9987.77
ord_29073,upi,1,1469.96
ord_29074,credit_card,2,4253.83
ord_29075,upi,1,7795.2
ord_29076,upi,1,2472.12
ord_29077,credit_card,4,1032.75
ord_29078,upi,1,1280.25
ord_29079,upi,1,6765.93
ord_29080,upi,1,5847.87
ord_29081,upi,1,1698.21
ord_29082,upi,1,3341.74
ord_29083,upi,1,5033.68
ord_29084,upi,1,950.72
ord_29085,credit_card,2,2078.86
ord_29086,upi,1,4016.62
ord_29087,upi,1,5527.06
ord_29088,upi,1,826.11
ord_29089,credit_card,5,883.8
ord_29090,credit_card,1,14572.15
ord_29091,cod,1,1197.17
ord_29092,debit_card,1,1791.63
ord_29093,credit_card,5,8695.83
ord_29094,upi,1,582.96
ord_29095,upi,1,5697.82
ord_29096,upi,1,1346.89
ord_29097,wallet,1,6181.14
ord_29098,credit_card,2,2589.75
ord_29099,credit_card,5,5780.01
ord_29100,upi,1,3828.93
ord_29101,credit_card,3,6935.93
ord_29102,credit_card,1,1420.26
ord_29103,wallet,1,6963.26
ord_29104,wallet,1,6824.76
ord_29105,upi,1,1732.02
ord_29106,wallet,1,8809.0
ord_29107,wallet,1,1832.61
ord_29108,wallet,1,13734.82
ord_29109,cod,1,3668.57
ord_29110,debit_card,1,993.33
ord_29111,cod,1,530.71
ord_29112,credit_card,1,680.6
ord_29113,cod,1,4282.88
ord_29114,wallet,1,7059.48
ord_29115,upi,1,412.63
ord_29116,debit_card,1,18529.95
ord_29117,cod,1,1928.26
ord_29118,upi,1,9602.58
ord_29119,upi,1,3873.84
ord_29120,upi,1,1456.8
ord_29121,upi,1,540.43
ord_29122,cod,1,8168.11
ord_29123,debit_card,1,705.3
ord_29124,credit_card,1,11748.71
ord_29125,credit_card,5,10400.4
ord_29126,upi,1,9306.77
ord_29127,upi,1,16231.06
ord_29128,cod,1,2714.9
ord_29129,cod,1,6671.28
ord_29130,upi,1,20210.74
ord_29131,credit_card,3,3757.6
ord_29132,debit_card,1,593.98
ord_29133,credit_card,6,1141.51
ord_29134,credit_card,2,1182.07
ord_29135,upi,1,10830.39
ord_29136,upi,1,7297.73
ord_29137,wallet,1,5152.49
ord_29138,credit_card,4,738.88
ord_29139,upi,1,1672.91
ord_29140,credit_card,5,1800.45
ord_29141,credit_card,6,6495.53
ord_29142,credit_card,3,9423.6
ord_29143,debit_card,1,8063.02
ord_29144,credit_card,6,6185.44
ord_29145,credit_card,5,17233.0
ord_29146,credit_card,1,1704.1
ord_29147,upi,1,306.0
ord_29148,credit_card,6,15136.11
ord_29149,credit_card,4,500.73
ord_29150,credit_card,4,1149.97
ord_29151,credit_card,4,6773.2
ord_29152,debit_card,1,1059.48
ord_29153,upi,1,660.84
ord_29154,upi,1,2618.2
ord_29155,credit_card,5,10957.05
ord_29156,credit_card,6,1044.12
ord_29157,upi,1,6045.85
ord_29158,debit_card,1,701.49
ord_29159,wallet,1,9165.7
ord_29160,upi,1,6060.8
ord_29161,debit_card,1,701.72
ord_29162,upi,1,2638.36
ord_29163,debit_card,1,1622.15
ord_29164,credit_card,2,2221.94
ord_29165,upi,1,6733.13
ord_29166,debit_card,1,7242.27
ord_29167,wallet,1,744.74
ord_29168,cod,1,10119.43
ord_29169,credit_card,3,304.1
ord_29170,credit_card,4,16803.21
ord_29171,credit_card,1,6121.95
ord_29172,upi,1,8937.13
ord_29173,upi,1,6196.6
ord_29174,upi,1,7650.1
ord_29175,upi,1,1625.19
ord_29176,upi,1,2642.12
ord_29177,cod,1,2578.12
ord_29178,credit_card,1,8329.56
ord_29179,wallet,1,422.0
ord_29180,upi,1,2522.49
ord_29181,upi,1,3155.56
ord_29182,upi,1,9477.43
ord_29183,credit_card,3,5571.43
ord_29184,debit_card,1,3335.84
ord_29185,cod,1,481.99
ord_29186,wallet,1,10560.41
ord_29187,upi,1,1263.03
ord_29188,upi,1,3286.07
ord_29189,credit_card,4,1059.92
ord_29190,upi,1,450.53
ord_29191,upi,1,2262.31
ord_29192,upi,1,586.18
ord_29193,upi,1,1973.95
ord_29194,debit_card,1,340.64
ord_29195,wallet,1,13250.34
ord_29196,upi,1,1019.8
ord_29197,debit_card,1,2545.59
ord_29198,upi,1,6235.26
ord_29199,wallet,1,3172.99
ord_29200,upi,1,1746.53
ord_29201,upi,1,10377.87
ord_29202,upi,1,2147.52
ord_29203,credit_card,2,11387.66
ord_29204,upi,1,7469.87
ord_29205,upi,1,1077.99
ord_29206,debit_card,1,16472.32
ord_29207,debit_card,1,7391.77
ord_29208,wallet,1,1112.21
ord_29209,credit_card,4,11275.66
ord_29210,credit_card,6,1628.23
ord_29211,upi,1,9382.74
ord_29212,upi,1,14538.62
ord_29213,upi,1,1556.05
ord_29214,upi,1,7532.46
ord_29215,debit_card,1,845.48
ord_29216,wallet,1,6345.06
ord_29217,credit_card,1,1506.41
ord_29218,debit_card,1,8317.81
ord_29219,cod,1,1036.42
ord_29220,credit_card,2,1468.25
ord_29221,credit_card,4,4552.53
ord_29222,credit_card,6,1822.7
ord_29223,credit_card,5,9531.07
ord_29224,credit_card,4,4759.87
ord_29225,credit_card,3,1768.31
ord_29226,credit_card,4,3214.76
ord_29227,debit_card,1,11555.28
ord_29228,credit_card,4,2616.44
ord_29229,cod,1,1707.06
ord_29230,wallet,1,2330.07
ord_29231,cod,1,2128.97
ord_29232,upi,1,1137.53
ord_29233,debit_card,1,13351.58
ord_29234,debit_card,1,2942.72
ord_29235,upi,1,12928.55
ord_29236,credit_card,2,4310.62
ord_29237,credit_card,4,2941.78
ord_29238,credit_card,1,5456.02
ord_29239,credit_card,4,1597.09
ord_29240,upi,1,1423.45
ord_29241,wallet,1,1243.97
ord_29242,wallet,1,4081.07
ord_29243,upi,1,1802.3
ord_29244,debit_card,1,11491.52
ord_29245,upi,1,2254.38
ord_29246,upi,1,503.31
ord_29247,upi,1,2428.49
ord_29248,debit_card,1,1670.48
ord_29249,upi,1,17904.3
ord_29250,upi,1,4540.06
ord_29251,debit_card,1,1381.75
ord_29252,cod,1,1302.1
ord_29253,debit_card,1,14942.35
ord_29254,cod,1,2596.16
ord_29255,debit_card,1,2336.65
ord_29256,upi,1,9519.94
ord_29257,upi,1,168.55
ord_29258,debit_card,1,12710.62
ord_29259,credit_card,4,601.82
ord_29260,upi,1,2195.07
ord_29261,upi,1,13039.13
ord_29262,wallet,1,2606.01
ord_29263,credit_card,3,1966.69
ord_29264,cod,1,6993.85
ord_29265,wallet,1,16934.19
ord_29266,upi,1,1445.06
ord_29267,upi,1,576.19
ord_29268,upi,1,2660.66
ord_29269,cod,1,7893.17
ord_29270,upi,1,2254.21
ord_29271,upi,1,2315.85
ord_29272,cod,1,11386.56
ord_29273,cod,1,4265.4
ord_29274,cod,1,1243.52
ord_29275,cod,1,392.87
ord_29276,credit_card,6,6423.8
ord_29277,credit_card,6,5295.06
ord_29278,credit_card,4,6388.15
ord_29279,credit_card,1,3082.68
ord_29280,upi,1,1309.96
ord_29281,cod,1,1857.92
ord_29282,debit_card,1,7825.1
ord_29283,credit_card,5,7455.46
ord_29284,credit_card,1,837.62
ord_29285,credit_card,5,1090.45
ord_29286,upi,1,3977.8
ord_29287,wallet,1,772.33
ord_29288,upi,1,10558.74
ord_29289,upi,1,1987.07
ord_29290,upi,1,2179.47
ord_29291,upi,1,830.1
ord_29292,upi,1,4103.31
ord_29293,upi,1,1712.94
ord_29294,wallet,1,1584.05
ord_29295,wallet,1,1186.23
ord_29296,upi,1,1828.24
ord_29297,credit_card,3,3281.24
ord_29298,upi,1,1686.6
ord_29299,debit_card,1,312.8
ord_29300,debit_card,1,2261.87
ord_29301,credit_card,2,11965.51
ord_29302,credit_card,4,6656.39
ord_29303,credit_card,6,352.49
ord_29304,upi,1,5564.34
ord_29305,upi,1,7199.6
ord_29306,upi,1,2769.88
ord_29307,credit_card,4,9837.47
ord_29308,credit_card,2,2731.45
ord_29309,upi,1,1376.3
ord_29310,upi,1,5367.68
ord_29311,upi,1,202.3
ord_29312,cod,1,1415.92
ord_29313,credit_card,6,689.04
ord_29314,credit_card,3,1539.56
ord_29315,credit_card,1,6350.47
ord_29316,cod,1,1780.77
ord_29317,credit_card,4,2307.37
ord_29318,upi,1,7631.81
ord_29319,debit_card,1,2025.47
ord_29320,credit_card,5,8431.48
ord_29321,wallet,1,12529.81
ord_29322,upi,1,14920.93
ord_29323,credit_card,6,3390.76
ord_29324,debit_card,1,2793.35
ord_29325,credit_card,2,2195.93
ord_29326,upi,1,5731.34
ord_29327,credit_card,1,19304.18
ord_29328,credit_card,2,11036.93
ord_29329,cod,1,7663.81
ord_29330,debit_card,1,13334.72
ord_29331,debit_card,1,3273.32
ord_29332,wallet,1,633.7
ord_29333,credit_card,5,3489.86
ord_29334,upi,1,6664.92
ord_29335,upi,1,2442.15
ord_29336,debit_card,1,447.81
ord_29337,upi,1,1222.92
ord_29338,upi,1,2867.97
ord_29339,upi,1,901.76
ord_29340,debit_card,1,4655.34
ord_29341,upi,1,515.14
ord_29342,upi,1,6258.73
ord_29343,credit_card,4,964.52
ord_29344,debit_card,1,6946.63
ord_29345,debit_card,1,1951.41
ord_29346,credit_card,1,1006.83
ord_29347,credit_card,1,3539.36
ord_29348,debit_card,1,1857.26
ord_29349,wallet,1,7658.57
ord_29350,cod,1,1107.76
ord_29351,wallet,1,2817.15
ord_29352,credit_card,3,462.8
ord_29353,wallet,1,910.58
ord_29354,upi,1,13496.39
ord_29355,wallet,1,1152.38
ord_29356,cod,1,4261.19
ord_29357,credit_card,5,6691.45
ord_29358,upi,1,1112.62
ord_29359,upi,1,4750.6
ord_29360,credit_card,5,2444.75
ord_29361,credit_card,6,2659.35
ord_29362,upi,1,11275.69
ord_29363,upi,1,7489.83
ord_29364,debit_card,1,461.56
ord_29365,credit_card,5,1908.56
ord_29366,upi,1,2901.47
ord_29367,credit_card,2,1143.22
ord_29368,credit_card,2,434.7
ord_29369,credit_card,3,1500.32
ord_29370,wallet,1,880.68
ord_29371,upi,1,680.19
ord_29372,upi,1,1161.61
ord_29373,upi,1,2023.46
ord_29374,cod,1,1679.27
ord_29375,upi,1,6204.49
ord_29376,debit_card,1,718.19
ord_29377,debit_card,1,9847.59
ord_29378,credit_card,3,6976.11
ord_29379,upi,1,11253.44
ord_29380,cod,1,1229.47
ord_29381,upi,1,7028.5
ord_29382,upi,1,16081.63
ord_29383,upi,1,2316.2
ord_29384,upi,1,391.73
ord_29385,cod,1,7896.6
ord_29386,upi,1,12824.14
ord_29387,cod,1,1509.64
ord_29388,cod,1,991.56
ord_29389,upi,1,3741.54
ord_29390,upi,1,8592.95
ord_29391,wallet,1,3488.89
ord_29392,credit_card,4,14630.89
ord_29393,upi,1,9909.02
ord_29394,debit_card,1,756.18
ord_29395,upi,1,3816.18
ord_29396,cod,1,507.07
ord_29397,upi,1,613.08
ord_29398,wallet,1,14759.61
ord_29399,credit_card,4,752.73
ord_29400,upi,1,11365.77
ord_29401,upi,1,5678.57
ord_29402,upi,1,590.7
ord_29403,wallet,1,2251.04
ord_29404,upi,1,2200.18
ord_29405,credit_card,3,20964.2
ord_29406,debit_card,1,7693.4
ord_29407,upi,1,1132.99
ord_29408,credit_card,2,16180.49
ord_29409,credit_card,4,2163.84
ord_29410,credit_card,1,6736.11
ord_29411,upi,1,809.09
ord_29412,upi,1,1911.49
ord_29413,debit_card,1,1568.9
ord_29414,wallet,1,5813.51
ord_29415,upi,1,13899.13
ord_29416,credit_card,1,3468.91
ord_29417,credit_card,1,10548.62
ord_29418,credit_card,3,9522.33
ord_29419,upi,1,1011.12
ord_29420,credit_card,4,1143.18
ord_29421,credit_card,2,12173.19
ord_29422,upi,1,487.72
ord_29423,wallet,1,2321.72
ord_29424,upi,1,9772.11
ord_29425,upi,1,5980.74
ord_29426,credit_card,5,6710.54
ord_29427,upi,1,1752.57
ord_29428,credit_card,4,9916.14
ord_29429,debit_card,1,20682.78
ord_29430,debit_card,1,8884.04
ord_29431,credit_card,5,1117.34
ord_29432,upi,1,483.9
ord_29433,wallet,1,2057.45
ord_29434,cod,1,8821.91
ord_29435,credit_card,3,1623.7
ord_29436,cod,1,11935.18
ord_29437,upi,1,10301.44
ord_29438,upi,1,699.32
ord_29439,upi,1,3685.65
ord_29440,credit_card,5,498.84
ord_29441,debit_card,1,5799.03
ord_29442,upi,1,9184.33
ord_29443,wallet,1,2061.32
ord_29444,credit_card,3,7874.38
ord_29445,upi,1,8060.84
ord_29446,upi,1,4982.58
ord_29447,credit_card,6,6847.03
ord_29448,credit_card,2,1284.6
ord_29449,upi,1,9969.14
ord_29450,wallet,1,5618.83
ord_29451,credit_card,2,2399.13
ord_29452,upi,1,9183.53
ord_29453,upi,1,1337.53
ord_29454,credit_card,5,1294.69
ord_29455,credit_card,5,9385.15
ord_29456,credit_card,1,730.77
ord_29457,wallet,1,1893.41
ord_29458,upi,1,2182.71
ord_29459,credit_card,5,1213.92
ord_29460,upi,1,8985.36
ord_29461,credit_card,5,2611.51
ord_29462,credit_card,1,3305.14
ord_29463,credit_card,2,3421.54
ord_29464,credit_card,1,2538.66
ord_29465,upi,1,4853.55
ord_29466,debit_card,1,635.04
ord_29467,upi,1,403.71
ord_29468,upi,1,6611.82
ord_29469,debit_card,1,3901.47
ord_29470,upi,1,5957.3
ord_29471,upi,1,12799.86
ord_29472,cod,1,1712.42
ord_29473,credit_card,1,7866.96
ord_29474,credit_card,6,1705.74
ord_29475,wallet,1,1056.21
ord_29476,credit_card,6,867.77
ord_29477,credit_card,5,11262.81
ord_29478,credit_card,5,8528.91
ord_29479,upi,1,1249.89
ord_29480,credit_card,1,1311.76
ord_29481,upi,1,12287.54
ord_29482,credit_card,2,12867.04
ord_29483,wallet,1,14862.57
ord_29484,wallet,1,571.16
ord_29485,wallet,1,1355.43
ord_29486,upi,1,2578.64
ord_29487,upi,1,1323.04
ord_29488,credit_card,3,10291.22
ord_29489,upi,1,8217.54
ord_29490,upi,1,12217.9
ord_29491,debit_card,1,5982.67
ord_29492,cod,1,17650.84
ord_29493,upi,1,566.69
ord_29494,credit_card,4,11282.68
ord_29495,cod,1,3797.42
ord_29496,upi,1,2737.77
ord_29497,cod,1,2131.43
ord_29498,credit_card,2,1679.71
ord_29499,debit_card,1,3009.19
ord_29500,credit_card,6,3908.01
ord_29501,upi,1,1046.54
ord_29502,credit_card,6,4295.65
ord_29503,upi,1,575.34
ord_29504,upi,1,1034.55
ord_29505,upi,1,3144.62
ord_29506,cod,1,8441.11
ord_29507,wallet,1,911.4
ord_29508,upi,1,6314.41
ord_29509,cod,1,1162.23
ord_29510,credit_card,1,8284.43
ord_29511,cod,1,5200.33
ord_29512,wallet,1,9946.36
ord_29513,upi,1,6102.75
ord_29514,upi,1,1286.42
ord_29515,upi,1,7844.0
ord_29516,upi,1,7214.61
ord_29517,upi,1,6620.2
ord_29518,upi,1,9371.65
ord_29519,cod,1,348.4
ord_29520,credit_card,5,365.83
ord_29521,cod,1,11166.06
ord_29522,upi,1,16309.61
ord_29523,credit_card,2,1905.6
ord_29524,debit_card,1,7140.48
ord_29525,credit_card,5,8882.67
ord_29526,upi,1,12076.2
ord_29527,upi,1,2559.5
ord_29528,upi,1,2259.91
ord_29529,upi,1,2239.91
ord_29530,credit_card,6,1593.78
ord_29531,credit_card,5,12104.32
ord_29532,upi,1,483.92
ord_29533,cod,1,8727.53
ord_29534,credit_card,1,234.1
ord_29535,debit_card,1,10037.78
ord_29536,cod,1,998.73
ord_29537,cod,1,428.07
ord_29538,upi,1,2703.69
ord_29539,upi,1,1235.06
ord_29540,upi,1,457.36
ord_29541,credit_card,5,3075.22
ord_29542,upi,1,12832.9
ord_29543,wallet,1,1248.5
ord_29544,cod,1,1665.63
ord_29545,upi,1,2885.3
ord_29546,credit_card,1,10068.36
ord_29547,wallet,1,11205.6
ord_29548,credit_card,4,978.57
ord_29549,upi,1,7619.12
ord_29550,wallet,1,1959.26
ord_29551,credit_card,1,2477.28
ord_29552,upi,1,8581.07
ord_29553,upi,1,1743.32
ord_29554,upi,1,11793.78
ord_29555,credit_card,3,692.82
ord_29556,cod,1,6820.92
ord_29557,wallet,1,9188.45
ord_29558,upi,1,4928.58
ord_29559,cod,1,6264.71
ord_29560,upi,1,7638.79
ord_29561,cod,1,2541.93
ord_29562,upi,1,490.7
ord_29563,cod,1,1598.88
ord_29564,upi,1,1741.98
ord_29565,credit_card,3,8866.68
ord_29566,upi,1,1365.51
ord_29567,credit_card,5,1515.68
ord_29568,credit_card,6,9033.77
ord_29569,upi,1,860.43
ord_29570,credit_card,1,3583.58
ord_29571,upi,1,9911.9
ord_29572,upi,1,4081.22
ord_29573,wallet,1,7463.26
ord_29574,cod,1,2643.67
ord_29575,upi,1,14232.3
ord_29576,credit_card,1,1156.49
ord_29577,credit_card,5,2831.07
ord_29578,cod,1,1013.88
ord_29579,cod,1,5940.5
ord_29580,credit_card,5,1724.7
ord_29581,cod,1,428.83
ord_29582,upi,1,2332.77
ord_29583,upi,1,979.45
ord_29584,upi,1,6802.18
ord_29585,wallet,1,2586.14
ord_29586,credit_card,1,3027.89
ord_29587,upi,1,527.82
ord_29588,cod,1,2106.38
ord_29589,upi,1,2709.42
ord_29590,upi,1,4009.14
ord_29591,upi,1,2047.5
ord_29592,upi,1,2254.4
ord_29593,credit_card,4,1997.41
ord_29594,upi,1,624.95
ord_29595,wallet,1,869.43
ord_29596,upi,1,1979.52
ord_29597,upi,1,2107.69
ord_29598,cod,1,516.45
ord_29599,wallet,1,1543.14
ord_29600,cod,1,2639.22
ord_29601,upi,1,7660.68
ord_29602,upi,1,1706.68
ord_29603,credit_card,5,2991.77
ord_29604,cod,1,8442.82
ord_29605,wallet,1,634.8
ord_29606,credit_card,5,4308.44
ord_29607,upi,1,10861.91
ord_29608,cod,1,5871.39
ord_29609,cod,1,8379.58
ord_29610,upi,1,5760.46
ord_29611,upi,1,4522.05
ord_29612,upi,1,580.82
ord_29613,upi,1,1145.86
ord_29614,debit_card,1,8243.28
ord_29615,debit_card,1,10652.73
ord_29616,upi,1,442.73
ord_29617,debit_card,1,858.92
ord_29618,upi,1,10667.36
ord_29619,upi,1,10552.91
ord_29620,debit_card,1,4964.27
ord_29621,credit_card,5,3552.73
ord_29622,debit_card,1,9601.76
ord_29623,upi,1,713.89
ord_29624,credit_card,5,1136.3
ord_29625,debit_card,1,1670.49
ord_29626,cod,1,18362.61
ord_29627,wallet,1,700.96
ord_29628,debit_card,1,5713.8
ord_29629,upi,1,1518.42
ord_29630,upi,1,3833.16
ord_29631,credit_card,4,4070.78
ord_29632,cod,1,2184.49
ord_29633,debit_card,1,439.39
ord_29634,cod,1,9070.07
ord_29635,upi,1,6126.59
ord_29636,credit_card,6,1190.89
ord_29637,upi,1,7062.79
ord_29638,upi,1,14595.51
ord_29639,credit_card,6,2557.47
ord_29640,credit_card,3,1239.35
ord_29641,credit_card,1,984.96
ord_29642,upi,1,10869.62
ord_29643,debit_card,1,175.08
ord_29644,credit_card,2,1475.35
ord_29645,credit_card,1,12866.42
ord_29646,upi,1,999.8
ord_29647,debit_card,1,9099.61
ord_29648,upi,1,7450.41
ord_29649,credit_card,5,863.4
ord_29650,upi,1,20189.99
ord_29651,upi,1,527.93
ord_29652,upi,1,675.03
ord_29653,wallet,1,2349.79
ord_29654,upi,1,6106.29
ord_29655,credit_card,1,1061.28
ord_29656,debit_card,1,3632.15
ord_29657,debit_card,1,2159.62
ord_29658,upi,1,1899.64
ord_29659,cod,1,12586.73
ord_29660,upi,1,6960.98
ord_29661,upi,1,10473.24
ord_29662,credit_card,1,327.04
ord_29663,credit_card,1,1362.2
ord_29664,upi,1,1305.98
ord_29665,upi,1,1581.8
ord_29666,credit_card,2,10652.42
ord_29667,upi,1,2443.11
ord_29668,upi,1,1101.68
ord_29669,credit_card,6,1046.82
ord_29670,upi,1,8730.28
ord_29671,upi,1,2258.21
ord_29672,credit_card,2,580.85
ord_29673,upi,1,1987.43
ord_29674,upi,1,1498.42
ord_29675,credit_card,3,3329.09
ord_29676,credit_card,4,2306.48
ord_29677,credit_card,6,5369.53
ord_29678,debit_card,1,852.47
ord_29679,upi,1,16717.0
ord_29680,wallet,1,5375.53
ord_29681,upi,1,7899.98
ord_29682,cod,1,12945.47
ord_29683,upi,1,1245.12
ord_29684,credit_card,5,4921.94
ord_29685,wallet,1,1317.8
ord_29686,upi,1,201.92
ord_29687,upi,1,1779.24
ord_29688,cod,1,15388.92
ord_29689,credit_card,5,3111.95
ord_29690,upi,1,7435.94
ord_29691,upi,1,7439.8
ord_29692,upi,1,10443.04
ord_29693,cod,1,6366.1
ord_29694,wallet,1,614.81
ord_29695,credit_card,5,6984.88
ord_29696,debit_card,1,2211.53
ord_29697,debit_card,1,11540.27
ord_29698,wallet,1,729.1
ord_29699,upi,1,894.34
ord_29700,upi,1,1487.92
ord_29701,cod,1,381.73
ord_29702,upi,1,5301.42
ord_29703,upi,1,1238.97
ord_29704,upi,1,5653.17
ord_29705,wallet,1,1197.78
ord_29706,credit_card,4,14578.92
ord_29707,wallet,1,13201.73
ord_29708,credit_card,4,4432.95
ord_29709,credit_card,5,429.0
ord_29710,upi,1,14007.6
ord_29711,upi,1,6810.37
ord_29712,upi,1,1324.97
ord_29713,credit_card,6,900.26
ord_29714,upi,1,515.39
ord_29715,upi,1,457.14
ord_29716,credit_card,5,1758.49
ord_29717,upi,1,2299.16
ord_29718,wallet,1,1798.76
ord_29719,upi,1,1316.47
ord_29720,debit_card,1,975.17
ord_29721,upi,1,3314.57
ord_29722,credit_card,2,2316.79
ord_29723,upi,1,17975.85
ord_29724,credit_card,1,5152.56
ord_29725,debit_card,1,3028.9
ord_29726,upi,1,843.48
ord_29727,debit_card,1,2961.61
ord_29728,upi,1,1581.41
ord_29729,upi,1,2066.31
ord_29730,upi,1,3404.44
ord_29731,upi,1,884.3
ord_29732,upi,1,961.56
ord_29733,wallet,1,2676.07
ord_29734,credit_card,3,7458.76
ord_29735,cod,1,4863.14
ord_29736,wallet,1,7439.17
ord_29737,wallet,1,817.52
ord_29738,debit_card,1,9766.55
ord_29739,cod,1,3296.91
ord_29740,wallet,1,7510.63
ord_29741,credit_card,4,12568.81
ord_29742,credit_card,3,2174.1
ord_29743,wallet,1,2778.01
ord_29744,credit_card,6,1151.53
ord_29745,upi,1,1609.72
ord_29746,cod,1,5813.28
ord_29747,debit_card,1,848.38
ord_29748,debit_card,1,4612.93
ord_29749,wallet,1,1587.01
ord_29750,upi,1,8386.3
ord_29751,upi,1,1393.11
ord_29752,debit_card,1,2938.24
ord_29753,credit_card,4,2037.36
ord_29754,wallet,1,1357.86
ord_29755,cod,1,14225.07
ord_29756,credit_card,2,2816.79
ord_29757,credit_card,1,7338.41
ord_29758,wallet,1,15249.81
ord_29759,credit_card,3,19471.49
ord_29760,upi,1,18136.14
ord_29761,credit_card,5,9570.65
ord_29762,credit_card,5,2491.83
ord_29763,upi,1,1654.62
ord_29764,upi,1,4597.55
ord_29765,upi,1,1239.91
ord_29766,upi,1,9161.3
ord_29767,upi,1,7164.04
ord_29768,upi,1,876.03
ord_29769,credit_card,3,2760.82
ord_29770,upi,1,7500.46
ord_29771,cod,1,562.99
ord_29772,cod,1,614.36
ord_29773,upi,1,1084.8
ord_29774,upi,1,9368.58
ord_29775,credit_card,5,930.94
ord_29776,credit_card,6,974.05
ord_29777,credit_card,2,1116.21
ord_29778,wallet,1,2434.19
ord_29779,credit_card,6,2259.0
ord_29780,upi,1,1138.84
ord_29781,credit_card,5,4461.96
ord_29782,credit_card,4,9503.64
ord_29783,upi,1,3051.25
ord_29784,credit_card,4,749.36
ord_29785,credit_card,1,681.97
ord_29786,upi,1,986.75
ord_29787,cod,1,1058.81
ord_29788,wallet,1,4351.05
ord_29789,credit_card,3,227.95
ord_29790,upi,1,1105.47
ord_29791,upi,1,847.05
ord_29792,upi,1,1077.85
ord_29793,debit_card,1,878.14
ord_29794,credit_card,3,1291.14
ord_29795,credit_card,4,6683.91
ord_29796,credit_card,1,2214.37
ord_29797,credit_card,1,2321.18
ord_29798,debit_card,1,8620.91
ord_29799,upi,1,6457.12
ord_29800,credit_card,3,10786.49
ord_29801,upi,1,3466.09
ord_29802,upi,1,1891.22
ord_29803,cod,1,7240.82
ord_29804,debit_card,1,949.65
ord_29805,upi,1,2437.64
ord_29806,upi,1,2836.78
ord_29807,upi,1,739.15
ord_29808,debit_card,1,10551.0
ord_29809,debit_card,1,2031.93
ord_29810,debit_card,1,7721.0
ord_29811,cod,1,169.22
ord_29812,upi,1,2527.94
ord_29813,upi,1,8066.05
ord_29814,credit_card,6,5595.97
ord_29815,upi,1,7787.17
ord_29816,credit_card,5,11942.69
ord_29817,credit_card,4,1009.24
ord_29818,cod,1,11049.68
ord_29819,wallet,1,634.5
ord_29820,credit_card,3,899.65
ord_29821,wallet,1,2066.68
ord_29822,upi,1,632.83
ord_29823,wallet,1,1120.44
ord_29824,upi,1,7176.53
ord_29825,upi,1,1061.89
ord_29826,upi,1,282.99
ord_29827,upi,1,583.98
ord_29828,wallet,1,2016.02
ord_29829,credit_card,3,4419.42
ord_29830,credit_card,3,10350.97
ord_29831,wallet,1,859.53
ord_29832,wallet,1,8638.25
ord_29833,upi,1,2846.09
ord_29834,upi,1,8279.69
ord_29835,wallet,1,488.17
ord_29836,credit_card,5,1804.78
ord_29837,credit_card,5,1841.18
ord_29838,upi,1,11062.09
ord_29839,upi,1,723.18
ord_29840,upi,1,2372.62
ord_29841,debit_card,1,2904.47
ord_29842,upi,1,1133.31
ord_29843,upi,1,3245.3
ord_29844,upi,1,3329.34
ord_29845,credit_card,3,1640.14
ord_29846,upi,1,230.1
ord_29847,upi,1,4281.15
ord_29848,upi,1,4856.59
ord_29849,upi,1,11431.47
ord_29850,upi,1,15351.53
ord_29851,upi,1,1578.36
ord_29852,upi,1,6326.84
ord_29853,wallet,1,9027.84
ord_29854,debit_card,1,2726.42
ord_29855,debit_card,1,7611.55
ord_29856,wallet,1,1136.55
ord_29857,upi,1,17500.6
ord_29858,credit_card,4,7942.4
ord_29859,credit_card,5,428.0
ord_29860,credit_card,5,1741.67
ord_29861,credit_card,4,24402.26
ord_29862,credit_card,6,902.63
ord_29863,cod,1,1182.7
ord_29864,credit_card,5,1769.38
ord_29865,upi,1,632.93
ord_29866,credit_card,5,2427.29
ord_29867,cod,1,2438.66
ord_29868,upi,1,1398.34
ord_29869,credit_card,4,1626.05
ord_29870,upi,1,1260.77
ord_29871,debit_card,1,2026.9
ord_29872,upi,1,785.33
ord_29873,wallet,1,8807.25
ord_29874,upi,1,9507.09
ord_29875,wallet,1,6420.55
ord_29876,credit_card,4,2911.02
ord_29877,credit_card,6,1954.57
ord_29878,cod,1,1732.59
ord_29879,wallet,1,9543.1
ord_29880,upi,1,15662.03
ord_29881,credit_card,6,540.9
ord_29882,wallet,1,1010.38
ord_29883,credit_card,5,5947.3
ord_29884,upi,1,781.52
ord_29885,credit_card,2,2484.26
ord_29886,upi,1,6400.7
ord_29887,upi,1,4990.05
ord_29888,debit_card,1,3816.11
ord_29889,upi,1,507.91
ord_29890,upi,1,1447.25
ord_29891,upi,1,1095.05
ord_29892,upi,1,1472.33
ord_29893,wallet,1,12148.58
ord_29894,credit_card,6,772.52
ord_29895,upi,1,10566.44
ord_29896,upi,1,1042.61
ord_29897,wallet,1,2675.78
ord_29898,cod,1,8415.19
ord_29899,credit_card,6,1535.9
ord_29900,cod,1,2785.89
ord_29901,cod,1,463.67
ord_29902,credit_card,4,4182.91
ord_29903,cod,1,536.13
ord_29904,upi,1,1193.09
ord_29905,upi,1,7320.44
ord_29906,upi,1,1132.74
ord_29907,upi,1,3126.77
ord_29908,credit_card,3,2736.74
ord_29909,wallet,1,9643.17
ord_29910,credit_card,4,4696.45
ord_29911,credit_card,3,3132.19
ord_29912,credit_card,4,2041.8
ord_29913,upi,1,3320.18
ord_29914,credit_card,3,7225.81
ord_29915,debit_card,1,560.99
ord_29916,cod,1,7415.62
ord_29917,upi,1,2270.16
ord_29918,upi,1,16224.31
ord_29919,cod,1,6682.28
ord_29920,upi,1,2904.27
ord_29921,upi,1,3638.11
ord_29922,credit_card,4,1255.95
ord_29923,cod,1,376.63
ord_29924,upi,1,3797.16
ord_29925,upi,1,488.78
ord_29926,wallet,1,4103.2
ord_29927,upi,1,476.23
ord_29928,credit_card,3,1757.45
ord_29929,upi,1,4660.62
ord_29930,wallet,1,410.63
ord_29931,wallet,1,14707.3
ord_29932,upi,1,9518.03
ord_29933,debit_card,1,365.26
ord_29934,cod,1,1352.71
ord_29935,debit_card,1,8983.04
ord_29936,upi,1,4808.07
ord_29937,upi,1,7732.26
ord_29938,credit_card,3,1780.73
ord_29939,wallet,1,3244.63
ord_29940,upi,1,1238.98
ord_29941,upi,1,7785.44
ord_29942,upi,1,2057.95
ord_29943,debit_card,1,6168.55
ord_29944,upi,1,2057.44
ord_29945,credit_card,2,268.65
ord_29946,debit_card,1,1117.44
ord_29947,debit_card,1,6186.57
ord_29948,debit_card,1,4109.84
ord_29949,debit_card,1,906.68
ord_29950,credit_card,3,701.51
ord_29951,upi,1,4060.77
ord_29952,credit_card,2,1111.08
ord_29953,credit_card,5,26938.56
ord_29954,debit_card,1,299.72
ord_29955,upi,1,3702.54
ord_29956,debit_card,1,6985.25
ord_29957,wallet,1,2017.58
ord_29958,debit_card,1,3626.98
ord_29959,upi,1,415.67
ord_29960,upi,1,1356.1
ord_29961,cod,1,1670.87
ord_29962,debit_card,1,797.7
ord_29963,upi,1,10593.89
ord_29964,upi,1,1722.06
ord_29965,credit_card,1,10629.47
ord_29966,credit_card,1,716.7
ord_29967,debit_card,1,1216.3
ord_29968,credit_card,5,4996.58
ord_29969,upi,1,384.84
ord_29970,upi,1,14729.82
ord_29971,upi,1,6901.46
ord_29972,credit_card,5,583.34
ord_29973,cod,1,13947.42
ord_29974,wallet,1,2836.28
ord_29975,wallet,1,6190.02
ord_29976,upi,1,873.98
ord_29977,upi,1,6935.41
ord_29978,cod,1,933.22
ord_29979,cod,1,679.98
ord_29980,credit_card,2,5621.38
ord_29981,upi,1,2765.96
ord_29982,upi,1,1623.67
ord_29983,debit_card,1,9449.75
ord_29984,upi,1,7599.2
ord_29985,credit_card,5,5276.5
ord_29986,cod,1,850.21
ord_29987,credit_card,6,12324.67
ord_29988,upi,1,7741.66
ord_29989,cod,1,9302.11
ord_29990,upi,1,5987.78
ord_29991,credit_card,5,3032.98
ord_29992,credit_card,6,7469.45
ord_29993,upi,1,8256.23
ord_29994,credit_card,1,2385.02
ord_29995,wallet,1,6321.99
ord_29996,upi,1,18882.59
ord_29997,upi,1,5837.06
ord_29998,cod,1,14727.87
ord_29999,debit_card,1,7607.86
